
[2026-06-09 14:10:59] [CRASH]
Traceback (most recent call last):
  File "D:\1-2\MAAOrch\ui\smart_panel.py", line 305, in <lambda>
    detail_btn.clicked.connect(lambda _, r=orig_idx: _open_detail(mw, r))
                                                     ^^^^^^^^^^^^^^^^^^^
  File "D:\1-2\MAAOrch\ui\smart_panel.py", line 319, in _open_detail
    open_account_detail(mw, row)
  File "D:\1-2\MAAOrch\ui\account_detail.py", line 73, in open_account_detail
    preset_label = QLabel(f"连接预设: {ac.get('connection_preset', EMU_PRESETS.get(ac.get('connection_preset', ''), {}).get('name', '通用'))} (自动)")
                                                                   ^^^^^^^^^^^^^^^
AttributeError: 'list' object has no attribute 'get'


[2026-06-09 14:23:51] [CRASH]
Traceback (most recent call last):
  File "D:\1-2\MAAOrch\main.pyw", line 44, in <module>
    from app.main_window import MainWindow
  File "D:\1-2\MAAOrch\app\main_window.py", line 13, in <module>
    from app.themes import DARK_STYLE, LIGHT_STYLE, NOTEPAPER_STYLE, BTN_DELETE
  File "D:\1-2\MAAOrch\app\themes.py", line 79, in <module>
    QPushButton#startBtn{{background:{A};color:#fff;border-color:{A};font-weight:bold;min-height:28px;font-size:9pt}}
                                      ^
NameError: name 'A' is not defined


[2026-06-09 14:23:54] [CRASH]
Traceback (most recent call last):
  File "D:\1-2\MAAOrch\main.pyw", line 44, in <module>
    from app.main_window import MainWindow
  File "D:\1-2\MAAOrch\app\main_window.py", line 13, in <module>
    from app.themes import DARK_STYLE, LIGHT_STYLE, NOTEPAPER_STYLE, BTN_DELETE
  File "D:\1-2\MAAOrch\app\themes.py", line 79, in <module>
    QPushButton#startBtn{{background:{A};color:#fff;border-color:{A};font-weight:bold;min-height:28px;font-size:9pt}}
                                      ^
NameError: name 'A' is not defined


[2026-06-09 14:23:58] [CRASH]
Traceback (most recent call last):
  File "D:\1-2\MAAOrch\main.pyw", line 44, in <module>
    from app.main_window import MainWindow
  File "D:\1-2\MAAOrch\app\main_window.py", line 13, in <module>
    from app.themes import DARK_STYLE, LIGHT_STYLE, NOTEPAPER_STYLE, BTN_DELETE
  File "D:\1-2\MAAOrch\app\themes.py", line 79, in <module>
    QPushButton#startBtn{{background:{A};color:#fff;border-color:{A};font-weight:bold;min-height:28px;font-size:9pt}}
                                      ^
NameError: name 'A' is not defined


[2026-06-09 14:24:01] [CRASH]
Traceback (most recent call last):
  File "D:\1-2\MAAOrch\main.pyw", line 44, in <module>
    from app.main_window import MainWindow
  File "D:\1-2\MAAOrch\app\main_window.py", line 13, in <module>
    from app.themes import DARK_STYLE, LIGHT_STYLE, NOTEPAPER_STYLE, BTN_DELETE
  File "D:\1-2\MAAOrch\app\themes.py", line 79, in <module>
    QPushButton#startBtn{{background:{A};color:#fff;border-color:{A};font-weight:bold;min-height:28px;font-size:9pt}}
                                      ^
NameError: name 'A' is not defined


[2026-06-09 14:27:21] [CRASH]
Traceback (most recent call last):
  File "D:\1-2\MAAOrch\main.pyw", line 110, in <module>
    main()
  File "D:\1-2\MAAOrch\main.pyw", line 104, in main
    win = MainWindow()
          ^^^^^^^^^^^^
  File "D:\1-2\MAAOrch\app\main_window.py", line 107, in __init__
    self._build_ui(); self.maint.restore_geometry(); self._log("══ 启动 ══")
    ^^^^^^^^^^^^^^^^
  File "D:\1-2\MAAOrch\app\main_window.py", line 251, in _build_ui
    self._side_bar = build_side_bar(self)
                     ^^^^^^^^^^^^^^^^^^^^
  File "D:\1-2\MAAOrch\ui\side_bar.py", line 35, in build_side_bar
    fl = QHBoxLayout(frame)
         ^^^^^^^^^^^
NameError: name 'QHBoxLayout' is not defined. Did you mean: 'QVBoxLayout'?


[2026-06-09 14:35:58] [CRASH]
Traceback (most recent call last):
  File "D:\1-2\MAAOrch\ui\smart_panel.py", line 264, in <lambda>
    row.mousePressEvent = lambda e, r=mw.accounts.index(a): _open_detail(mw, r)
                                                            ^^^^^^^^^^^^^^^^^^^
  File "D:\1-2\MAAOrch\ui\smart_panel.py", line 292, in _open_detail
    open_account_detail(mw, row)
  File "D:\1-2\MAAOrch\ui\account_detail.py", line 73, in open_account_detail
    preset_label = QLabel(f"连接预设: {ac.get('connection_preset', EMU_PRESETS.get(ac.get('connection_preset', ''), {}).get('name', '通用'))} (自动)")
                                                                   ^^^^^^^^^^^^^^^
AttributeError: 'list' object has no attribute 'get'


[2026-06-09 14:36:15] [CRASH]
Traceback (most recent call last):
  File "D:\1-2\MAAOrch\ui\smart_panel.py", line 264, in <lambda>
    row.mousePressEvent = lambda e, r=mw.accounts.index(a): _open_detail(mw, r)
                                                            ^^^^^^^^^^^^^^^^^^^
  File "D:\1-2\MAAOrch\ui\smart_panel.py", line 292, in _open_detail
    open_account_detail(mw, row)
  File "D:\1-2\MAAOrch\ui\account_detail.py", line 73, in open_account_detail
    preset_label = QLabel(f"连接预设: {ac.get('connection_preset', EMU_PRESETS.get(ac.get('connection_preset', ''), {}).get('name', '通用'))} (自动)")
                                                                   ^^^^^^^^^^^^^^^
AttributeError: 'list' object has no attribute 'get'


[2026-06-09 14:36:16] [CRASH]
Traceback (most recent call last):
  File "D:\1-2\MAAOrch\ui\smart_panel.py", line 264, in <lambda>
    row.mousePressEvent = lambda e, r=mw.accounts.index(a): _open_detail(mw, r)
                                                            ^^^^^^^^^^^^^^^^^^^
  File "D:\1-2\MAAOrch\ui\smart_panel.py", line 292, in _open_detail
    open_account_detail(mw, row)
  File "D:\1-2\MAAOrch\ui\account_detail.py", line 73, in open_account_detail
    preset_label = QLabel(f"连接预设: {ac.get('connection_preset', EMU_PRESETS.get(ac.get('connection_preset', ''), {}).get('name', '通用'))} (自动)")
                                                                   ^^^^^^^^^^^^^^^
AttributeError: 'list' object has no attribute 'get'


[2026-06-09 14:36:17] [CRASH]
Traceback (most recent call last):
  File "D:\1-2\MAAOrch\ui\smart_panel.py", line 264, in <lambda>
    row.mousePressEvent = lambda e, r=mw.accounts.index(a): _open_detail(mw, r)
                                                            ^^^^^^^^^^^^^^^^^^^
  File "D:\1-2\MAAOrch\ui\smart_panel.py", line 292, in _open_detail
    open_account_detail(mw, row)
  File "D:\1-2\MAAOrch\ui\account_detail.py", line 73, in open_account_detail
    preset_label = QLabel(f"连接预设: {ac.get('connection_preset', EMU_PRESETS.get(ac.get('connection_preset', ''), {}).get('name', '通用'))} (自动)")
                                                                   ^^^^^^^^^^^^^^^
AttributeError: 'list' object has no attribute 'get'


[2026-06-09 14:36:17] [CRASH]
Traceback (most recent call last):
  File "D:\1-2\MAAOrch\ui\smart_panel.py", line 264, in <lambda>
    row.mousePressEvent = lambda e, r=mw.accounts.index(a): _open_detail(mw, r)
                                                            ^^^^^^^^^^^^^^^^^^^
  File "D:\1-2\MAAOrch\ui\smart_panel.py", line 292, in _open_detail
    open_account_detail(mw, row)
  File "D:\1-2\MAAOrch\ui\account_detail.py", line 73, in open_account_detail
    preset_label = QLabel(f"连接预设: {ac.get('connection_preset', EMU_PRESETS.get(ac.get('connection_preset', ''), {}).get('name', '通用'))} (自动)")
                                                                   ^^^^^^^^^^^^^^^
AttributeError: 'list' object has no attribute 'get'


[2026-06-09 14:37:13] [CRASH]
Traceback (most recent call last):
  File "D:\1-2\MAAOrch\ui\smart_panel.py", line 264, in <lambda>
    row.mousePressEvent = lambda e, r=mw.accounts.index(a): _open_detail(mw, r)
                                                            ^^^^^^^^^^^^^^^^^^^
  File "D:\1-2\MAAOrch\ui\smart_panel.py", line 292, in _open_detail
    open_account_detail(mw, row)
  File "D:\1-2\MAAOrch\ui\account_detail.py", line 113, in open_account_detail
    gl2.addLabel("完成后:")
    ^^^^^^^^^^^^
AttributeError: 'PySide6.QtWidgets.QVBoxLayout' object has no attribute 'addLabel'


[2026-06-09 14:53:09] [CRASH]
Traceback (most recent call last):
  File "D:\1-2\MAAOrch\ui\side_bar.py", line 40, in <lambda>
    lbl.mousePressEvent = lambda e, k=key: _filter_click(mw, k)
                                           ^^^^^^^^^^^^^^^^^^^^
  File "D:\1-2\MAAOrch\ui\side_bar.py", line 74, in _filter_click
    mw._set_smart_filter(key)
  File "D:\1-2\MAAOrch\ui\smart_panel.py", line 134, in <lambda>
    mw._set_smart_filter = lambda k: _set_filter(mw, k)
                                     ^^^^^^^^^^^^^^^^^^
  File "D:\1-2\MAAOrch\ui\smart_panel.py", line 149, in _set_filter
    _rebuild_list(mw)
  File "D:\1-2\MAAOrch\ui\smart_panel.py", line 170, in _rebuild_list
    st = ft.text().strip().lower() if ft and ft.text() else ""
                                             ^^^^^^^^^
RuntimeError: libshiboken: Internal C++ object (PySide6.QtWidgets.QLineEdit) already deleted.


[2026-06-09 14:53:12] [CRASH]
Traceback (most recent call last):
  File "D:\1-2\MAAOrch\ui\side_bar.py", line 40, in <lambda>
    lbl.mousePressEvent = lambda e, k=key: _filter_click(mw, k)
                                           ^^^^^^^^^^^^^^^^^^^^
  File "D:\1-2\MAAOrch\ui\side_bar.py", line 74, in _filter_click
    mw._set_smart_filter(key)
  File "D:\1-2\MAAOrch\ui\smart_panel.py", line 134, in <lambda>
    mw._set_smart_filter = lambda k: _set_filter(mw, k)
                                     ^^^^^^^^^^^^^^^^^^
  File "D:\1-2\MAAOrch\ui\smart_panel.py", line 149, in _set_filter
    _rebuild_list(mw)
  File "D:\1-2\MAAOrch\ui\smart_panel.py", line 170, in _rebuild_list
    st = ft.text().strip().lower() if ft and ft.text() else ""
                                             ^^^^^^^^^
RuntimeError: libshiboken: Internal C++ object (PySide6.QtWidgets.QLineEdit) already deleted.


[2026-06-09 15:25:25] [CRASH]
Traceback (most recent call last):
  File "D:\1-2\MAAOrch\ui\account_detail.py", line 59, in <lambda>
    emu_combo.currentIndexChanged.connect(lambda: _on_emu_changed(emu_combo, ac))
                                                  ^^^^^^^^^^^^^^^^^^^^^^^^^^^^^^
  File "D:\1-2\MAAOrch\ui\account_detail.py", line 179, in _on_emu_changed
    cfg_file = Path(d) / idx / "config.json"
               ^^^^
NameError: name 'Path' is not defined


[2026-06-09 15:25:52] [CRASH]
Traceback (most recent call last):
  File "D:\1-2\MAAOrch\ui\account_detail.py", line 59, in <lambda>
    emu_combo.currentIndexChanged.connect(lambda: _on_emu_changed(emu_combo, ac))
                                                  ^^^^^^^^^^^^^^^^^^^^^^^^^^^^^^
  File "D:\1-2\MAAOrch\ui\account_detail.py", line 179, in _on_emu_changed
    cfg_file = Path(d) / idx / "config.json"
               ^^^^
NameError: name 'Path' is not defined


[2026-06-09 15:26:41] [CRASH]
Traceback (most recent call last):
  File "D:\1-2\MAAOrch\ui\settings_window.py", line 136, in <lambda>
    open_btn.clicked.connect(lambda: __import__('os').startfile(str(src_dir)))
                                     ^^^^^^^^^^^^^^^^^^^^^^^^^^^^^^^^^^^^^^^^
FileNotFoundError: [WinError 2] 系统找不到指定的文件。: 'D:\\1-2\\MAAOrch\\maa\\source'


[2026-06-10 08:26:37] [CRASH]
Traceback (most recent call last):
  File "D:\1-2\MAAOrch\main.pyw", line 110, in <module>
    main()
  File "D:\1-2\MAAOrch\main.pyw", line 104, in main
    win = MainWindow()
          ^^^^^^^^^^^^
  File "D:\1-2\MAAOrch\app\main_window.py", line 62, in __init__
    self.setWindowTitle("MAAOrch"); self.setMinimumSize(960,620)
    ^^^^^^^^^^^^^^^^^^^^^^^^^^^^^^
  File "D:\1-2\MAAOrch\app\main_window.py", line 688, in changeEvent
    if e.type() == QEvent.WindowStateChange:
                   ^^^^^^
NameError: Error calling Python override of QMainWindow::changeEvent(): name 'QEvent' is not defined


[2026-06-10 12:21:25] [CRASH]
Traceback (most recent call last):
  File "D:\1-2\MAAOrch\app\main_window.py", line 650, in _poll
    from ui.main_poll import do_poll
  File "D:\1-2\MAAOrch\ui\main_poll.py", line 67
    mw._toolbar_launch_btn.setText("⏸ 暂停队列")
IndentationError: unexpected indent


[2026-06-10 12:21:28] [CRASH]
Traceback (most recent call last):
  File "D:\1-2\MAAOrch\app\main_window.py", line 665, in _health_check
    from ui.main_poll import do_health_check
  File "D:\1-2\MAAOrch\ui\main_poll.py", line 67
    mw._toolbar_launch_btn.setText("⏸ 暂停队列")
IndentationError: unexpected indent


[2026-06-10 13:38:32] [CRASH]
Traceback (most recent call last):
  File "D:\1-2\MAAOrch\main.pyw", line 44, in <module>
    from app.main_window import MainWindow
  File "D:\1-2\MAAOrch\app\main_window.py", line 17, in <module>
    from services.config_injector import ConfigService
  File "D:\1-2\MAAOrch\services\config_injector.py", line 348
    clean_tq.insert(clean_tq.index(item), anni_item)
IndentationError: unexpected indent


[2026-06-10 13:38:36] [CRASH]
Traceback (most recent call last):
  File "D:\1-2\MAAOrch\main.pyw", line 44, in <module>
    from app.main_window import MainWindow
  File "D:\1-2\MAAOrch\app\main_window.py", line 17, in <module>
    from services.config_injector import ConfigService
  File "D:\1-2\MAAOrch\services\config_injector.py", line 348
    clean_tq.insert(clean_tq.index(item), anni_item)
IndentationError: unexpected indent


[2026-06-10 13:38:43] [CRASH]
Traceback (most recent call last):
  File "D:\1-2\MAAOrch\main.pyw", line 44, in <module>
    from app.main_window import MainWindow
  File "D:\1-2\MAAOrch\app\main_window.py", line 17, in <module>
    from services.config_injector import ConfigService
  File "D:\1-2\MAAOrch\services\config_injector.py", line 348
    clean_tq.insert(clean_tq.index(item), anni_item)
IndentationError: unexpected indent


[2026-06-10 13:38:45] [CRASH]
Traceback (most recent call last):
  File "D:\1-2\MAAOrch\main.pyw", line 44, in <module>
    from app.main_window import MainWindow
  File "D:\1-2\MAAOrch\app\main_window.py", line 17, in <module>
    from services.config_injector import ConfigService
  File "D:\1-2\MAAOrch\services\config_injector.py", line 348
    clean_tq.insert(clean_tq.index(item), anni_item)
IndentationError: unexpected indent


[2026-06-10 13:38:46] [CRASH]
Traceback (most recent call last):
  File "D:\1-2\MAAOrch\main.pyw", line 44, in <module>
    from app.main_window import MainWindow
  File "D:\1-2\MAAOrch\app\main_window.py", line 17, in <module>
    from services.config_injector import ConfigService
  File "D:\1-2\MAAOrch\services\config_injector.py", line 348
    clean_tq.insert(clean_tq.index(item), anni_item)
IndentationError: unexpected indent


[2026-06-10 13:39:01] [CRASH]
Traceback (most recent call last):
  File "D:\1-2\MAAOrch\main.pyw", line 44, in <module>
    from app.main_window import MainWindow
  File "D:\1-2\MAAOrch\app\main_window.py", line 17, in <module>
    from services.config_injector import ConfigService
  File "D:\1-2\MAAOrch\services\config_injector.py", line 348
    clean_tq.insert(clean_tq.index(item), anni_item)
IndentationError: unexpected indent


[2026-06-10 13:39:02] [CRASH]
Traceback (most recent call last):
  File "D:\1-2\MAAOrch\main.pyw", line 44, in <module>
    from app.main_window import MainWindow
  File "D:\1-2\MAAOrch\app\main_window.py", line 17, in <module>
    from services.config_injector import ConfigService
  File "D:\1-2\MAAOrch\services\config_injector.py", line 348
    clean_tq.insert(clean_tq.index(item), anni_item)
IndentationError: unexpected indent


[2026-06-10 13:39:56] [CRASH]
Traceback (most recent call last):
  File "D:\1-2\MAAOrch\main.pyw", line 44, in <module>
    from app.main_window import MainWindow
  File "D:\1-2\MAAOrch\app\main_window.py", line 17, in <module>
    from services.config_injector import ConfigService
  File "D:\1-2\MAAOrch\services\config_injector.py", line 348
    clean_tq.insert(clean_tq.index(item), anni_item)
IndentationError: unexpected indent


[2026-06-10 13:39:58] [CRASH]
Traceback (most recent call last):
  File "D:\1-2\MAAOrch\main.pyw", line 44, in <module>
    from app.main_window import MainWindow
  File "D:\1-2\MAAOrch\app\main_window.py", line 17, in <module>
    from services.config_injector import ConfigService
  File "D:\1-2\MAAOrch\services\config_injector.py", line 348
    clean_tq.insert(clean_tq.index(item), anni_item)
IndentationError: unexpected indent


[2026-06-10 13:40:19] [CRASH]
Traceback (most recent call last):
  File "D:\1-2\MAAOrch\main.pyw", line 44, in <module>
    from app.main_window import MainWindow
  File "D:\1-2\MAAOrch\app\main_window.py", line 17, in <module>
    from services.config_injector import ConfigService
  File "D:\1-2\MAAOrch\services\config_injector.py", line 348
    clean_tq.insert(clean_tq.index(item), anni_item)
IndentationError: unexpected indent

[INJECT_DEBUG] ts_raw={'Fight': {'use_expiring_medicine': True}, 'Recruit': {'select': [3, 4, 5], 'confirm': [3, 4, 5]}, 'Infrast': {'mode': 'Queued'}, 'Award': {'award': True, 'mail': True, 'free_gacha': False, 'orundum': True}}
[INJECT_DEBUG] use_v6=False tq_count=0
[INJECT_DEBUG] ts_raw={'Fight': {'use_expiring_medicine': True}, 'Recruit': {'select': [3, 4, 5], 'confirm': [3, 4, 5]}, 'Infrast': {'mode': 'Queued'}, 'Award': {'award': True, 'mail': True, 'free_gacha': False, 'orundum': True}}
[INJECT_DEBUG] use_v6=True tq_count=10
[INJECT_DEBUG] Infrast found, mode_in_st=True st_mode=Queued
[INJECT_DEBUG] ts_raw={'Fight': {'use_expiring_medicine': True}, 'Recruit': {'select': [3, 4, 5], 'confirm': [3, 4, 5]}, 'Infrast': {'mode': 'Queued'}, 'Award': {'award': True, 'mail': True, 'free_gacha': False, 'orundum': True}}
[INJECT_DEBUG] use_v6=False tq_count=0
[INJECT_DEBUG] WRITE CHECK fn=gui.json use_v6=False
[INJECT_DEBUG] ts_raw={'Fight': {'use_expiring_medicine': True}, 'Recruit': {'select': [3, 4, 5], 'confirm': [3, 4, 5]}, 'Infrast': {'mode': 'Queued'}, 'Award': {'award': True, 'mail': True, 'free_gacha': False, 'orundum': True}}
[INJECT_DEBUG] use_v6=True tq_count=10
[INJECT_DEBUG] Infrast found, mode_in_st=True st_mode=Queued
[INJECT_DEBUG] WRITE CHECK fn=gui.new.json use_v6=True
[INJECT_DEBUG] WRITE CHECK: Infrast Mode=Queued
[2026-06-10 15:08:31] [INFO ] [app] ══ 启动 ══
[2026-06-10 15:08:31] [INFO ] [app] [队列] 从历史恢复 0 个等待项
[2026-06-10 15:08:31] [INFO ] [app] 账号: 1 | 仓库: 0 | 分组: 0
[2026-06-10 15:08:31] [INFO ] [app] API 服务已启动: http://127.0.0.1:19999
[2026-06-10 15:08:35] [INFO ] [app] [队列] V 入队 (force)
[2026-06-10 15:08:35] [INFO ] [app] ▶ 强制调度含剿灭: 1 个账号已入队
[2026-06-10 15:08:36] [INFO ] [app] ⚠ 环境检测: 0 个错误, 1 个警告
[2026-06-10 15:08:36] [INFO ] [app] [启动] ADB(127.0.0.1:5557) Emu(1) 实例#1
[2026-06-10 15:08:36] [INFO ] [app] [启动] V
[2026-06-10 15:08:38] [INFO ] [app] 🧠 智能调度: StartUp,Award,Annihilation,Fight,Infrast,Recruit,Mall
[2026-06-10 15:08:38] [INFO ] [app] 注入配置: D:\1-2\MAAOrch\services\maa\instances\1\config/
[2026-06-10 15:08:38] [INFO ] [app] ✓ 启动 MAA PID=7372
[2026-06-10 15:09:29] [INFO ] [app] [资源] 系统可用内存 3.8GB 不足，暂停新启动
[2026-06-10 15:22:37] [INFO ] [app] [完成] V 退出码=0 耗时=13m58s 🧠 StartUp,Award,Annihilation,Fight,Infrast,Recruit,Mall
[2026-06-10 15:22:37] [INFO ] [app] [账号] V 状态: completed (exit=0)
[2026-06-10 15:22:39] [INFO ] [app] [资源] 内存已恢复 (7.0GB 可用)，继续启动
[2026-06-10 15:22:45] [INFO ] [app] ══ 启动 ══
[2026-06-10 15:22:45] [INFO ] [app] [队列] 从历史恢复 0 个等待项
[2026-06-10 15:22:45] [INFO ] [app] 账号: 1 | 仓库: 0 | 分组: 0
[2026-06-10 15:22:45] [INFO ] [app] API 服务已启动: http://127.0.0.1:19999
[2026-06-10 15:22:49] [INFO ] [app] [队列] V 入队 (force)
[2026-06-10 15:22:49] [INFO ] [app] ▶ 强制调度含剿灭: 1 个账号已入队
[2026-06-10 15:22:50] [INFO ] [app] [启动] ADB(127.0.0.1:5557) Emu(1) 实例#1
[2026-06-10 15:22:50] [INFO ] [app] [启动] V
[2026-06-10 15:22:52] [INFO ] [app] 🧠 智能调度: StartUp,Award,Annihilation,Fight,Infrast,Recruit,Mall
[2026-06-10 15:22:52] [INFO ] [app] 注入配置: D:\1-2\MAAOrch\services\maa\instances\1\config/
[2026-06-10 15:22:52] [INFO ] [app] ✓ 启动 MAA PID=36548
[2026-06-10 15:22:52] [INFO ] [app] ⚠ 环境检测: 0 个错误, 1 个警告
[2026-06-10 15:27:49] [INFO ] [app] ══ 启动 ══
[2026-06-10 15:27:49] [INFO ] [app] [队列] 从历史恢复 0 个等待项
[2026-06-10 15:27:49] [INFO ] [app] 账号: 1 | 仓库: 0 | 分组: 0
[2026-06-10 15:27:49] [INFO ] [app] API 服务已启动: http://127.0.0.1:19999
[2026-06-10 15:27:54] [INFO ] [app] ⚠ 环境检测: 0 个错误, 1 个警告
[2026-06-10 15:27:54] [INFO ] [app] [队列] V 入队 (force)
[2026-06-10 15:27:54] [INFO ] [app] ▶ 强制调度含剿灭: 1 个账号已入队
[2026-06-10 15:27:56] [INFO ] [app] [启动] ADB(127.0.0.1:5557) Emu(1) 实例#1
[2026-06-10 15:27:56] [INFO ] [app] [启动] V
[2026-06-10 15:27:58] [INFO ] [app] 🧠 智能调度: StartUp,Award,Annihilation,Fight,Infrast,Recruit,Mall
[2026-06-10 15:27:58] [INFO ] [app] 注入配置: D:\1-2\MAAOrch\services\maa\instances\1\config/
[2026-06-10 15:27:58] [INFO ] [app] ✓ 启动 MAA PID=36332
[2026-06-10 15:31:24] [INFO ] [app] ══ 启动 ══
[2026-06-10 15:31:24] [INFO ] [app] [队列] 从历史恢复 0 个等待项
[2026-06-10 15:31:24] [INFO ] [app] 账号: 1 | 仓库: 0 | 分组: 0
[2026-06-10 15:31:25] [INFO ] [app] API 服务已启动: http://127.0.0.1:19999
[2026-06-10 15:31:27] [INFO ] [app] [实例] 源 MAA 已变化，删除旧实例...
[2026-06-10 15:31:27] [INFO ] [app] 🔄 实例池重建完成
[2026-06-10 15:31:27] [INFO ] [app] [实例] 创建 #1...
[2026-06-10 15:31:27] [INFO ] [app] [实例] #1 完成（软链接 resource/externals/Python）
[2026-06-10 15:31:27] [INFO ] [app] [实例] 创建 #2...
[2026-06-10 15:31:27] [INFO ] [app] [实例] #2 完成（软链接 resource/externals/Python）
[2026-06-10 15:31:27] [INFO ] [app] [实例] 创建 #3...
[2026-06-10 15:31:27] [INFO ] [app] [实例] #3 完成（软链接 resource/externals/Python）
[2026-06-10 15:31:29] [INFO ] [app] ⚠ 环境检测: 0 个错误, 1 个警告
[2026-06-10 15:31:30] [INFO ] [app] [状态] 运行中: 0/1 | 队列: 0 | 错误: 0
[2026-06-10 15:31:50] [INFO ] [app] 已添加账号: 樄耳东c
[2026-06-10 15:31:56] [INFO ] [app] 已添加账号: 阿仄仄仄
[2026-06-10 15:31:59] [INFO ] [app] [队列] 樄耳东c 入队 (force)
[2026-06-10 15:31:59] [INFO ] [app] ▶ 强制调度含剿灭: 1 个账号已入队
[2026-06-10 15:32:00] [INFO ] [app] [状态] 运行中: 0/2 | 队列: 1 | 错误: 0
[2026-06-10 15:32:00] [INFO ] [app] [启动] ADB(127.0.0.1:5557) Emu(1) 实例#1
[2026-06-10 15:32:00] [INFO ] [app] [启动] 樄耳东c
[2026-06-10 15:32:01] [INFO ] [app] 启动模拟器 #1
[2026-06-10 15:32:03] [INFO ] [app] 🧠 智能调度: StartUp,Award,Annihilation,Fight,Infrast,Recruit,Mall
[2026-06-10 15:32:03] [INFO ] [app] 注入配置: D:\1-2\MAAOrch\services\maa\instances\1\config/
[2026-06-10 15:32:03] [INFO ] [app] ✓ 启动 MAA PID=37224
[2026-06-10 15:32:20] [INFO ] [app] [完成] 樄耳东c 退出码=0 耗时=0m17s 🧠 StartUp,Award,Annihilation,Fight,Infrast,Recruit,Mall
[2026-06-10 15:32:20] [INFO ] [app] [账号] 樄耳东c 状态: completed (exit=0)
[2026-06-10 15:32:30] [INFO ] [app] [状态] 运行中: 0/2 | 队列: 0 | 错误: 0
[2026-06-10 15:33:00] [INFO ] [app] [状态] 运行中: 0/2 | 队列: 0 | 错误: 0
[2026-06-10 15:33:30] [INFO ] [app] [队列] 樄耳东c 入队 (force)
[2026-06-10 15:33:30] [INFO ] [app] ▶ 强制调度含剿灭: 1 个账号已入队
[2026-06-10 15:33:30] [INFO ] [app] [状态] 运行中: 0/2 | 队列: 1 | 错误: 0
[2026-06-10 15:33:32] [INFO ] [app] [启动] ADB(127.0.0.1:5557) Emu(1) 实例#1
[2026-06-10 15:33:32] [INFO ] [app] [启动] 樄耳东c
[2026-06-10 15:33:32] [INFO ] [app] 启动模拟器 #1
[2026-06-10 15:33:34] [INFO ] [app] 🧠 智能调度: StartUp,Award,Annihilation,Fight,Infrast,Recruit,Mall
[2026-06-10 15:33:34] [INFO ] [app] 注入配置: D:\1-2\MAAOrch\services\maa\instances\1\config/
[2026-06-10 15:33:34] [INFO ] [app] ✓ 启动 MAA PID=13096
[2026-06-10 15:34:00] [INFO ] [app] [状态] 运行中: 1/2 | 队列: 0 | 错误: 0
[2026-06-10 15:34:06] [INFO ] [app] [资源] 系统可用内存 4.0GB 不足，暂停新启动
[2026-06-10 15:34:30] [INFO ] [app] [状态] 运行中: 1/2 | 队列: 0 | 错误: 0
[2026-06-10 15:35:00] [INFO ] [app] [状态] 运行中: 1/2 | 队列: 0 | 错误: 0
[2026-06-10 15:35:30] [INFO ] [app] [状态] 运行中: 1/2 | 队列: 0 | 错误: 0
[2026-06-10 15:36:00] [INFO ] [app] [状态] 运行中: 1/2 | 队列: 0 | 错误: 0
[2026-06-10 15:36:30] [INFO ] [app] [状态] 运行中: 1/2 | 队列: 0 | 错误: 0
[2026-06-10 15:36:58] [INFO ] [app] [资源] 内存已恢复 (4.1GB 可用)，继续启动
[2026-06-10 15:36:58] [INFO ] [app] [完成] 樄耳东c 退出码=0 耗时=3m24s 🧠 StartUp,Award,Annihilation,Fight,Infrast,Recruit,Mall
[2026-06-10 15:36:58] [INFO ] [app] [账号] 樄耳东c 状态: completed (exit=0)
[2026-06-10 15:37:00] [INFO ] [app] [状态] 运行中: 0/2 | 队列: 0 | 错误: 0
[2026-06-10 15:37:06] [ERROR] [crash] Traceback (most recent call last):
  File "D:\1-2\MAAOrch\main.pyw", line 107, in <module>
    main()
  File "D:\1-2\MAAOrch\main.pyw", line 101, in main
    win = MainWindow()
          ^^^^^^^^^^^^
  File "D:\1-2\MAAOrch\app\main_window.py", line 76, in __init__
    save_config(self.config)
    ^^^^^^^^^^^
UnboundLocalError: cannot access local variable 'save_config' where it is not associated with a value

[2026-06-10 15:39:24] [INFO ] [app] ══ 启动 ══
[2026-06-10 15:39:24] [INFO ] [app] [队列] 从历史恢复 0 个等待项
[2026-06-10 15:39:24] [INFO ] [app] 账号: 2 | 仓库: 0 | 分组: 0
[2026-06-10 15:39:25] [INFO ] [app] API 服务已启动: http://127.0.0.1:19999
[2026-06-10 15:39:28] [INFO ] [app] [队列] 樄耳东c 入队 (force)
[2026-06-10 15:39:28] [INFO ] [app] [队列] 阿仄仄仄 入队 (force)
[2026-06-10 15:39:28] [INFO ] [app] ▶ 强制调度含剿灭: 2 个账号已入队
[2026-06-10 15:39:29] [INFO ] [app] [启动] ADB(127.0.0.1:5557) Emu(1) 实例#1
[2026-06-10 15:39:29] [INFO ] [app] [启动] 樄耳东c
[2026-06-10 15:39:29] [INFO ] [app] 启动模拟器 #1
[2026-06-10 15:39:32] [INFO ] [app] 🧠 智能调度: StartUp,Award,Annihilation,Fight,Infrast,Recruit,Mall
[2026-06-10 15:39:32] [INFO ] [app] 注入配置: D:\1-2\MAAOrch\services\maa\instances\1\config/
[2026-06-10 15:39:32] [INFO ] [app] ✓ 启动 MAA PID=29228
[2026-06-10 15:39:32] [INFO ] [app] ⚠ 环境检测: 0 个错误, 1 个警告
[2026-06-10 15:39:32] [INFO ] [app] [启动] ADB(127.0.0.1:5555) Emu(0) 实例#2
[2026-06-10 15:39:32] [INFO ] [app] [启动] 阿仄仄仄
[2026-06-10 15:39:32] [INFO ] [app] 启动模拟器 #0
[2026-06-10 15:39:34] [INFO ] [app] 🧠 智能调度: StartUp,Award,Annihilation,Fight,Infrast,Recruit,Mall
[2026-06-10 15:39:34] [INFO ] [app] 注入配置: D:\1-2\MAAOrch\services\maa\instances\2\config/
[2026-06-10 15:39:34] [INFO ] [app] ✓ 启动 MAA PID=30520
[2026-06-10 15:39:40] [INFO ] [app] [资源] 系统可用内存 3.7GB 不足，暂停新启动
[2026-06-10 15:40:00] [INFO ] [app] [状态] 运行中: 2/2 | 队列: 0 | 错误: 0
[2026-06-10 15:40:30] [INFO ] [app] [状态] 运行中: 2/2 | 队列: 0 | 错误: 0
[2026-06-10 15:41:00] [INFO ] [app] [状态] 运行中: 2/2 | 队列: 0 | 错误: 0
[2026-06-10 15:41:30] [INFO ] [app] [状态] 运行中: 2/2 | 队列: 0 | 错误: 0
[2026-06-10 15:42:00] [INFO ] [app] [状态] 运行中: 2/2 | 队列: 0 | 错误: 0
[2026-06-10 15:42:30] [INFO ] [app] [状态] 运行中: 2/2 | 队列: 0 | 错误: 0
[2026-06-10 15:43:00] [INFO ] [app] [状态] 运行中: 2/2 | 队列: 0 | 错误: 0
[2026-06-10 15:43:30] [INFO ] [app] [状态] 运行中: 2/2 | 队列: 0 | 错误: 0
[2026-06-10 15:44:00] [INFO ] [app] [状态] 运行中: 2/2 | 队列: 0 | 错误: 0
[2026-06-10 15:44:30] [INFO ] [app] [状态] 运行中: 2/2 | 队列: 0 | 错误: 0
[2026-06-10 15:45:00] [INFO ] [app] [状态] 运行中: 2/2 | 队列: 0 | 错误: 0
[2026-06-10 15:45:30] [INFO ] [app] [状态] 运行中: 2/2 | 队列: 0 | 错误: 0
[2026-06-10 15:46:00] [INFO ] [app] [状态] 运行中: 2/2 | 队列: 0 | 错误: 0
[2026-06-10 15:46:30] [INFO ] [app] [状态] 运行中: 2/2 | 队列: 0 | 错误: 0
[2026-06-10 15:47:00] [INFO ] [app] [状态] 运行中: 2/2 | 队列: 0 | 错误: 0
[2026-06-10 15:47:30] [INFO ] [app] [状态] 运行中: 2/2 | 队列: 0 | 错误: 0
[2026-06-10 15:48:00] [INFO ] [app] [状态] 运行中: 2/2 | 队列: 0 | 错误: 0
[2026-06-10 15:48:30] [INFO ] [app] [状态] 运行中: 2/2 | 队列: 0 | 错误: 0
[2026-06-10 15:49:00] [INFO ] [app] [状态] 运行中: 2/2 | 队列: 0 | 错误: 0
[2026-06-10 17:28:01] [INFO ] [app] ══ 启动 ══
[2026-06-10 17:28:01] [INFO ] [app] [队列] 从历史恢复 0 个等待项
[2026-06-10 17:28:01] [INFO ] [app] 账号: 2 | 仓库: 0 | 分组: 0
[2026-06-10 17:28:01] [INFO ] [app] API 服务已启动: http://127.0.0.1:19999
[2026-06-10 17:28:05] [INFO ] [app] [队列] 樄耳东c 入队 (force)
[2026-06-10 17:28:05] [INFO ] [app] [队列] 阿仄仄仄 入队 (force)
[2026-06-10 17:28:05] [INFO ] [app] ▶ 强制调度含剿灭: 2 个账号已入队
[2026-06-10 17:28:06] [INFO ] [app] ⚠ 环境检测: 0 个错误, 1 个警告
[2026-06-10 17:28:06] [INFO ] [app] [启动] ADB(127.0.0.1:5557) Emu(1) 实例#1
[2026-06-10 17:28:06] [INFO ] [app] [启动] 樄耳东c
[2026-06-10 17:28:06] [INFO ] [app] 启动模拟器 #1
[2026-06-10 17:28:09] [INFO ] [app] 🧠 智能调度: StartUp,Award,Annihilation,Fight,Infrast,Recruit,Mall
[2026-06-10 17:28:09] [INFO ] [app] 注入配置: D:\1-2\MAAOrch\services\maa\instances\1\config/
[2026-06-10 17:28:09] [INFO ] [app] ✓ 启动 MAA PID=32088
[2026-06-10 17:28:09] [INFO ] [app] [启动] ADB(127.0.0.1:5555) Emu(0) 实例#2
[2026-06-10 17:28:09] [INFO ] [app] [启动] 阿仄仄仄
[2026-06-10 17:28:09] [INFO ] [app] 启动模拟器 #0
[2026-06-10 17:28:11] [INFO ] [app] 🧠 智能调度: StartUp,Award,Annihilation,Fight,Infrast,Recruit,Mall
[2026-06-10 17:28:11] [INFO ] [app] 注入配置: D:\1-2\MAAOrch\services\maa\instances\2\config/
[2026-06-10 17:28:11] [INFO ] [app] ✓ 启动 MAA PID=30540
[2026-06-10 17:28:19] [INFO ] [app] [资源] 系统可用内存 3.9GB 不足，暂停新启动
[2026-06-10 17:32:35] [INFO ] [app] [完成] 阿仄仄仄 退出码=0 耗时=4m23s 🧠 StartUp,Award,Annihilation,Fight,Infrast,Recruit,Mall
[2026-06-10 17:32:35] [INFO ] [app] [账号] 阿仄仄仄 状态: completed (exit=0)
[2026-06-10 17:32:37] [INFO ] [app] [完成] 樄耳东c 退出码=0 耗时=4m28s 🧠 StartUp,Award,Annihilation,Fight,Infrast,Recruit,Mall
[2026-06-10 17:32:37] [INFO ] [app] [账号] 樄耳东c 状态: completed (exit=0)
[2026-06-10 17:32:39] [INFO ] [app] [资源] 内存已恢复 (6.3GB 可用)，继续启动
[2026-06-10 17:32:46] [INFO ] [app] ══ 启动 ══
[2026-06-10 17:32:46] [INFO ] [app] [队列] 从历史恢复 0 个等待项
[2026-06-10 17:32:46] [INFO ] [app] 账号: 2 | 仓库: 0 | 分组: 0
[2026-06-10 17:32:47] [INFO ] [app] API 服务已启动: http://127.0.0.1:19999
[2026-06-10 17:32:50] [INFO ] [app] [队列] 樄耳东c 入队 (force)
[2026-06-10 17:32:50] [INFO ] [app] [队列] 阿仄仄仄 入队 (force)
[2026-06-10 17:32:50] [INFO ] [app] ▶ 强制调度含剿灭: 2 个账号已入队
[2026-06-10 17:32:51] [INFO ] [app] [启动] ADB(127.0.0.1:5557) Emu(1) 实例#1
[2026-06-10 17:32:51] [INFO ] [app] [启动] 樄耳东c
[2026-06-10 17:32:51] [INFO ] [app] 启动模拟器 #1
[2026-06-10 17:32:53] [INFO ] [app] 🧠 智能调度: StartUp,Award,Annihilation,Fight,Infrast,Recruit,Mall
[2026-06-10 17:32:53] [INFO ] [app] 注入配置: D:\1-2\MAAOrch\services\maa\instances\1\config/
[2026-06-10 17:32:53] [INFO ] [app] ✓ 启动 MAA PID=30532
[2026-06-10 17:32:53] [INFO ] [app] [启动] ADB(127.0.0.1:5555) Emu(0) 实例#2
[2026-06-10 17:32:53] [INFO ] [app] [启动] 阿仄仄仄
[2026-06-10 17:32:53] [INFO ] [app] 启动模拟器 #0
[2026-06-10 17:32:55] [INFO ] [app] 🧠 智能调度: StartUp,Award,Annihilation,Fight,Infrast,Recruit,Mall
[2026-06-10 17:32:55] [INFO ] [app] 注入配置: D:\1-2\MAAOrch\services\maa\instances\2\config/
[2026-06-10 17:32:55] [INFO ] [app] ✓ 启动 MAA PID=18584
[2026-06-10 17:32:55] [INFO ] [app] ⚠ 环境检测: 0 个错误, 1 个警告
[2026-06-10 17:33:00] [INFO ] [app] [状态] 运行中: 2/2 | 队列: 0 | 错误: 0
[2026-06-10 17:33:02] [INFO ] [app] [资源] 系统可用内存 3.9GB 不足，暂停新启动
[2026-06-10 17:33:12] [INFO ] [app] [完成] 阿仄仄仄 退出码=0 耗时=0m16s 🧠 StartUp,Award,Annihilation,Fight,Infrast,Recruit,Mall
[2026-06-10 17:33:12] [INFO ] [app] [账号] 阿仄仄仄 状态: completed (exit=0)
[2026-06-10 17:33:14] [INFO ] [app] [资源] 内存已恢复 (6.2GB 可用)，继续启动
[2026-06-10 17:33:14] [INFO ] [app] [完成] 樄耳东c 退出码=0 耗时=0m21s 🧠 StartUp,Award,Annihilation,Fight,Infrast,Recruit,Mall
[2026-06-10 17:33:14] [INFO ] [app] [账号] 樄耳东c 状态: completed (exit=0)
[2026-06-10 17:33:30] [INFO ] [app] [状态] 运行中: 0/2 | 队列: 0 | 错误: 0
[2026-06-10 17:33:37] [INFO ] [app] [队列] 樄耳东c 入队 (force)
[2026-06-10 17:33:37] [INFO ] [app] [队列] 阿仄仄仄 入队 (force)
[2026-06-10 17:33:37] [INFO ] [app] ▶ 强制调度含剿灭: 2 个账号已入队
[2026-06-10 17:33:49] [INFO ] [app] [启动] ADB(127.0.0.1:5557) Emu(1) 实例#1
[2026-06-10 17:33:49] [INFO ] [app] [启动] 樄耳东c
[2026-06-10 17:33:49] [INFO ] [app] 启动模拟器 #1
[2026-06-10 17:33:51] [INFO ] [app] 🧠 智能调度: StartUp,Award,Annihilation,Fight,Infrast,Recruit,Mall
[2026-06-10 17:33:51] [INFO ] [app] 注入配置: D:\1-2\MAAOrch\services\maa\instances\1\config/
[2026-06-10 17:33:51] [INFO ] [app] ✓ 启动 MAA PID=10036
[2026-06-10 17:33:51] [INFO ] [app] [启动] ADB(127.0.0.1:5555) Emu(0) 实例#2
[2026-06-10 17:33:51] [INFO ] [app] [启动] 阿仄仄仄
[2026-06-10 17:33:51] [INFO ] [app] 启动模拟器 #0
[2026-06-10 17:33:53] [INFO ] [app] 🧠 智能调度: StartUp,Award,Annihilation,Fight,Infrast,Recruit,Mall
[2026-06-10 17:33:53] [INFO ] [app] 注入配置: D:\1-2\MAAOrch\services\maa\instances\2\config/
[2026-06-10 17:33:53] [INFO ] [app] ✓ 启动 MAA PID=17312
[2026-06-10 17:34:00] [INFO ] [app] [资源] 系统可用内存 3.9GB 不足，暂停新启动
[2026-06-10 17:34:00] [INFO ] [app] [状态] 运行中: 2/2 | 队列: 0 | 错误: 0
[2026-06-10 17:34:30] [INFO ] [app] [状态] 运行中: 2/2 | 队列: 0 | 错误: 0
[2026-06-10 17:34:36] [INFO ] [app] [完成] 樄耳东c 退出码=0 耗时=0m45s 🧠 StartUp,Award,Annihilation,Fight,Infrast,Recruit,Mall
[2026-06-10 17:34:36] [INFO ] [app] [账号] 樄耳东c 状态: completed (exit=0)
[2026-06-10 17:34:38] [INFO ] [app] [完成] 阿仄仄仄 退出码=0 耗时=0m45s 🧠 StartUp,Award,Annihilation,Fight,Infrast,Recruit,Mall
[2026-06-10 17:34:38] [INFO ] [app] [账号] 阿仄仄仄 状态: completed (exit=0)
[2026-06-10 17:34:40] [INFO ] [app] [资源] 内存已恢复 (7.3GB 可用)，继续启动
[2026-06-10 17:34:42] [INFO ] [app] [队列] 樄耳东c 入队 (force)
[2026-06-10 17:34:42] [INFO ] [app] [队列] 阿仄仄仄 入队 (force)
[2026-06-10 17:34:42] [INFO ] [app] ▶ 强制调度刷关: 2 个账号已入队
[2026-06-10 17:34:43] [INFO ] [app] [启动] ADB(127.0.0.1:5557) Emu(1) 实例#1
[2026-06-10 17:34:43] [INFO ] [app] [启动] 樄耳东c
[2026-06-10 17:34:43] [INFO ] [app] 启动模拟器 #1
[2026-06-10 17:34:46] [INFO ] [app] 🧠 智能调度: StartUp,Award,Fight,Infrast,Recruit,Mall
[2026-06-10 17:34:46] [INFO ] [app] 注入配置: D:\1-2\MAAOrch\services\maa\instances\1\config/
[2026-06-10 17:34:46] [INFO ] [app] ✓ 启动 MAA PID=21748
[2026-06-10 17:34:46] [INFO ] [app] [启动] ADB(127.0.0.1:5555) Emu(0) 实例#2
[2026-06-10 17:34:46] [INFO ] [app] [启动] 阿仄仄仄
[2026-06-10 17:34:46] [INFO ] [app] 启动模拟器 #0
[2026-06-10 17:34:48] [INFO ] [app] 🧠 智能调度: StartUp,Award,Fight,Infrast,Recruit,Mall
[2026-06-10 17:34:48] [INFO ] [app] 注入配置: D:\1-2\MAAOrch\services\maa\instances\2\config/
[2026-06-10 17:34:48] [INFO ] [app] ✓ 启动 MAA PID=32672
[2026-06-10 17:35:00] [INFO ] [app] [状态] 运行中: 2/2 | 队列: 0 | 错误: 0
[2026-06-10 17:35:02] [INFO ] [app] [资源] 系统可用内存 3.8GB 不足，暂停新启动
[2026-06-10 17:35:30] [INFO ] [app] [状态] 运行中: 2/2 | 队列: 0 | 错误: 0
[2026-06-10 17:36:00] [INFO ] [app] [状态] 运行中: 2/2 | 队列: 0 | 错误: 0
[2026-06-10 17:36:30] [INFO ] [app] [状态] 运行中: 2/2 | 队列: 0 | 错误: 0
[2026-06-10 17:37:00] [INFO ] [app] [状态] 运行中: 2/2 | 队列: 0 | 错误: 0
[2026-06-10 17:37:30] [INFO ] [app] [状态] 运行中: 2/2 | 队列: 0 | 错误: 0
[2026-06-10 17:38:00] [INFO ] [app] [状态] 运行中: 2/2 | 队列: 0 | 错误: 0
[2026-06-10 17:38:30] [INFO ] [app] [状态] 运行中: 2/2 | 队列: 0 | 错误: 0
[2026-06-10 17:39:00] [INFO ] [app] [状态] 运行中: 2/2 | 队列: 0 | 错误: 0
[2026-06-10 17:39:30] [INFO ] [app] [状态] 运行中: 2/2 | 队列: 0 | 错误: 0
[2026-06-10 17:40:00] [INFO ] [app] [状态] 运行中: 2/2 | 队列: 0 | 错误: 0
[2026-06-10 17:40:30] [INFO ] [app] [状态] 运行中: 2/2 | 队列: 0 | 错误: 0
[2026-06-10 17:41:00] [INFO ] [app] [状态] 运行中: 2/2 | 队列: 0 | 错误: 0
[2026-06-10 17:41:30] [INFO ] [app] [状态] 运行中: 2/2 | 队列: 0 | 错误: 0
[2026-06-10 17:42:00] [INFO ] [app] [状态] 运行中: 2/2 | 队列: 0 | 错误: 0
[2026-06-10 17:42:30] [INFO ] [app] [状态] 运行中: 2/2 | 队列: 0 | 错误: 0
[2026-06-10 17:43:00] [INFO ] [app] [状态] 运行中: 2/2 | 队列: 0 | 错误: 0
[2026-06-10 17:43:30] [INFO ] [app] [状态] 运行中: 2/2 | 队列: 0 | 错误: 0
[2026-06-10 17:43:34] [INFO ] [app] [资源] 内存已恢复 (4.1GB 可用)，继续启动
[2026-06-10 17:44:00] [INFO ] [app] [状态] 运行中: 2/2 | 队列: 0 | 错误: 0
[2026-06-10 17:44:30] [INFO ] [app] [状态] 运行中: 2/2 | 队列: 0 | 错误: 0
[2026-06-10 17:44:32] [INFO ] [app] [资源] 系统可用内存 4.0GB 不足，暂停新启动
[2026-06-10 17:44:34] [INFO ] [app] [资源] 内存已恢复 (4.0GB 可用)，继续启动
[2026-06-10 17:44:40] [INFO ] [app] [资源] 系统可用内存 3.9GB 不足，暂停新启动
[2026-06-10 17:45:00] [INFO ] [app] [状态] 运行中: 2/2 | 队列: 0 | 错误: 0
[2026-06-10 17:45:14] [INFO ] [app] [资源] 内存已恢复 (4.2GB 可用)，继续启动
[2026-06-10 17:45:20] [INFO ] [app] [资源] 系统可用内存 4.0GB 不足，暂停新启动
[2026-06-10 17:45:28] [INFO ] [app] [完成] 阿仄仄仄 退出码=0 耗时=10m40s 🧠 StartUp,Award,Fight,Infrast,Recruit,Mall
[2026-06-10 17:45:28] [INFO ] [app] [账号] 阿仄仄仄 状态: completed (exit=0)
[2026-06-10 17:45:30] [INFO ] [app] [完成] 樄耳东c 退出码=0 耗时=10m44s 🧠 StartUp,Award,Fight,Infrast,Recruit,Mall
[2026-06-10 17:45:30] [INFO ] [app] [账号] 樄耳东c 状态: completed (exit=0)
[2026-06-10 17:45:30] [INFO ] [app] [状态] 运行中: 0/2 | 队列: 0 | 错误: 0
[2026-06-10 17:45:32] [INFO ] [app] [资源] 内存已恢复 (4.6GB 可用)，继续启动
[2026-06-10 17:45:43] [INFO ] [app] ══ 启动 ══
[2026-06-10 17:45:43] [INFO ] [app] [队列] 从历史恢复 0 个等待项
[2026-06-10 17:45:43] [INFO ] [app] 账号: 2 | 仓库: 0 | 分组: 0
[2026-06-10 17:45:43] [INFO ] [app] API 服务已启动: http://127.0.0.1:19999
[2026-06-10 17:45:48] [INFO ] [app] ⚠ 环境检测: 0 个错误, 1 个警告
[2026-06-10 17:45:52] [INFO ] [app] [队列] 樄耳东c 入队 (force)
[2026-06-10 17:45:52] [INFO ] [app] [队列] 阿仄仄仄 入队 (force)
[2026-06-10 17:45:52] [INFO ] [app] ▶ 强制调度刷关: 2 个账号已入队
[2026-06-10 17:45:53] [INFO ] [app] [启动] ADB(127.0.0.1:5557) Emu(1) 实例#1
[2026-06-10 17:45:53] [INFO ] [app] [启动] 樄耳东c
[2026-06-10 17:45:53] [INFO ] [app] 启动模拟器 #1
[2026-06-10 17:45:58] [INFO ] [app] ADB 连接失败 127.0.0.1:5557: Command '['D:\\Xiach\\MuMuPlayer\\nx_main\\adb.exe', 'connect', '127.0.0.1:5557']' timed out after 5 seconds
[2026-06-10 17:45:58] [INFO ] [app] 🧠 智能调度: StartUp,Award,Fight,Infrast,Recruit,Mall
[2026-06-10 17:45:58] [INFO ] [app] 注入配置: D:\1-2\MAAOrch\services\maa\instances\1\config/
[2026-06-10 17:45:58] [INFO ] [app] ✓ 启动 MAA PID=21464
[2026-06-10 17:45:58] [INFO ] [app] [资源] 系统可用内存 0.7GB 不足，暂停新启动
[2026-06-10 17:45:58] [INFO ] [app] [启动] ADB(127.0.0.1:5555) Emu(0) 实例#2
[2026-06-10 17:45:58] [INFO ] [app] [启动] 阿仄仄仄
[2026-06-10 17:45:58] [INFO ] [app] 启动模拟器 #0
[2026-06-10 17:46:01] [INFO ] [app] 🧠 智能调度: StartUp,Award,Fight,Infrast,Recruit,Mall
[2026-06-10 17:46:01] [INFO ] [app] 注入配置: D:\1-2\MAAOrch\services\maa\instances\2\config/
[2026-06-10 17:46:01] [INFO ] [app] ✓ 启动 MAA PID=13756
[2026-06-10 17:46:47] [INFO ] [app] [完成] 樄耳东c 退出码=0 耗时=0m48s 🧠 StartUp,Award,Fight,Infrast,Recruit,Mall
[2026-06-10 17:46:47] [INFO ] [app] [账号] 樄耳东c 状态: completed (exit=0)
[2026-06-10 17:46:47] [INFO ] [app] [完成] 阿仄仄仄 退出码=0 耗时=0m46s 🧠 StartUp,Award,Fight,Infrast,Recruit,Mall
[2026-06-10 17:46:47] [INFO ] [app] [账号] 阿仄仄仄 状态: completed (exit=0)
[2026-06-10 17:47:21] [INFO ] [app] [资源] 内存已恢复 (4.0GB 可用)，继续启动
[2026-06-10 17:56:10] [INFO ] [app] ══ 启动 ══
[2026-06-10 17:56:10] [INFO ] [app] [队列] 从历史恢复 0 个等待项
[2026-06-10 17:56:10] [INFO ] [app] 账号: 2 | 仓库: 0 | 分组: 0
[2026-06-10 17:56:10] [INFO ] [app] API 服务已启动: http://127.0.0.1:19999
[2026-06-10 17:56:14] [INFO ] [app] [队列] 樄耳东c 入队 (force)
[2026-06-10 17:56:14] [INFO ] [app] [队列] 阿仄仄仄 入队 (force)
[2026-06-10 17:56:14] [INFO ] [app] ▶ 强制调度含剿灭: 2 个账号已入队
[2026-06-10 17:56:15] [INFO ] [app] ⚠ 环境检测: 0 个错误, 1 个警告
[2026-06-10 17:56:15] [INFO ] [app] [启动] ADB(127.0.0.1:5557) Emu(1) 实例#1
[2026-06-10 17:56:15] [INFO ] [app] [启动] 樄耳东c
[2026-06-10 17:56:15] [INFO ] [app] 启动模拟器 #1
[2026-06-10 17:56:20] [INFO ] [app] 🧠 智能调度: StartUp,Award,Annihilation,Fight,Infrast,Recruit,Mall
[2026-06-10 17:56:20] [INFO ] [app] 注入配置: D:\1-2\MAAOrch\services\maa\instances\1\config/
[2026-06-10 17:56:20] [INFO ] [app] ✓ 启动 MAA PID=6940
[2026-06-10 17:56:20] [INFO ] [app] [启动] ADB(127.0.0.1:5555) Emu(0) 实例#2
[2026-06-10 17:56:20] [INFO ] [app] [启动] 阿仄仄仄
[2026-06-10 17:56:20] [INFO ] [app] 启动模拟器 #0
[2026-06-10 17:56:22] [INFO ] [app] 🧠 智能调度: StartUp,Award,Annihilation,Fight,Infrast,Recruit,Mall
[2026-06-10 17:56:22] [INFO ] [app] 注入配置: D:\1-2\MAAOrch\services\maa\instances\2\config/
[2026-06-10 17:56:22] [INFO ] [app] ✓ 启动 MAA PID=22288
[2026-06-10 17:56:30] [INFO ] [app] [资源] 系统可用内存 3.5GB 不足，暂停新启动
[2026-06-10 17:56:30] [INFO ] [app] [状态] 运行中: 2/2 | 队列: 0 | 错误: 0
[2026-06-10 17:57:00] [INFO ] [app] [状态] 运行中: 2/2 | 队列: 0 | 错误: 0
[2026-06-10 17:57:30] [INFO ] [app] [状态] 运行中: 2/2 | 队列: 0 | 错误: 0
[2026-06-10 17:58:00] [INFO ] [app] [状态] 运行中: 2/2 | 队列: 0 | 错误: 0
[2026-06-10 17:58:30] [INFO ] [app] [状态] 运行中: 2/2 | 队列: 0 | 错误: 0
[2026-06-10 17:59:00] [INFO ] [app] [状态] 运行中: 2/2 | 队列: 0 | 错误: 0
[2026-06-10 17:59:30] [INFO ] [app] [状态] 运行中: 2/2 | 队列: 0 | 错误: 0
[2026-06-10 18:00:00] [INFO ] [app] [状态] 运行中: 2/2 | 队列: 0 | 错误: 0
[2026-06-10 18:00:30] [INFO ] [app] [状态] 运行中: 2/2 | 队列: 0 | 错误: 0
[2026-06-10 18:01:00] [INFO ] [app] [状态] 运行中: 2/2 | 队列: 0 | 错误: 0
[2026-06-10 18:01:30] [INFO ] [app] [状态] 运行中: 2/2 | 队列: 0 | 错误: 0
[2026-06-10 18:02:00] [INFO ] [app] [状态] 运行中: 2/2 | 队列: 0 | 错误: 0
[2026-06-10 18:02:30] [INFO ] [app] [状态] 运行中: 2/2 | 队列: 0 | 错误: 0
[2026-06-10 18:03:00] [INFO ] [app] [状态] 运行中: 2/2 | 队列: 0 | 错误: 0
[2026-06-10 18:03:30] [INFO ] [app] [状态] 运行中: 2/2 | 队列: 0 | 错误: 0
[2026-06-10 18:04:11] [INFO ] [app] ══ 启动 ══
[2026-06-10 18:04:11] [INFO ] [app] [队列] 从历史恢复 0 个等待项
[2026-06-10 18:04:11] [INFO ] [app] 账号: 2 | 仓库: 0 | 分组: 0
[2026-06-10 18:04:11] [INFO ] [app] API 服务已启动: http://127.0.0.1:19999
[2026-06-10 18:04:16] [INFO ] [app] ⚠ 环境检测: 0 个错误, 1 个警告
[2026-06-10 18:17:05] [INFO ] [app] ══ 启动 ══
[2026-06-10 18:17:05] [INFO ] [app] [队列] 从历史恢复 0 个等待项
[2026-06-10 18:17:05] [INFO ] [app] 账号: 2 | 仓库: 0 | 分组: 0
[2026-06-10 18:17:05] [INFO ] [app] API 服务已启动: http://127.0.0.1:19999
[2026-06-10 18:17:10] [INFO ] [app] ⚠ 环境检测: 0 个错误, 1 个警告
[2026-06-10 18:20:31] [INFO ] [app] ══ 启动 ══
[2026-06-10 18:20:31] [INFO ] [app] [队列] 从历史恢复 0 个等待项
[2026-06-10 18:20:31] [INFO ] [app] 账号: 2 | 仓库: 0 | 分组: 0
[2026-06-10 18:20:31] [INFO ] [app] API 服务已启动: http://127.0.0.1:19999
[2026-06-10 18:20:36] [INFO ] [app] ⚠ 环境检测: 0 个错误, 1 个警告
[2026-06-10 18:21:10] [INFO ] [app] [队列] 樄耳东c 入队 (force)
[2026-06-10 18:21:10] [INFO ] [app] [队列] 阿仄仄仄 入队 (force)
[2026-06-10 18:21:10] [INFO ] [app] ▶ 强制调度含剿灭: 2 个账号已入队
[2026-06-10 18:21:11] [INFO ] [app] [启动] ADB(127.0.0.1:5557) Emu(1) 实例#1
[2026-06-10 18:21:11] [INFO ] [app] [启动] 樄耳东c
[2026-06-10 18:21:11] [INFO ] [app] 启动模拟器 #1
[2026-06-10 18:21:14] [INFO ] [app] 🧠 智能调度: StartUp,Award,Annihilation,Fight,Infrast,Recruit,Mall
[2026-06-10 18:21:14] [INFO ] [app] 注入配置: D:\1-2\MAAOrch\services\maa\instances\1\config/
[2026-06-10 18:21:14] [INFO ] [app] ✓ 启动 MAA PID=12244
[2026-06-10 18:21:14] [INFO ] [app] [启动] ADB(127.0.0.1:5555) Emu(0) 实例#2
[2026-06-10 18:21:14] [INFO ] [app] [启动] 阿仄仄仄
[2026-06-10 18:21:14] [INFO ] [app] 启动模拟器 #0
[2026-06-10 18:21:16] [INFO ] [app] 🧠 智能调度: StartUp,Award,Annihilation,Fight,Infrast,Recruit,Mall
[2026-06-10 18:21:16] [INFO ] [app] 注入配置: D:\1-2\MAAOrch\services\maa\instances\2\config/
[2026-06-10 18:21:16] [INFO ] [app] ✓ 启动 MAA PID=20440
[2026-06-10 18:21:37] [INFO ] [app] [资源] 系统可用内存 3.9GB 不足，暂停新启动
[2026-06-10 18:23:07] [INFO ] [app] [资源] 内存已恢复 (4.1GB 可用)，继续启动
[2026-06-10 18:24:13] [INFO ] [app] [资源] 系统可用内存 3.9GB 不足，暂停新启动
[2026-06-10 18:28:27] [INFO ] [app] [资源] 内存已恢复 (4.1GB 可用)，继续启动
[2026-06-10 18:28:31] [INFO ] [app] [资源] 系统可用内存 3.9GB 不足，暂停新启动
[2026-06-10 18:33:59] [INFO ] [app] [完成] 樄耳东c 退出码=0 耗时=12m45s 🧠 StartUp,Award,Annihilation,Fight,Infrast,Recruit,Mall
[2026-06-10 18:33:59] [INFO ] [app] [账号] 樄耳东c 状态: completed (exit=0)
[2026-06-10 18:33:59] [INFO ] [app] [完成] 阿仄仄仄 退出码=0 耗时=12m42s 🧠 StartUp,Award,Annihilation,Fight,Infrast,Recruit,Mall
[2026-06-10 18:33:59] [INFO ] [app] [账号] 阿仄仄仄 状态: completed (exit=0)
[2026-06-10 18:34:01] [INFO ] [app] [资源] 内存已恢复 (4.2GB 可用)，继续启动
[2026-06-10 18:34:07] [INFO ] [app] ══ 启动 ══
[2026-06-10 18:34:07] [INFO ] [app] [队列] 从历史恢复 0 个等待项
[2026-06-10 18:34:07] [INFO ] [app] 账号: 2 | 仓库: 0 | 分组: 0
[2026-06-10 18:34:08] [INFO ] [app] API 服务已启动: http://127.0.0.1:19999
[2026-06-10 18:34:12] [INFO ] [app] ⚠ 环境检测: 0 个错误, 1 个警告
[2026-06-10 18:36:11] [INFO ] [app] [队列] 樄耳东c 入队 (force)
[2026-06-10 18:36:11] [INFO ] [app] [队列] 阿仄仄仄 入队 (force)
[2026-06-10 18:36:11] [INFO ] [app] ▶ 强制调度含剿灭: 2 个账号已入队
[2026-06-10 18:36:13] [INFO ] [app] [启动] ADB(127.0.0.1:5557) Emu(1) 实例#1
[2026-06-10 18:36:13] [INFO ] [app] [启动] 樄耳东c
[2026-06-10 18:36:13] [INFO ] [app] 启动模拟器 #1
[2026-06-10 18:36:15] [INFO ] [app] 🧠 智能调度: StartUp,Award,Annihilation,Fight,Infrast,Recruit,Mall
[2026-06-10 18:36:15] [INFO ] [app] 注入配置: D:\1-2\MAAOrch\services\maa\instances\1\config/
[2026-06-10 18:36:15] [INFO ] [app] ✓ 启动 MAA PID=11344
[2026-06-10 18:36:15] [INFO ] [app] [启动] ADB(127.0.0.1:5555) Emu(0) 实例#2
[2026-06-10 18:36:15] [INFO ] [app] [启动] 阿仄仄仄
[2026-06-10 18:36:15] [INFO ] [app] 启动模拟器 #0
[2026-06-10 18:36:17] [INFO ] [app] 🧠 智能调度: StartUp,Award,Annihilation,Fight,Infrast,Recruit,Mall
[2026-06-10 18:36:17] [INFO ] [app] 注入配置: D:\1-2\MAAOrch\services\maa\instances\2\config/
[2026-06-10 18:36:17] [INFO ] [app] ✓ 启动 MAA PID=10076
[2026-06-10 18:36:27] [INFO ] [app] [资源] 系统可用内存 3.9GB 不足，暂停新启动
[2026-06-10 18:43:19] [INFO ] [app] [完成] 阿仄仄仄 退出码=0 耗时=7m1s 🧠 StartUp,Award,Annihilation,Fight,Infrast,Recruit,Mall
[2026-06-10 18:43:19] [INFO ] [app] [账号] 阿仄仄仄 状态: completed (exit=0)
[2026-06-10 18:43:21] [INFO ] [app] [完成] 樄耳东c 退出码=0 耗时=7m6s 🧠 StartUp,Award,Annihilation,Fight,Infrast,Recruit,Mall
[2026-06-10 18:43:21] [INFO ] [app] [账号] 樄耳东c 状态: completed (exit=0)
[2026-06-10 18:43:23] [INFO ] [app] [资源] 内存已恢复 (7.9GB 可用)，继续启动
[2026-06-10 18:43:28] [INFO ] [app] ══ 启动 ══
[2026-06-10 18:43:28] [INFO ] [app] [队列] 从历史恢复 0 个等待项
[2026-06-10 18:43:28] [INFO ] [app] 账号: 2 | 仓库: 0 | 分组: 0
[2026-06-10 18:43:29] [INFO ] [app] API 服务已启动: http://127.0.0.1:19999
[2026-06-10 18:43:30] [INFO ] [app] [状态] 运行中: 0/2 | 队列: 0 | 错误: 0
[2026-06-10 18:43:33] [INFO ] [app] ⚠ 环境检测: 0 个错误, 1 个警告
[2026-06-10 18:43:44] [INFO ] [app] [队列] 樄耳东c 入队 (定时)
[2026-06-10 18:43:44] [INFO ] [app] [队列] 阿仄仄仄 入队 (定时)
[2026-06-10 18:43:44] [INFO ] [app] 🧠 智能调度: 2 个账号已入队
[2026-06-10 18:43:44] [INFO ] [app] [启动] ADB(127.0.0.1:5557) Emu(1) 实例#1
[2026-06-10 18:43:44] [INFO ] [app] [启动] 樄耳东c
[2026-06-10 18:43:44] [INFO ] [app] 启动模拟器 #1
[2026-06-10 18:43:47] [INFO ] [app] 🧠 智能调度: StartUp,Award,Annihilation,Fight
[2026-06-10 18:43:47] [INFO ] [app] 注入配置: D:\1-2\MAAOrch\services\maa\instances\1\config/
[2026-06-10 18:43:47] [INFO ] [app] ✓ 启动 MAA PID=25008
[2026-06-10 18:43:47] [INFO ] [app] [启动] ADB(127.0.0.1:5555) Emu(0) 实例#2
[2026-06-10 18:43:47] [INFO ] [app] [启动] 阿仄仄仄
[2026-06-10 18:43:47] [INFO ] [app] 启动模拟器 #0
[2026-06-10 18:43:49] [INFO ] [app] 🧠 智能调度: StartUp,Award,Annihilation,Fight
[2026-06-10 18:43:49] [INFO ] [app] 注入配置: D:\1-2\MAAOrch\services\maa\instances\2\config/
[2026-06-10 18:43:49] [INFO ] [app] ✓ 启动 MAA PID=11908
[2026-06-10 18:44:00] [INFO ] [app] [状态] 运行中: 2/2 | 队列: 0 | 错误: 0
[2026-06-10 18:44:02] [INFO ] [app] [资源] 系统可用内存 3.9GB 不足，暂停新启动
[2026-06-10 18:49:21] [INFO ] [app] [资源] 内存已恢复 (4.8GB 可用)，继续启动
[2026-06-10 18:49:21] [INFO ] [app] [完成] 樄耳东c 退出码=0 耗时=5m34s 🧠 StartUp,Award,Annihilation,Fight
[2026-06-10 18:49:21] [INFO ] [app] [账号] 樄耳东c 状态: completed (exit=0)
[2026-06-10 19:25:55] [INFO ] [app] ══ 启动 ══
[2026-06-10 19:25:55] [INFO ] [app] [队列] 从历史恢复 0 个等待项
[2026-06-10 19:25:55] [INFO ] [app] 账号: 2 | 仓库: 0 | 分组: 0
[2026-06-10 19:25:55] [INFO ] [app] API 服务已启动: http://127.0.0.1:19999
[2026-06-10 19:26:00] [INFO ] [app] ⚠ 环境检测: 0 个错误, 1 个警告
[2026-06-10 19:26:08] [INFO ] [app] [队列] 樄耳东c 入队 (force)
[2026-06-10 19:26:08] [INFO ] [app] [队列] 阿仄仄仄 入队 (force)
[2026-06-10 19:26:08] [INFO ] [app] ▶ 强制调度刷关: 2 个账号已入队
[2026-06-10 19:26:10] [INFO ] [app] [启动] ADB(127.0.0.1:5557) Emu(1) 实例#1
[2026-06-10 19:26:10] [INFO ] [app] [启动] 樄耳东c
[2026-06-10 19:26:10] [INFO ] [app] 启动模拟器 #1
[2026-06-10 19:26:12] [INFO ] [app] 🧠 智能调度: StartUp,Award,Fight,Infrast,Recruit,Mall
[2026-06-10 19:26:12] [INFO ] [app] 注入配置: D:\1-2\MAAOrch\services\maa\instances\1\config/
[2026-06-10 19:26:12] [INFO ] [app] ✓ 启动 MAA PID=19924
[2026-06-10 19:26:12] [INFO ] [app] [启动] ADB(127.0.0.1:5555) Emu(0) 实例#2
[2026-06-10 19:26:12] [INFO ] [app] [启动] 阿仄仄仄
[2026-06-10 19:26:12] [INFO ] [app] 启动模拟器 #0
[2026-06-10 19:26:15] [INFO ] [app] 🧠 智能调度: StartUp,Award,Fight,Infrast,Recruit,Mall
[2026-06-10 19:26:15] [INFO ] [app] 注入配置: D:\1-2\MAAOrch\services\maa\instances\2\config/
[2026-06-10 19:26:15] [INFO ] [app] ✓ 启动 MAA PID=9096
[2026-06-10 19:26:35] [INFO ] [app] [资源] 系统可用内存 4.0GB 不足，暂停新启动
[2026-06-10 19:35:17] [INFO ] [app] [资源] 内存已恢复 (4.8GB 可用)，继续启动
[2026-06-10 19:37:37] [INFO ] [app] [资源] 系统可用内存 4.0GB 不足，暂停新启动
[2026-06-10 19:37:41] [INFO ] [app] [资源] 内存已恢复 (4.0GB 可用)，继续启动
[2026-06-10 19:41:21] [INFO ] [app] [资源] 系统可用内存 4.0GB 不足，暂停新启动
[2026-06-10 19:41:23] [INFO ] [app] [资源] 内存已恢复 (4.0GB 可用)，继续启动
[2026-06-10 19:41:41] [INFO ] [app] [资源] 系统可用内存 3.8GB 不足，暂停新启动
[2026-06-10 19:41:47] [INFO ] [app] [资源] 内存已恢复 (4.1GB 可用)，继续启动
[2026-06-10 19:43:35] [INFO ] [app] [资源] 系统可用内存 3.8GB 不足，暂停新启动
[2026-06-10 19:43:37] [INFO ] [app] [资源] 内存已恢复 (4.0GB 可用)，继续启动
[2026-06-10 19:43:49] [INFO ] [app] [资源] 系统可用内存 4.0GB 不足，暂停新启动
[2026-06-10 19:45:35] [INFO ] [app] [资源] 内存已恢复 (6.2GB 可用)，继续启动
[2026-06-10 19:45:45] [INFO ] [app] [完成] 阿仄仄仄 退出码=0 耗时=19m30s 🧠 StartUp,Award,Fight,Infrast,Recruit,Mall
[2026-06-10 19:45:45] [INFO ] [app] [账号] 阿仄仄仄 状态: completed (exit=0)
[2026-06-10 19:45:47] [INFO ] [app] [完成] 樄耳东c 退出码=0 耗时=19m34s 🧠 StartUp,Award,Fight,Infrast,Recruit,Mall
[2026-06-10 19:45:47] [INFO ] [app] [账号] 樄耳东c 状态: completed (exit=0)
[2026-06-10 20:03:46] [INFO ] [app] ══ 启动 ══
[2026-06-10 20:03:46] [INFO ] [app] [队列] 从历史恢复 0 个等待项
[2026-06-10 20:03:46] [INFO ] [app] 账号: 2 | 仓库: 0 | 分组: 0
[2026-06-10 20:03:46] [INFO ] [app] API 服务已启动: http://127.0.0.1:19999
[2026-06-10 20:03:51] [INFO ] [app] ⚠ 环境检测: 0 个错误, 1 个警告
[2026-06-10 20:03:53] [INFO ] [app] [队列] 樄耳东c 入队 (force)
[2026-06-10 20:03:53] [INFO ] [app] [队列] 阿仄仄仄 入队 (force)
[2026-06-10 20:03:53] [INFO ] [app] ▶ 强制调度含剿灭: 2 个账号已入队
[2026-06-10 20:03:54] [INFO ] [app] [启动] ADB(127.0.0.1:5557) Emu(1) 实例#1
[2026-06-10 20:03:54] [INFO ] [app] [启动] 樄耳东c
[2026-06-10 20:03:54] [INFO ] [app] 启动模拟器 #1
[2026-06-10 20:03:57] [INFO ] [app] 🧠 智能调度: StartUp,Award,Annihilation,Fight,Infrast,Recruit,Mall
[2026-06-10 20:03:57] [INFO ] [app] 注入配置: D:\1-2\MAAOrch\services\maa\instances\1\config/
[2026-06-10 20:03:57] [INFO ] [app] ✓ 启动 MAA PID=7192
[2026-06-10 20:03:57] [INFO ] [app] [启动] ADB(127.0.0.1:5555) Emu(0) 实例#2
[2026-06-10 20:03:57] [INFO ] [app] [启动] 阿仄仄仄
[2026-06-10 20:03:57] [INFO ] [app] 启动模拟器 #0
[2026-06-10 20:03:59] [INFO ] [app] 🧠 智能调度: StartUp,Award,Annihilation,Fight,Infrast,Recruit,Mall
[2026-06-10 20:03:59] [INFO ] [app] 注入配置: D:\1-2\MAAOrch\services\maa\instances\2\config/
[2026-06-10 20:03:59] [INFO ] [app] ✓ 启动 MAA PID=26700
[2026-06-10 20:04:00] [INFO ] [app] [状态] 运行中: 2/2 | 队列: 0 | 错误: 0
[2026-06-10 20:04:06] [INFO ] [app] [资源] 系统可用内存 3.8GB 不足，暂停新启动
[2026-06-10 20:04:20] [INFO ] [app] [完成] 阿仄仄仄 退出码=0 耗时=0m20s 🧠 StartUp,Award,Annihilation,Fight,Infrast,Recruit,Mall
[2026-06-10 20:04:20] [INFO ] [app] [账号] 阿仄仄仄 状态: completed (exit=0)
[2026-06-10 20:04:22] [INFO ] [app] [资源] 内存已恢复 (4.2GB 可用)，继续启动
[2026-06-10 20:04:22] [INFO ] [app] [完成] 樄耳东c 退出码=0 耗时=0m25s 🧠 StartUp,Award,Annihilation,Fight,Infrast,Recruit,Mall
[2026-06-10 20:04:22] [INFO ] [app] [账号] 樄耳东c 状态: completed (exit=0)
[2026-06-10 20:04:30] [INFO ] [app] [状态] 运行中: 0/2 | 队列: 0 | 错误: 0
[2026-06-10 20:05:00] [INFO ] [app] [状态] 运行中: 0/2 | 队列: 0 | 错误: 0
[2026-06-10 20:05:31] [INFO ] [app] ══ 启动 ══
[2026-06-10 20:05:31] [INFO ] [app] [队列] 从历史恢复 0 个等待项
[2026-06-10 20:05:31] [INFO ] [app] 账号: 2 | 仓库: 0 | 分组: 0
[2026-06-10 20:05:31] [INFO ] [app] API 服务已启动: http://127.0.0.1:19999
[2026-06-10 20:05:36] [INFO ] [app] ⚠ 环境检测: 0 个错误, 1 个警告
[2026-06-10 20:07:12] [INFO ] [app] [队列] 樄耳东c 入队 (force)
[2026-06-10 20:07:12] [INFO ] [app] [队列] 阿仄仄仄 入队 (force)
[2026-06-10 20:07:12] [INFO ] [app] ▶ 强制调度含剿灭: 2 个账号已入队
[2026-06-10 20:07:13] [INFO ] [app] [启动] ADB(127.0.0.1:5557) Emu(1) 实例#1
[2026-06-10 20:07:13] [INFO ] [app] [启动] 樄耳东c
[2026-06-10 20:07:13] [INFO ] [app] 启动模拟器 #1
[2026-06-10 20:07:15] [INFO ] [app] 🧠 智能调度: StartUp,Award,Annihilation,Fight,Infrast,Recruit,Mall
[2026-06-10 20:07:15] [INFO ] [app] 注入配置: D:\1-2\MAAOrch\services\maa\instances\1\config/
[2026-06-10 20:07:15] [INFO ] [app] ✓ 启动 MAA PID=16748
[2026-06-10 20:07:16] [INFO ] [app] [启动] ADB(127.0.0.1:5555) Emu(0) 实例#2
[2026-06-10 20:07:16] [INFO ] [app] [启动] 阿仄仄仄
[2026-06-10 20:07:16] [INFO ] [app] 启动模拟器 #0
[2026-06-10 20:07:18] [INFO ] [app] 🧠 智能调度: StartUp,Award,Annihilation,Fight,Infrast,Recruit,Mall
[2026-06-10 20:07:18] [INFO ] [app] 注入配置: D:\1-2\MAAOrch\services\maa\instances\2\config/
[2026-06-10 20:07:18] [INFO ] [app] ✓ 启动 MAA PID=26484
[2026-06-10 20:07:25] [INFO ] [app] [资源] 系统可用内存 3.6GB 不足，暂停新启动
[2026-06-10 20:07:41] [INFO ] [app] [完成] 阿仄仄仄 退出码=0 耗时=0m23s 🧠 StartUp,Award,Annihilation,Fight,Infrast,Recruit,Mall
[2026-06-10 20:07:41] [INFO ] [app] [账号] 阿仄仄仄 状态: completed (exit=0)
[2026-06-10 20:07:45] [INFO ] [app] [完成] 樄耳东c 退出码=0 耗时=0m29s 🧠 StartUp,Award,Annihilation,Fight,Infrast,Recruit,Mall
[2026-06-10 20:07:45] [INFO ] [app] [账号] 樄耳东c 状态: completed (exit=0)
[2026-06-10 20:07:49] [INFO ] [app] [资源] 内存已恢复 (4.8GB 可用)，继续启动
[2026-06-10 20:08:12] [INFO ] [app] 已添加账号: 阿仄仄仄
[2026-06-10 20:08:27] [INFO ] [app] 已添加账号: 樄耳东c
[2026-06-10 20:11:07] [INFO ] [app] 智能调度未启用
[2026-06-10 20:11:15] [INFO ] [app] 智能调度未启用
[2026-06-10 20:11:17] [INFO ] [app] [队列] 阿仄仄仄 入队 (定时)
[2026-06-10 20:11:17] [INFO ] [app] [队列] 樄耳东c 入队 (定时)
[2026-06-10 20:11:17] [INFO ] [app] 🧠 智能调度: 2 个账号已入队
[2026-06-10 20:11:19] [INFO ] [app] [队列] 阿仄仄仄 入队 (force)
[2026-06-10 20:11:19] [INFO ] [app] [队列] 樄耳东c 入队 (force)
[2026-06-10 20:11:19] [INFO ] [app] ▶ 强制调度含剿灭: 2 个账号已入队
[2026-06-10 20:11:31] [INFO ] [app] [启动] ADB(127.0.0.1:16384) Emu(0) 实例#1
[2026-06-10 20:11:31] [INFO ] [app] [启动] 阿仄仄仄
[2026-06-10 20:11:31] [INFO ] [app] 启动模拟器 #0
[2026-06-10 20:11:33] [INFO ] [app] 🧠 智能调度: StartUp,Award,Annihilation,Fight,Infrast,Recruit,Mall
[2026-06-10 20:11:33] [INFO ] [app] 注入配置: D:\1-2\MAAOrch\services\maa\instances\1\config/
[2026-06-10 20:11:33] [INFO ] [app] ✓ 启动 MAA PID=27624
[2026-06-10 20:11:33] [INFO ] [app] [启动] ADB(127.0.0.1:16416) Emu(1) 实例#2
[2026-06-10 20:11:33] [INFO ] [app] [启动] 樄耳东c
[2026-06-10 20:11:33] [INFO ] [app] 启动模拟器 #1
[2026-06-10 20:11:35] [INFO ] [app] 🧠 智能调度: StartUp,Award,Annihilation,Fight,Infrast,Recruit,Mall
[2026-06-10 20:11:35] [INFO ] [app] 注入配置: D:\1-2\MAAOrch\services\maa\instances\2\config/
[2026-06-10 20:11:35] [INFO ] [app] ✓ 启动 MAA PID=25544
[2026-06-10 20:11:43] [INFO ] [app] [资源] 系统可用内存 3.5GB 不足，暂停新启动
[2026-06-10 20:27:01] [INFO ] [app] [资源] 内存已恢复 (5.5GB 可用)，继续启动
[2026-06-10 20:30:17] [INFO ] [app] [完成] 樄耳东c 退出码=0 耗时=18m41s 🧠 StartUp,Award,Annihilation,Fight,Infrast,Recruit,Mall
[2026-06-10 20:30:17] [INFO ] [app] [账号] 樄耳东c 状态: completed (exit=0)
[2026-06-10 20:30:19] [INFO ] [app] [完成] 阿仄仄仄 退出码=0 耗时=18m46s 🧠 StartUp,Award,Annihilation,Fight,Infrast,Recruit,Mall
[2026-06-10 20:30:19] [INFO ] [app] [账号] 阿仄仄仄 状态: completed (exit=0)
[2026-06-10 20:33:07] [INFO ] [app] ══ 启动 ══
[2026-06-10 20:33:07] [INFO ] [app] [队列] 从历史恢复 0 个等待项
[2026-06-10 20:33:07] [INFO ] [app] 账号: 2 | 仓库: 0 | 分组: 0
[2026-06-10 20:33:07] [INFO ] [app] API 服务已启动: http://127.0.0.1:19999
[2026-06-10 20:33:12] [INFO ] [app] ⚠ 环境检测: 0 个错误, 1 个警告
[2026-06-10 20:33:13] [INFO ] [app] [队列] 阿仄仄仄 入队 (force)
[2026-06-10 20:33:13] [INFO ] [app] [队列] 樄耳东c 入队 (force)
[2026-06-10 20:33:13] [INFO ] [app] ▶ 强制调度含剿灭: 2 个账号已入队
[2026-06-10 20:33:14] [INFO ] [app] [启动] ADB(127.0.0.1:16384) Emu(0) 实例#1
[2026-06-10 20:33:14] [INFO ] [app] [启动] 阿仄仄仄
[2026-06-10 20:33:14] [INFO ] [app] 启动模拟器 #0
[2026-06-10 20:33:16] [INFO ] [app] 🧠 智能调度: StartUp,Award,Annihilation,Fight,Infrast,Recruit,Mall
[2026-06-10 20:33:17] [INFO ] [app] 注入配置: D:\1-2\MAAOrch\services\maa\instances\1\config/
[2026-06-10 20:33:17] [INFO ] [app] ✓ 启动 MAA PID=300
[2026-06-10 20:33:17] [INFO ] [app] [启动] ADB(127.0.0.1:16416) Emu(1) 实例#2
[2026-06-10 20:33:17] [INFO ] [app] [启动] 樄耳东c
[2026-06-10 20:33:17] [INFO ] [app] 启动模拟器 #1
[2026-06-10 20:33:19] [INFO ] [app] 🧠 智能调度: StartUp,Award,Annihilation,Fight,Infrast,Recruit,Mall
[2026-06-10 20:33:19] [INFO ] [app] 注入配置: D:\1-2\MAAOrch\services\maa\instances\2\config/
[2026-06-10 20:33:19] [INFO ] [app] ✓ 启动 MAA PID=23284
[2026-06-10 20:33:39] [INFO ] [app] [资源] 系统可用内存 3.9GB 不足，暂停新启动
[2026-06-10 20:37:31] [INFO ] [app] [完成] 阿仄仄仄 退出码=0 耗时=4m14s 🧠 StartUp,Award,Annihilation,Fight,Infrast,Recruit,Mall
[2026-06-10 20:37:31] [INFO ] [app] [账号] 阿仄仄仄 状态: completed (exit=0)
[2026-06-10 20:37:33] [INFO ] [app] [资源] 内存已恢复 (5.3GB 可用)，继续启动
[2026-06-10 20:37:45] [INFO ] [app] [完成] 樄耳东c 退出码=0 耗时=4m25s 🧠 StartUp,Award,Annihilation,Fight,Infrast,Recruit,Mall
[2026-06-10 20:37:45] [INFO ] [app] [账号] 樄耳东c 状态: completed (exit=0)
[2026-06-10 20:37:57] [INFO ] [app] ══ 启动 ══
[2026-06-10 20:37:57] [INFO ] [app] [队列] 从历史恢复 0 个等待项
[2026-06-10 20:37:57] [INFO ] [app] 账号: 2 | 仓库: 0 | 分组: 0
[2026-06-10 20:37:58] [INFO ] [app] API 服务已启动: http://127.0.0.1:19999
[2026-06-10 20:38:02] [INFO ] [app] ⚠ 环境检测: 0 个错误, 1 个警告
[2026-06-11 00:00:11] [INFO ] [app] ══ 启动 ══
[2026-06-11 00:00:11] [INFO ] [app] [队列] 从历史恢复 0 个等待项
[2026-06-11 00:00:11] [INFO ] [app] 账号: 2 | 仓库: 0 | 分组: 0
[2026-06-11 00:00:11] [INFO ] [app] API 服务已启动: http://127.0.0.1:19999
[2026-06-11 00:00:16] [INFO ] [app] ⚠ 环境检测: 0 个错误, 1 个警告
[2026-06-11 13:05:15] [DEBUG] [T:6632] [queue._tick:217] 跳过 a1: 已在运行
[2026-06-11 13:05:15] [DEBUG] [T:6632] [queue._tick:230] 跳过 a2: 模拟器 0 被占用
[2026-06-11 13:07:39] [DEBUG] [T:10676] [queue._tick:217] 跳过 a1: 已在运行
[2026-06-11 13:07:39] [DEBUG] [T:10676] [queue._tick:230] 跳过 a2: 模拟器 0 被占用
[2026-06-11 13:08:14] [DEBUG] [T:14896] [queue._tick:217] 跳过 a1: 已在运行
[2026-06-11 13:08:14] [DEBUG] [T:14896] [queue._tick:230] 跳过 a2: 模拟器 0 被占用
[2026-06-11 13:12:49] [DEBUG] [T:16316] [queue._tick:217] 跳过 a1: 已在运行
[2026-06-11 13:12:49] [DEBUG] [T:16316] [queue._tick:230] 跳过 a2: 模拟器 0 被占用
[2026-06-11 13:25:41] [DEBUG] [T:7244] [queue._tick:229] 跳过 a1: 已在运行
[2026-06-11 13:25:41] [DEBUG] [T:7244] [queue._tick:242] 跳过 a2: 模拟器 0 被占用
[2026-06-11 13:30:28] [DEBUG] [T:17364] [queue._tick:229] 跳过 a1: 已在运行
[2026-06-11 13:30:28] [DEBUG] [T:17364] [queue._tick:242] 跳过 a2: 模拟器 0 被占用
[2026-06-11 13:34:56] [DEBUG] [T:8888] [queue._tick:229] 跳过 a1: 已在运行
[2026-06-11 13:34:56] [DEBUG] [T:8888] [queue._tick:242] 跳过 a2: 模拟器 0 被占用
[2026-06-11 13:42:24] [DEBUG] [T:14136] [queue._tick:240] 跳过 a1: 已在运行
[2026-06-11 13:42:24] [DEBUG] [T:14136] [queue._tick:253] 跳过 a2: 模拟器 0 被占用
[2026-06-11 13:50:34] [DEBUG] [T:23708] [queue._tick:240] 跳过 a1: 已在运行
[2026-06-11 13:50:34] [DEBUG] [T:23708] [queue._tick:253] 跳过 a2: 模拟器 0 被占用
[2026-06-11 15:43:43] [DEBUG] [T:16832] [queue._tick:240] 跳过 a1: 已在运行
[2026-06-11 15:43:43] [DEBUG] [T:16832] [queue._tick:253] 跳过 a2: 模拟器 0 被占用
[2026-06-11 15:44:35] [DEBUG] [T:26272] [queue._tick:240] 跳过 a1: 已在运行
[2026-06-11 15:44:35] [DEBUG] [T:26272] [queue._tick:253] 跳过 a2: 模拟器 0 被占用
[2026-06-11 15:52:02] [DEBUG] [T:12328] [queue._tick:240] 跳过 a1: 已在运行
[2026-06-11 15:52:02] [DEBUG] [T:12328] [queue._tick:253] 跳过 a2: 模拟器 0 被占用
[2026-06-11 16:15:50] [DEBUG] [T:456] [queue._tick:227] 跳过 a1: 已在运行
[2026-06-11 16:15:50] [DEBUG] [T:456] [queue._tick:240] 跳过 a2: 模拟器 0 被占用
[2026-06-11 16:17:19] [INFO ] [T:28060] [app._log:192] ══ 启动 ══
[2026-06-11 16:17:19] [INFO ] [T:28060] [app._log:192] [队列] 从历史恢复 0 个等待项
[2026-06-11 16:17:19] [INFO ] [T:28060] [app._log:192] 账号: 2 | 仓库: 0 | 分组: 0
[2026-06-11 16:17:19] [INFO ] [T:28060] [app._log:192] API 服务已启动: http://127.0.0.1:19999
[2026-06-11 16:17:21] [INFO ] [T:28060] [app._log:192] [队列] 阿仄仄仄 入队 (force)
[2026-06-11 16:17:21] [INFO ] [T:28060] [app._log:192] [队列] 樄耳东c 入队 (force)
[2026-06-11 16:17:21] [INFO ] [T:28060] [app._log:192] ▶ 强制调度刷关: 2 个账号已入队
[2026-06-11 16:17:22] [INFO ] [T:28060] [app._log:192] [启动] ADB(127.0.0.1:16384) Emu(0) 实例#1
[2026-06-11 16:17:22] [INFO ] [T:28060] [app._log:192] [启动] 阿仄仄仄
[2026-06-11 16:17:22] [INFO ] [T:28060] [app._log:192] 启动模拟器 #0
[2026-06-11 16:17:23] [INFO ] [T:28060] [app._log:192] 等待模拟器就绪 (最长 30s)...
[2026-06-11 16:17:24] [INFO ] [T:28060] [app._log:192] ⚠ 环境检测: 0 个错误, 1 个警告
[2026-06-11 16:17:27] [INFO ] [T:28060] [app._log:192] [启动] ADB(127.0.0.1:16416) Emu(1) 实例#1
[2026-06-11 16:17:27] [INFO ] [T:28060] [app._log:192] [启动] 樄耳东c
[2026-06-11 16:17:27] [INFO ] [T:28060] [app._log:192] 启动模拟器 #1
[2026-06-11 16:17:28] [INFO ] [T:28060] [app._log:192] 等待模拟器就绪 (最长 30s)...
[2026-06-11 16:17:34] [INFO ] [T:28060] [app._log:192] 模拟器 #0 已就绪
[2026-06-11 16:17:35] [INFO ] [T:28060] [app._log:192] 🧠 智能调度: StartUp,Award,Fight,Infrast,Recruit,Mall
[2026-06-11 16:17:35] [INFO ] [T:26704] [injector._write:567] 写入 gui.json (use_v6=False, tasks=0, infra_mode=Normal)
[2026-06-11 16:17:35] [INFO ] [T:26704] [injector._write:567] 写入 gui.new.json (use_v6=True, tasks=9, infra_mode=Normal)
[2026-06-11 16:17:35] [INFO ] [T:28060] [app._log:192] 注入配置: D:\1-2\MAAOrch\services\maa\instances\1\config/
[2026-06-11 16:17:35] [INFO ] [T:28060] [app._log:192] ✓ 启动 MAA PID=28180
[2026-06-11 16:17:37] [DEBUG] [T:28060] [runner._check_one:483] [asst.log] 0e7b6a1b: pos 0 → 0, changed=False
[2026-06-11 16:17:37] [DEBUG] [T:28060] [runner._check_one:483] [asst.log] 0e7b6a1b: pos 0 → 0, changed=False
[2026-06-11 16:17:39] [DEBUG] [T:28060] [runner._check_one:483] [asst.log] 0e7b6a1b: pos 0 → 0, changed=False
[2026-06-11 16:17:39] [DEBUG] [T:28060] [runner._check_one:483] [asst.log] 0e7b6a1b: pos 0 → 0, changed=False
[2026-06-11 16:17:39] [INFO ] [T:28060] [app._log:192] 模拟器 #1 已就绪
[2026-06-11 16:17:40] [INFO ] [T:28060] [app._log:192] 🧠 智能调度: StartUp,Award,Fight,Infrast,Recruit,Mall
[2026-06-11 16:17:40] [INFO ] [T:26024] [injector._write:567] 写入 gui.json (use_v6=False, tasks=0, infra_mode=Normal)
[2026-06-11 16:17:40] [INFO ] [T:26024] [injector._write:567] 写入 gui.new.json (use_v6=True, tasks=9, infra_mode=Normal)
[2026-06-11 16:17:40] [INFO ] [T:28060] [app._log:192] 注入配置: D:\1-2\MAAOrch\services\maa\instances\1\config/
[2026-06-11 16:17:40] [INFO ] [T:28060] [app._log:192] ✓ 启动 MAA PID=22804
[2026-06-11 16:17:41] [INFO ] [T:28060] [app._log:192] [资源] 系统可用内存 4.0GB 不足，暂停新启动
[2026-06-11 16:17:41] [DEBUG] [T:28060] [runner._check_one:483] [asst.log] 0e7b6a1b: pos 0 → 0, changed=False
[2026-06-11 16:17:41] [DEBUG] [T:28060] [runner._check_one:483] [asst.log] 4f9d5e58: pos 0 → 0, changed=False
[2026-06-11 16:17:41] [DEBUG] [T:28060] [runner._check_one:483] [asst.log] 0e7b6a1b: pos 0 → 0, changed=False
[2026-06-11 16:17:41] [DEBUG] [T:28060] [runner._check_one:483] [asst.log] 4f9d5e58: pos 0 → 0, changed=False
[2026-06-11 16:17:43] [DEBUG] [T:28060] [runner._check_one:483] [asst.log] 0e7b6a1b: pos 0 → 20996, changed=True
[2026-06-11 16:17:43] [DEBUG] [T:28060] [runner._check_one:489] [asst.log] head='[2026-06-11 16:17:41.365][TRC][Px28180][Tx50651] -----------------------------\n[2026-06-11 16:17:41.368][TRC][Px28180][Tx50651] MaaCore Process Start\n[2026-06-11 16:17:41.368][TRC][Px28180][Tx50651] V'
[2026-06-11 16:17:43] [DEBUG] [T:28060] [runner._check_one:483] [asst.log] 4f9d5e58: pos 0 → 20996, changed=True
[2026-06-11 16:17:43] [DEBUG] [T:28060] [runner._check_one:489] [asst.log] head='[2026-06-11 16:17:41.365][TRC][Px28180][Tx50651] -----------------------------\n[2026-06-11 16:17:41.368][TRC][Px28180][Tx50651] MaaCore Process Start\n[2026-06-11 16:17:41.368][TRC][Px28180][Tx50651] V'
[2026-06-11 16:17:43] [DEBUG] [T:28060] [runner._check_one:483] [asst.log] 0e7b6a1b: pos 20996 → 20996, changed=False
[2026-06-11 16:17:43] [DEBUG] [T:28060] [runner._check_one:483] [asst.log] 4f9d5e58: pos 20996 → 20996, changed=False
[2026-06-11 16:17:45] [DEBUG] [T:28060] [runner._check_one:483] [asst.log] 0e7b6a1b: pos 20996 → 22251, changed=True
[2026-06-11 16:17:45] [DEBUG] [T:28060] [runner._check_one:489] [asst.log] head='[2026-06-11 16:17:44.870][INF][Px28180][Tx49907] MuMuEmulator12 {\n}\n[2026-06-11 16:17:44.870][INF][Px28180][Tx49907] asst::Assistant::set_instance_option | key 6 value \n[2026-06-11 16:17:44.871][TRC]['
[2026-06-11 16:17:45] [DEBUG] [T:28060] [runner._check_one:483] [asst.log] 4f9d5e58: pos 20996 → 22251, changed=True
[2026-06-11 16:17:45] [DEBUG] [T:28060] [runner._check_one:489] [asst.log] head='[2026-06-11 16:17:44.870][INF][Px28180][Tx49907] MuMuEmulator12 {\n}\n[2026-06-11 16:17:44.870][INF][Px28180][Tx49907] asst::Assistant::set_instance_option | key 6 value \n[2026-06-11 16:17:44.871][TRC]['
[2026-06-11 16:17:45] [DEBUG] [T:28060] [runner._check_one:483] [asst.log] 0e7b6a1b: pos 22251 → 22251, changed=False
[2026-06-11 16:17:45] [DEBUG] [T:28060] [runner._check_one:483] [asst.log] 4f9d5e58: pos 22251 → 22251, changed=False
[2026-06-11 16:17:47] [DEBUG] [T:28060] [runner._check_one:483] [asst.log] 0e7b6a1b: pos 22251 → 24296, changed=True
[2026-06-11 16:17:47] [DEBUG] [T:28060] [runner._check_one:489] [asst.log] head='[2026-06-11 16:17:45.283][INF][Px28180][Tx49907] Call ` D:\\Xiach\\MuMuPlayer\\nx_main\\adb.exe connect 127.0.0.1:16384 ` ret 0 , cost 141 ms , stdout size: 38 , socket size: 0\n[2026-06-11 16:17:45.283][T'
[2026-06-11 16:17:47] [DEBUG] [T:28060] [runner._cleanup:622] [完成] 樄耳东c MAA 自行退出 (PostActions=6)
[2026-06-11 16:17:47] [INFO ] [T:28060] [app._log:192] [完成] 樄耳东c 退出码=0 耗时=0m6s 🧠 StartUp,Award,Fight,Infrast,Recruit,Mall
[2026-06-11 16:17:47] [INFO ] [T:28060] [app._log:192] [账号] 樄耳东c 状态: completed (exit=0)
[2026-06-11 16:17:47] [DEBUG] [T:28060] [runner._check_one:483] [asst.log] 0e7b6a1b: pos 24296 → 24296, changed=False
[2026-06-11 16:17:49] [DEBUG] [T:28060] [runner._check_one:483] [asst.log] 0e7b6a1b: pos 24296 → 27492, changed=True
[2026-06-11 16:17:49] [DEBUG] [T:28060] [runner._check_one:489] [asst.log] head='[2026-06-11 16:17:47.620][INF][Px28180][Tx49907] MuMuEmulator12 {\n}\n[2026-06-11 16:17:47.620][INF][Px28180][Tx49907] asst::Assistant::set_instance_option | key 6 value \n[2026-06-11 16:17:47.620][TRC]['
[2026-06-11 16:17:49] [DEBUG] [T:28060] [runner._check_one:483] [asst.log] 0e7b6a1b: pos 27492 → 27492, changed=False
[2026-06-11 16:17:51] [DEBUG] [T:28060] [runner._check_one:483] [asst.log] 0e7b6a1b: pos 27492 → 30995, changed=True
[2026-06-11 16:17:51] [DEBUG] [T:28060] [runner._check_one:489] [asst.log] head='[2026-06-11 16:17:49.471][INF][Px28180][Tx49907] Call ` D:\\Xiach\\MuMuPlayer\\nx_main\\adb.exe -s 127.0.0.1:16384 shell " cat /proc/net/arp | grep : " ` ret 0 , cost 357 ms , stdout size: 79 , socket siz'
[2026-06-11 16:17:51] [DEBUG] [T:28060] [runner._check_one:483] [asst.log] 0e7b6a1b: pos 30995 → 30995, changed=False
[2026-06-11 16:17:53] [DEBUG] [T:28060] [runner._check_one:483] [asst.log] 0e7b6a1b: pos 30995 → 40809, changed=True
[2026-06-11 16:17:53] [DEBUG] [T:28060] [runner._check_one:489] [asst.log] head='[2026-06-11 16:17:51.746][INF][Px28180][Tx49907] Call ` D:\\Xiach\\MuMuPlayer\\nx_main\\adb.exe -s 127.0.0.1:16384 exec-out "screencap | nc -w 3 10.0.2.2 49182" ` ret 0 , cost 814 ms , stdout size: 0 , so'
[2026-06-11 16:17:53] [DEBUG] [T:28060] [runner._check_one:483] [asst.log] 0e7b6a1b: pos 40809 → 40809, changed=False
[2026-06-11 16:17:55] [DEBUG] [T:28060] [runner._check_one:483] [asst.log] 0e7b6a1b: pos 40809 → 43476, changed=True
[2026-06-11 16:17:55] [DEBUG] [T:28060] [runner._check_one:489] [asst.log] head='[2026-06-11 16:17:53.319][INF][Px28180][Tx52764] asst::Assistant::set_task_params 2 {"stage":"CE-6","medicine":0,"medicine_expire_days":0,"stone":0,"times":2147483647,"series":0,"DrGrandet":false,"rep'
[2026-06-11 16:17:55] [DEBUG] [T:28060] [runner._check_one:483] [asst.log] 0e7b6a1b: pos 43476 → 43476, changed=False
[2026-06-11 16:17:57] [DEBUG] [T:28060] [runner._check_one:483] [asst.log] 0e7b6a1b: pos 43476 → 44705, changed=True
[2026-06-11 16:17:57] [DEBUG] [T:28060] [runner._check_one:489] [asst.log] head='[2026-06-11 16:17:56.245][INF][Px28180][Tx29747] Call ` D:\\Xiach\\MuMuPlayer\\nx_main\\adb.exe -s 127.0.0.1:16384 exec-out "screencap | gzip -1" ` ret 0 , cost 1087 ms , stdout size: 17908 , socket size:'
[2026-06-11 16:17:57] [DEBUG] [T:28060] [runner._check_one:483] [asst.log] 0e7b6a1b: pos 44705 → 44705, changed=False
[2026-06-11 16:17:59] [DEBUG] [T:28060] [runner._check_one:483] [asst.log] 0e7b6a1b: pos 44705 → 46219, changed=True
[2026-06-11 16:17:59] [DEBUG] [T:28060] [runner._check_one:489] [asst.log] head='[2026-06-11 16:17:57.302][TRC][Px28180][Tx29747] end of sleep 1000\n[2026-06-11 16:17:57.302][INF][Px28180][Tx29747] {"class":"asst::ProcessTask","cur_task":"StartUpBegin","details":{"cur_retry":0,"ret'
[2026-06-11 16:17:59] [DEBUG] [T:28060] [runner._check_one:483] [asst.log] 0e7b6a1b: pos 46219 → 46219, changed=False
[2026-06-11 16:18:01] [DEBUG] [T:28060] [runner._check_one:483] [asst.log] 0e7b6a1b: pos 46219 → 48572, changed=True
[2026-06-11 16:18:01] [DEBUG] [T:28060] [runner._check_one:489] [asst.log] head='[2026-06-11 16:18:00.020][TRC][Px28180][Tx29747] asst::WordOcr [{ text: ., rect: [ 0 (200), 0 (430), 430, 260 ], score: 0.578920 }] by OCR Pipeline , cost 1674 ms\n[2026-06-11 16:18:00.267][TRC][Px2818'
[2026-06-11 16:18:01] [DEBUG] [T:28060] [runner._check_one:483] [asst.log] 0e7b6a1b: pos 48572 → 48572, changed=False
[2026-06-11 16:18:03] [DEBUG] [T:28060] [runner._check_one:483] [asst.log] 0e7b6a1b: pos 48572 → 52699, changed=True
[2026-06-11 16:18:03] [DEBUG] [T:28060] [runner._check_one:489] [asst.log] head='[2026-06-11 16:18:01.940][TRC][Px28180][Tx29747] end of sleep 1000\n[2026-06-11 16:18:02.158][INF][Px28180][Tx29747] Call ` D:\\Xiach\\MuMuPlayer\\nx_main\\adb.exe -s 127.0.0.1:16384 exec-out "screencap | '
[2026-06-11 16:18:03] [DEBUG] [T:28060] [runner._check_one:483] [asst.log] 0e7b6a1b: pos 52699 → 52699, changed=False
[2026-06-11 16:18:05] [DEBUG] [T:28060] [runner._check_one:483] [asst.log] 0e7b6a1b: pos 52699 → 54767, changed=True
[2026-06-11 16:18:05] [DEBUG] [T:28060] [runner._check_one:489] [asst.log] head='[2026-06-11 16:18:04.352][TRC][Px28180][Tx29747] end of sleep 1000\n[2026-06-11 16:18:04.608][INF][Px28180][Tx29747] Call ` D:\\Xiach\\MuMuPlayer\\nx_main\\adb.exe -s 127.0.0.1:16384 exec-out "screencap | '
[2026-06-11 16:18:05] [DEBUG] [T:28060] [runner._check_one:483] [asst.log] 0e7b6a1b: pos 54767 → 54767, changed=False
[2026-06-11 16:18:07] [DEBUG] [T:28060] [runner._check_one:483] [asst.log] 0e7b6a1b: pos 54767 → 57740, changed=True
[2026-06-11 16:18:07] [DEBUG] [T:28060] [runner._check_one:489] [asst.log] head='[2026-06-11 16:18:05.516][TRC][Px28180][Tx29747] asst::WordOcr [{ text: ., rect: [ 0 (324), 0 (579), 219, 141 ], score: 0.940316 }] by OCR Pipeline , cost 67 ms\n[2026-06-11 16:18:05.592][TRC][Px28180]'
[2026-06-11 16:18:07] [DEBUG] [T:28060] [runner._check_one:483] [asst.log] 0e7b6a1b: pos 57740 → 57740, changed=False
[2026-06-11 16:18:09] [DEBUG] [T:28060] [runner._check_one:483] [asst.log] 0e7b6a1b: pos 57740 → 60522, changed=True
[2026-06-11 16:18:09] [DEBUG] [T:28060] [runner._check_one:489] [asst.log] head='[2026-06-11 16:18:07.526][TRC][Px28180][Tx29747] asst::WordOcr [{ text: __, rect: [ 0 (340), 0 (620), 600, 80 ], score: 0.739688 }] by OCR Pipeline , cost 91 ms\n[2026-06-11 16:18:07.598][TRC][Px28180]'
[2026-06-11 16:18:09] [DEBUG] [T:28060] [runner._check_one:483] [asst.log] 0e7b6a1b: pos 60522 → 60522, changed=False
[2026-06-11 16:18:11] [DEBUG] [T:28060] [runner._check_one:483] [asst.log] 0e7b6a1b: pos 60522 → 63301, changed=True
[2026-06-11 16:18:11] [DEBUG] [T:28060] [runner._check_one:489] [asst.log] head='[2026-06-11 16:18:09.566][TRC][Px28180][Tx29747] asst::WordOcr [{ text: ., rect: [ 0 (324), 0 (579), 219, 141 ], score: 0.940316 }] by OCR Pipeline , cost 60 ms\n[2026-06-11 16:18:09.629][TRC][Px28180]'
[2026-06-11 16:18:11] [DEBUG] [T:28060] [runner._check_one:483] [asst.log] 0e7b6a1b: pos 63301 → 63301, changed=False
[2026-06-11 16:18:13] [DEBUG] [T:28060] [runner._check_one:483] [asst.log] 0e7b6a1b: pos 63301 → 66080, changed=True
[2026-06-11 16:18:13] [DEBUG] [T:28060] [runner._check_one:489] [asst.log] head='[2026-06-11 16:18:11.555][TRC][Px28180][Tx29747] asst::WordOcr [{ text: _, rect: [ 0 (900), 0 (500), 380, 150 ], score: 0.948201 }] by OCR Pipeline , cost 73 ms\n[2026-06-11 16:18:11.683][TRC][Px28180]'
[2026-06-11 16:18:13] [DEBUG] [T:28060] [runner._check_one:483] [asst.log] 0e7b6a1b: pos 66080 → 66080, changed=False
[2026-06-11 16:18:15] [DEBUG] [T:28060] [runner._check_one:483] [asst.log] 0e7b6a1b: pos 66080 → 69218, changed=True
[2026-06-11 16:18:15] [DEBUG] [T:28060] [runner._check_one:489] [asst.log] head='[2026-06-11 16:18:13.602][TRC][Px28180][Tx29747] asst::WordOcr [{ text: ., rect: [ 0 (36), 0 (226), 482, 269 ], score: 0.837759 }] by OCR Pipeline , cost 58 ms\n[2026-06-11 16:18:13.602][INF][Px28180]['
[2026-06-11 16:18:15] [DEBUG] [T:28060] [runner._check_one:483] [asst.log] 0e7b6a1b: pos 69218 → 69218, changed=False
[2026-06-11 16:18:17] [DEBUG] [T:28060] [runner._check_one:483] [asst.log] 0e7b6a1b: pos 69218 → 72521, changed=True
[2026-06-11 16:18:17] [DEBUG] [T:28060] [runner._check_one:489] [asst.log] head='[2026-06-11 16:18:15.500][TRC][Px28180][Tx29747] asst::WordOcr [{ text: 有效成果, rect: [ 4 (328), 17 (596), 73, 19 ], score: 0.999983 }] by OCR Pipeline , cost 49 ms\n[2026-06-11 16:18:15.606][TRC][Px2818'
[2026-06-11 16:18:17] [DEBUG] [T:28060] [runner._check_one:483] [asst.log] 0e7b6a1b: pos 72521 → 73655, changed=True
[2026-06-11 16:18:17] [DEBUG] [T:28060] [runner._check_one:489] [asst.log] head='[2026-06-11 16:18:17.488][TRC][Px28180][Tx29747] asst::WordOcr [{ text: 正在检查资源完整性,不消耗流量, rect: [ 157 (497), 36 (656), 285, 14 ], score: 0.949391 }] by OCR Pipeline , cost 106 ms\n[2026-06-11 16:18:17.4'
[2026-06-11 16:18:19] [DEBUG] [T:28060] [runner._check_one:483] [asst.log] 0e7b6a1b: pos 73655 → 73655, changed=False
[2026-06-11 16:18:19] [DEBUG] [T:28060] [runner._check_one:483] [asst.log] 0e7b6a1b: pos 73655 → 73655, changed=False
[2026-06-11 16:18:21] [DEBUG] [T:28060] [runner._check_one:483] [asst.log] 0e7b6a1b: pos 73655 → 73655, changed=False
[2026-06-11 16:18:21] [DEBUG] [T:28060] [runner._check_one:483] [asst.log] 0e7b6a1b: pos 73655 → 73655, changed=False
[2026-06-11 16:18:23] [DEBUG] [T:28060] [runner._check_one:483] [asst.log] 0e7b6a1b: pos 73655 → 74322, changed=True
[2026-06-11 16:18:23] [DEBUG] [T:28060] [runner._check_one:489] [asst.log] head='[2026-06-11 16:18:22.493][TRC][Px28180][Tx29747] end of sleep 5000\n[2026-06-11 16:18:22.493][INF][Px28180][Tx29747] Assistant::append_callback | SubTaskCompleted {"class":"asst::ProcessTask","details"'
[2026-06-11 16:18:23] [DEBUG] [T:28060] [runner._check_one:483] [asst.log] 0e7b6a1b: pos 74322 → 75193, changed=True
[2026-06-11 16:18:23] [DEBUG] [T:28060] [runner._check_one:489] [asst.log] head='[2026-06-11 16:18:23.495][TRC][Px28180][Tx29747] end of sleep 1000\n[2026-06-11 16:18:23.495][INF][Px28180][Tx29747] {"class":"asst::ProcessTask","cur_task":"StartUp@GameStartCheckResourceOCR","details'
[2026-06-11 16:18:25] [DEBUG] [T:28060] [runner._check_one:483] [asst.log] 0e7b6a1b: pos 75193 → 76832, changed=True
[2026-06-11 16:18:25] [DEBUG] [T:28060] [runner._check_one:489] [asst.log] head='[2026-06-11 16:18:23.801][INF][Px28180][Tx29747] Call ` D:\\Xiach\\MuMuPlayer\\nx_main\\adb.exe -s 127.0.0.1:16384 exec-out "screencap | gzip -1" ` ret 0 , cost 306 ms , stdout size: 1102578 , socket size'
[2026-06-11 16:18:25] [DEBUG] [T:28060] [runner._check_one:483] [asst.log] 0e7b6a1b: pos 76832 → 76832, changed=False
[2026-06-11 16:18:27] [DEBUG] [T:28060] [runner._check_one:483] [asst.log] 0e7b6a1b: pos 76832 → 77509, changed=True
[2026-06-11 16:18:27] [DEBUG] [T:28060] [runner._check_one:489] [asst.log] head='[2026-06-11 16:18:27.079][TRC][Px28180][Tx29747] end of sleep 3000\n[2026-06-11 16:18:27.079][INF][Px28180][Tx29747] Assistant::append_callback | SubTaskCompleted {"class":"asst::ProcessTask","details"'
[2026-06-11 16:18:27] [DEBUG] [T:28060] [runner._check_one:483] [asst.log] 0e7b6a1b: pos 77509 → 77509, changed=False
[2026-06-11 16:18:29] [DEBUG] [T:28060] [runner._check_one:483] [asst.log] 0e7b6a1b: pos 77509 → 80333, changed=True
[2026-06-11 16:18:29] [DEBUG] [T:28060] [runner._check_one:489] [asst.log] head='[2026-06-11 16:18:28.080][TRC][Px28180][Tx29747] end of sleep 1000\n[2026-06-11 16:18:28.080][INF][Px28180][Tx29747] {"class":"asst::ProcessTask","cur_task":"StartUp@GameStart","details":{"cur_retry":0'
[2026-06-11 16:18:29] [DEBUG] [T:28060] [runner._check_one:483] [asst.log] 0e7b6a1b: pos 80333 → 80333, changed=False
[2026-06-11 16:18:31] [DEBUG] [T:28060] [runner._check_one:483] [asst.log] 0e7b6a1b: pos 80333 → 82384, changed=True
[2026-06-11 16:18:31] [DEBUG] [T:28060] [runner._check_one:489] [asst.log] head='[2026-06-11 16:18:29.774][TRC][Px28180][Tx29747] end of sleep 1000\n[2026-06-11 16:18:29.992][INF][Px28180][Tx29747] Call ` D:\\Xiach\\MuMuPlayer\\nx_main\\adb.exe -s 127.0.0.1:16384 exec-out "screencap | '
[2026-06-11 16:18:31] [DEBUG] [T:28060] [runner._check_one:483] [asst.log] 0e7b6a1b: pos 82384 → 82384, changed=False
[2026-06-11 16:18:33] [DEBUG] [T:28060] [runner._check_one:483] [asst.log] 0e7b6a1b: pos 82384 → 85049, changed=True
[2026-06-11 16:18:33] [DEBUG] [T:28060] [runner._check_one:489] [asst.log] head='[2026-06-11 16:18:31.679][INF][Px28180][Tx29747] Call ` D:\\Xiach\\MuMuPlayer\\nx_main\\adb.exe -s 127.0.0.1:16384 exec-out "screencap | gzip -1" ` ret 0 , cost 194 ms , stdout size: 17908 , socket size: '
[2026-06-11 16:18:33] [DEBUG] [T:28060] [runner._check_one:483] [asst.log] 0e7b6a1b: pos 85049 → 85049, changed=False
[2026-06-11 16:18:35] [DEBUG] [T:28060] [runner._check_one:483] [asst.log] 0e7b6a1b: pos 85049 → 88262, changed=True
[2026-06-11 16:18:35] [DEBUG] [T:28060] [runner._check_one:489] [asst.log] head='[2026-06-11 16:18:33.540][TRC][Px28180][Tx29747] asst::WordOcr [{ text: _, rect: [ 0 (340), 0 (620), 600, 80 ], score: 0.725501 }] by OCR Pipeline , cost 89 ms\n[2026-06-11 16:18:33.635][TRC][Px28180]['
[2026-06-11 16:18:35] [DEBUG] [T:28060] [runner._check_one:483] [asst.log] 0e7b6a1b: pos 88262 → 88262, changed=False
[2026-06-11 16:18:37] [DEBUG] [T:28060] [runner._check_one:483] [asst.log] 0e7b6a1b: pos 88262 → 90685, changed=True
[2026-06-11 16:18:37] [DEBUG] [T:28060] [runner._check_one:489] [asst.log] head='[2026-06-11 16:18:36.378][TRC][Px28180][Tx29747] end of sleep 1000\n[2026-06-11 16:18:36.677][INF][Px28180][Tx29747] Call ` D:\\Xiach\\MuMuPlayer\\nx_main\\adb.exe -s 127.0.0.1:16384 exec-out "screencap | '
[2026-06-11 16:18:37] [DEBUG] [T:28060] [runner._check_one:483] [asst.log] 0e7b6a1b: pos 90685 → 90685, changed=False
[2026-06-11 16:18:39] [DEBUG] [T:28060] [runner._check_one:483] [asst.log] 0e7b6a1b: pos 90685 → 93104, changed=True
[2026-06-11 16:18:39] [DEBUG] [T:28060] [runner._check_one:489] [asst.log] head='[2026-06-11 16:18:38.212][TRC][Px28180][Tx29747] end of sleep 1000\n[2026-06-11 16:18:38.491][INF][Px28180][Tx29747] Call ` D:\\Xiach\\MuMuPlayer\\nx_main\\adb.exe -s 127.0.0.1:16384 exec-out "screencap | '
[2026-06-11 16:18:39] [DEBUG] [T:28060] [runner._check_one:483] [asst.log] 0e7b6a1b: pos 93104 → 93104, changed=False
[2026-06-11 16:18:41] [DEBUG] [T:28060] [runner._check_one:483] [asst.log] 0e7b6a1b: pos 93104 → 95525, changed=True
[2026-06-11 16:18:41] [DEBUG] [T:28060] [runner._check_one:489] [asst.log] head='[2026-06-11 16:18:40.020][TRC][Px28180][Tx29747] end of sleep 1000\n[2026-06-11 16:18:40.342][INF][Px28180][Tx29747] Call ` D:\\Xiach\\MuMuPlayer\\nx_main\\adb.exe -s 127.0.0.1:16384 exec-out "screencap | '
[2026-06-11 16:18:41] [DEBUG] [T:28060] [runner._check_one:483] [asst.log] 0e7b6a1b: pos 95525 → 95525, changed=False
[2026-06-11 16:18:43] [DEBUG] [T:28060] [runner._check_one:483] [asst.log] 0e7b6a1b: pos 95525 → 98130, changed=True
[2026-06-11 16:18:43] [DEBUG] [T:28060] [runner._check_one:489] [asst.log] head='[2026-06-11 16:18:41.935][TRC][Px28180][Tx29747] end of sleep 1000\n[2026-06-11 16:18:42.192][INF][Px28180][Tx29747] Call ` D:\\Xiach\\MuMuPlayer\\nx_main\\adb.exe -s 127.0.0.1:16384 exec-out "screencap | '
[2026-06-11 16:18:43] [DEBUG] [T:28060] [runner._check_one:483] [asst.log] 0e7b6a1b: pos 98130 → 98130, changed=False
[2026-06-11 16:18:45] [DEBUG] [T:28060] [runner._check_one:483] [asst.log] 0e7b6a1b: pos 98130 → 100551, changed=True
[2026-06-11 16:18:45] [DEBUG] [T:28060] [runner._check_one:489] [asst.log] head='[2026-06-11 16:18:43.712][TRC][Px28180][Tx29747] end of sleep 1000\n[2026-06-11 16:18:43.938][INF][Px28180][Tx29747] Call ` D:\\Xiach\\MuMuPlayer\\nx_main\\adb.exe -s 127.0.0.1:16384 exec-out "screencap | '
[2026-06-11 16:18:45] [DEBUG] [T:28060] [runner._check_one:483] [asst.log] 0e7b6a1b: pos 100551 → 100551, changed=False
[2026-06-11 16:18:47] [DEBUG] [T:28060] [runner._check_one:483] [asst.log] 0e7b6a1b: pos 100551 → 103039, changed=True
[2026-06-11 16:18:47] [DEBUG] [T:28060] [runner._check_one:489] [asst.log] head='[2026-06-11 16:18:45.526][TRC][Px28180][Tx29747] end of sleep 1000\n[2026-06-11 16:18:45.819][INF][Px28180][Tx29747] Call ` D:\\Xiach\\MuMuPlayer\\nx_main\\adb.exe -s 127.0.0.1:16384 exec-out "screencap | '
[2026-06-11 16:18:47] [DEBUG] [T:28060] [runner._check_one:483] [asst.log] 0e7b6a1b: pos 103039 → 103039, changed=False
[2026-06-11 16:18:49] [DEBUG] [T:28060] [runner._check_one:483] [asst.log] 0e7b6a1b: pos 103039 → 105895, changed=True
[2026-06-11 16:18:49] [DEBUG] [T:28060] [runner._check_one:489] [asst.log] head='[2026-06-11 16:18:47.609][INF][Px28180][Tx29747] Call ` D:\\Xiach\\MuMuPlayer\\nx_main\\adb.exe -s 127.0.0.1:16384 exec-out "screencap | gzip -1" ` ret 0 , cost 205 ms , stdout size: 396318 , socket size:'
[2026-06-11 16:18:49] [DEBUG] [T:28060] [runner._check_one:483] [asst.log] 0e7b6a1b: pos 105895 → 105895, changed=False
[2026-06-11 16:18:51] [DEBUG] [T:28060] [runner._check_one:483] [asst.log] 0e7b6a1b: pos 105895 → 108961, changed=True
[2026-06-11 16:18:51] [DEBUG] [T:28060] [runner._check_one:489] [asst.log] head='[2026-06-11 16:18:49.539][TRC][Px28180][Tx29747] asst::WordOcr [{ text: ;对-, rect: [ 18 (391), 18 (163), 489, 270 ], score: 0.522143 }, { text: ARKNlCHTs, rect: [ 221 (594), 268 (413), 85, 14 ], score'
[2026-06-11 16:18:51] [DEBUG] [T:28060] [runner._check_one:483] [asst.log] 0e7b6a1b: pos 108961 → 108961, changed=False
[2026-06-11 16:18:53] [DEBUG] [T:28060] [runner._check_one:483] [asst.log] 0e7b6a1b: pos 108961 → 112649, changed=True
[2026-06-11 16:18:53] [DEBUG] [T:28060] [runner._check_one:489] [asst.log] head='[2026-06-11 16:18:51.546][TRC][Px28180][Tx29747] asst::WordOcr [{ text: PH.Alriehtsreseved, rect: [ 4 (344), 66 (686), 120, 11 ], score: 0.870103 }] by OCR Pipeline , cost 102 ms\n[2026-06-11 16:18:51.'
[2026-06-11 16:18:53] [DEBUG] [T:28060] [runner._check_one:483] [asst.log] 0e7b6a1b: pos 112649 → 112649, changed=False
[2026-06-11 16:18:55] [DEBUG] [T:28060] [runner._check_one:483] [asst.log] 0e7b6a1b: pos 112649 → 115069, changed=True
[2026-06-11 16:18:55] [DEBUG] [T:28060] [runner._check_one:489] [asst.log] head='[2026-06-11 16:18:54.397][TRC][Px28180][Tx29747] end of sleep 1000\n[2026-06-11 16:18:54.642][INF][Px28180][Tx29747] Call ` D:\\Xiach\\MuMuPlayer\\nx_main\\adb.exe -s 127.0.0.1:16384 exec-out "screencap | '
[2026-06-11 16:18:55] [DEBUG] [T:28060] [runner._check_one:483] [asst.log] 0e7b6a1b: pos 115069 → 115069, changed=False
[2026-06-11 16:18:57] [DEBUG] [T:28060] [runner._check_one:483] [asst.log] 0e7b6a1b: pos 115069 → 117493, changed=True
[2026-06-11 16:18:57] [DEBUG] [T:28060] [runner._check_one:489] [asst.log] head='[2026-06-11 16:18:56.166][TRC][Px28180][Tx29747] end of sleep 1000\n[2026-06-11 16:18:56.406][INF][Px28180][Tx29747] Call ` D:\\Xiach\\MuMuPlayer\\nx_main\\adb.exe -s 127.0.0.1:16384 exec-out "screencap | '
[2026-06-11 16:18:57] [DEBUG] [T:28060] [runner._check_one:483] [asst.log] 0e7b6a1b: pos 117493 → 117493, changed=False
[2026-06-11 16:18:59] [DEBUG] [T:28060] [runner._check_one:483] [asst.log] 0e7b6a1b: pos 117493 → 119910, changed=True
[2026-06-11 16:18:59] [DEBUG] [T:28060] [runner._check_one:489] [asst.log] head='[2026-06-11 16:18:57.920][TRC][Px28180][Tx29747] end of sleep 1000\n[2026-06-11 16:18:58.132][INF][Px28180][Tx29747] Call ` D:\\Xiach\\MuMuPlayer\\nx_main\\adb.exe -s 127.0.0.1:16384 exec-out "screencap | '
[2026-06-11 16:18:59] [DEBUG] [T:28060] [runner._check_one:483] [asst.log] 0e7b6a1b: pos 119910 → 119910, changed=False
[2026-06-11 16:19:01] [DEBUG] [T:28060] [runner._check_one:483] [asst.log] 0e7b6a1b: pos 119910 → 122588, changed=True
[2026-06-11 16:19:01] [DEBUG] [T:28060] [runner._check_one:489] [asst.log] head='[2026-06-11 16:18:59.664][TRC][Px28180][Tx29747] end of sleep 1000\n[2026-06-11 16:18:59.884][INF][Px28180][Tx29747] Call ` D:\\Xiach\\MuMuPlayer\\nx_main\\adb.exe -s 127.0.0.1:16384 exec-out "screencap | '
[2026-06-11 16:19:01] [DEBUG] [T:28060] [runner._check_one:483] [asst.log] 0e7b6a1b: pos 122588 → 122588, changed=False
[2026-06-11 16:19:03] [DEBUG] [T:28060] [runner._check_one:483] [asst.log] 0e7b6a1b: pos 122588 → 125212, changed=True
[2026-06-11 16:19:03] [DEBUG] [T:28060] [runner._check_one:489] [asst.log] head='[2026-06-11 16:19:01.621][INF][Px28180][Tx29747] Call ` D:\\Xiach\\MuMuPlayer\\nx_main\\adb.exe -s 127.0.0.1:16384 exec-out "screencap | gzip -1" ` ret 0 , cost 216 ms , stdout size: 387669 , socket size:'
[2026-06-11 16:19:03] [DEBUG] [T:28060] [runner._check_one:483] [asst.log] 0e7b6a1b: pos 125212 → 125212, changed=False
[2026-06-11 16:19:05] [DEBUG] [T:28060] [runner._check_one:483] [asst.log] 0e7b6a1b: pos 125212 → 128515, changed=True
[2026-06-11 16:19:05] [DEBUG] [T:28060] [runner._check_one:489] [asst.log] head='[2026-06-11 16:19:03.521][TRC][Px28180][Tx29747] asst::WordOcr [{ text: 账+, rect: [ 394 (594), 69 (499), 35, 28 ], score: 0.929161 }, { text: , rect: [ 0 (200), 235 (665), 22, 17 ], score: 0.000000 }]'
[2026-06-11 16:19:05] [DEBUG] [T:28060] [runner._check_one:483] [asst.log] 0e7b6a1b: pos 128515 → 128515, changed=False
[2026-06-11 16:19:07] [DEBUG] [T:28060] [runner._check_one:483] [asst.log] 0e7b6a1b: pos 128515 → 132200, changed=True
[2026-06-11 16:19:07] [DEBUG] [T:28060] [runner._check_one:489] [asst.log] head='[2026-06-11 16:19:05.567][TRC][Px28180][Tx29747] asst::WordOcr [{ text: PH.Alriehtsreseved, rect: [ 4 (344), 66 (686), 120, 11 ], score: 0.870103 }] by OCR Pipeline , cost 98 ms\n[2026-06-11 16:19:05.6'
[2026-06-11 16:19:07] [DEBUG] [T:28060] [runner._check_one:483] [asst.log] 0e7b6a1b: pos 132200 → 132200, changed=False
[2026-06-11 16:19:09] [DEBUG] [T:28060] [runner._check_one:483] [asst.log] 0e7b6a1b: pos 132200 → 134616, changed=True
[2026-06-11 16:19:09] [DEBUG] [T:28060] [runner._check_one:489] [asst.log] head='[2026-06-11 16:19:08.386][TRC][Px28180][Tx29747] end of sleep 1000\n[2026-06-11 16:19:08.574][INF][Px28180][Tx29747] Call ` D:\\Xiach\\MuMuPlayer\\nx_main\\adb.exe -s 127.0.0.1:16384 exec-out "screencap | '
[2026-06-11 16:19:09] [DEBUG] [T:28060] [runner._check_one:483] [asst.log] 0e7b6a1b: pos 134616 → 134616, changed=False
[2026-06-11 16:19:11] [DEBUG] [T:28060] [runner._check_one:483] [asst.log] 0e7b6a1b: pos 134616 → 137034, changed=True
[2026-06-11 16:19:11] [DEBUG] [T:28060] [runner._check_one:489] [asst.log] head='[2026-06-11 16:19:10.058][TRC][Px28180][Tx29747] end of sleep 1000\n[2026-06-11 16:19:10.262][INF][Px28180][Tx29747] Call ` D:\\Xiach\\MuMuPlayer\\nx_main\\adb.exe -s 127.0.0.1:16384 exec-out "screencap | '
[2026-06-11 16:19:11] [DEBUG] [T:28060] [runner._check_one:483] [asst.log] 0e7b6a1b: pos 137034 → 137034, changed=False
[2026-06-11 16:19:13] [DEBUG] [T:28060] [runner._check_one:483] [asst.log] 0e7b6a1b: pos 137034 → 139452, changed=True
[2026-06-11 16:19:13] [DEBUG] [T:28060] [runner._check_one:489] [asst.log] head='[2026-06-11 16:19:11.757][TRC][Px28180][Tx29747] end of sleep 1000\n[2026-06-11 16:19:11.981][INF][Px28180][Tx29747] Call ` D:\\Xiach\\MuMuPlayer\\nx_main\\adb.exe -s 127.0.0.1:16384 exec-out "screencap | '
[2026-06-11 16:19:13] [DEBUG] [T:28060] [runner._check_one:483] [asst.log] 0e7b6a1b: pos 139452 → 139452, changed=False
[2026-06-11 16:19:15] [DEBUG] [T:28060] [runner._check_one:483] [asst.log] 0e7b6a1b: pos 139452 → 142140, changed=True
[2026-06-11 16:19:15] [DEBUG] [T:28060] [runner._check_one:489] [asst.log] head='[2026-06-11 16:19:13.561][TRC][Px28180][Tx29747] end of sleep 1000\n[2026-06-11 16:19:13.767][INF][Px28180][Tx29747] Call ` D:\\Xiach\\MuMuPlayer\\nx_main\\adb.exe -s 127.0.0.1:16384 exec-out "screencap | '
[2026-06-11 16:19:15] [DEBUG] [T:28060] [runner._check_one:483] [asst.log] 0e7b6a1b: pos 142140 → 142140, changed=False
[2026-06-11 16:19:17] [DEBUG] [T:28060] [runner._check_one:483] [asst.log] 0e7b6a1b: pos 142140 → 145628, changed=True
[2026-06-11 16:19:17] [DEBUG] [T:28060] [runner._check_one:489] [asst.log] head='[2026-06-11 16:19:15.533][TRC][Px28180][Tx29747] asst::WordOcr [{ text: 账+, rect: [ 394 (594), 69 (499), 35, 28 ], score: 0.929161 }, { text: , rect: [ 0 (200), 235 (665), 22, 17 ], score: 0.000000 }]'
[2026-06-11 16:19:17] [DEBUG] [T:28060] [runner._check_one:483] [asst.log] 0e7b6a1b: pos 145628 → 145628, changed=False
[2026-06-11 16:19:19] [DEBUG] [T:28060] [runner._check_one:483] [asst.log] 0e7b6a1b: pos 145628 → 149319, changed=True
[2026-06-11 16:19:19] [DEBUG] [T:28060] [runner._check_one:489] [asst.log] head='[2026-06-11 16:19:17.563][TRC][Px28180][Tx29747] asst::WordOcr [{ text: PH.Alriehtsreseved, rect: [ 4 (344), 66 (686), 120, 11 ], score: 0.870103 }] by OCR Pipeline , cost 100 ms\n[2026-06-11 16:19:17.'
[2026-06-11 16:19:19] [DEBUG] [T:28060] [runner._check_one:483] [asst.log] 0e7b6a1b: pos 149319 → 149319, changed=False
[2026-06-11 16:19:21] [DEBUG] [T:28060] [runner._check_one:483] [asst.log] 0e7b6a1b: pos 149319 → 151741, changed=True
[2026-06-11 16:19:21] [DEBUG] [T:28060] [runner._check_one:489] [asst.log] head='[2026-06-11 16:19:20.463][TRC][Px28180][Tx29747] end of sleep 1000\n[2026-06-11 16:19:20.666][INF][Px28180][Tx29747] Call ` D:\\Xiach\\MuMuPlayer\\nx_main\\adb.exe -s 127.0.0.1:16384 exec-out "screencap | '
[2026-06-11 16:19:21] [DEBUG] [T:28060] [runner._check_one:483] [asst.log] 0e7b6a1b: pos 151741 → 151741, changed=False
[2026-06-11 16:19:23] [DEBUG] [T:28060] [runner._check_one:483] [asst.log] 0e7b6a1b: pos 151741 → 154161, changed=True
[2026-06-11 16:19:23] [DEBUG] [T:28060] [runner._check_one:489] [asst.log] head='[2026-06-11 16:19:22.181][TRC][Px28180][Tx29747] end of sleep 1000\n[2026-06-11 16:19:22.387][INF][Px28180][Tx29747] Call ` D:\\Xiach\\MuMuPlayer\\nx_main\\adb.exe -s 127.0.0.1:16384 exec-out "screencap | '
[2026-06-11 16:19:23] [DEBUG] [T:28060] [runner._check_one:483] [asst.log] 0e7b6a1b: pos 154161 → 154161, changed=False
[2026-06-11 16:19:25] [DEBUG] [T:28060] [runner._check_one:483] [asst.log] 0e7b6a1b: pos 154161 → 156587, changed=True
[2026-06-11 16:19:25] [DEBUG] [T:28060] [runner._check_one:489] [asst.log] head='[2026-06-11 16:19:23.870][TRC][Px28180][Tx29747] end of sleep 1000\n[2026-06-11 16:19:24.084][INF][Px28180][Tx29747] Call ` D:\\Xiach\\MuMuPlayer\\nx_main\\adb.exe -s 127.0.0.1:16384 exec-out "screencap | '
[2026-06-11 16:19:25] [DEBUG] [T:28060] [runner._check_one:483] [asst.log] 0e7b6a1b: pos 156587 → 156587, changed=False
[2026-06-11 16:19:27] [DEBUG] [T:28060] [runner._check_one:483] [asst.log] 0e7b6a1b: pos 156587 → 159076, changed=True
[2026-06-11 16:19:27] [DEBUG] [T:28060] [runner._check_one:489] [asst.log] head='[2026-06-11 16:19:25.559][TRC][Px28180][Tx29747] end of sleep 1000\n[2026-06-11 16:19:25.760][INF][Px28180][Tx29747] Call ` D:\\Xiach\\MuMuPlayer\\nx_main\\adb.exe -s 127.0.0.1:16384 exec-out "screencap | '
[2026-06-11 16:19:27] [DEBUG] [T:28060] [runner._check_one:483] [asst.log] 0e7b6a1b: pos 159076 → 159279, changed=True
[2026-06-11 16:19:27] [DEBUG] [T:28060] [runner._check_one:489] [asst.log] head='[2026-06-11 16:19:27.490][INF][Px28180][Tx29747] Call ` D:\\Xiach\\MuMuPlayer\\nx_main\\adb.exe -s 127.0.0.1:16384 exec-out "screencap | gzip -1" ` ret 0 , cost 250 ms , stdout size: 389741 , socket size:'
[2026-06-11 16:19:29] [DEBUG] [T:28060] [runner._check_one:483] [asst.log] 0e7b6a1b: pos 159279 → 161931, changed=True
[2026-06-11 16:19:29] [DEBUG] [T:28060] [runner._check_one:489] [asst.log] head='[2026-06-11 16:19:27.593][TRC][Px28180][Tx29747] asst::WordOcr [{ text: 账+, rect: [ 394 (594), 69 (499), 35, 28 ], score: 0.929161 }, { text: , rect: [ 0 (200), 235 (665), 22, 17 ], score: 0.000000 }]'
[2026-06-11 16:19:29] [DEBUG] [T:28060] [runner._check_one:483] [asst.log] 0e7b6a1b: pos 161931 → 161931, changed=False
[2026-06-11 16:19:31] [DEBUG] [T:28060] [runner._check_one:483] [asst.log] 0e7b6a1b: pos 161931 → 165003, changed=True
[2026-06-11 16:19:31] [DEBUG] [T:28060] [runner._check_one:489] [asst.log] head='[2026-06-11 16:19:29.596][TRC][Px28180][Tx29747] asst::WordOcr [{ text: ;N-, rect: [ 9 (382), 0 (145), 508, 298 ], score: 0.690036 }, { text: ARKNlCHTs, rect: [ 221 (594), 268 (413), 85, 14 ], score: '
[2026-06-11 16:19:31] [DEBUG] [T:28060] [runner._check_one:483] [asst.log] 0e7b6a1b: pos 165003 → 165003, changed=False
[2026-06-11 16:19:33] [DEBUG] [T:28060] [runner._check_one:483] [asst.log] 0e7b6a1b: pos 165003 → 168690, changed=True
[2026-06-11 16:19:33] [DEBUG] [T:28060] [runner._check_one:489] [asst.log] head='[2026-06-11 16:19:31.568][TRC][Px28180][Tx29747] asst::WordOcr [{ text: PH.Alriehtsreseved, rect: [ 4 (344), 66 (686), 120, 11 ], score: 0.870103 }] by OCR Pipeline , cost 96 ms\n[2026-06-11 16:19:31.6'
[2026-06-11 16:19:33] [DEBUG] [T:28060] [runner._check_one:483] [asst.log] 0e7b6a1b: pos 168690 → 168690, changed=False
[2026-06-11 16:19:35] [DEBUG] [T:28060] [runner._check_one:483] [asst.log] 0e7b6a1b: pos 168690 → 171294, changed=True
[2026-06-11 16:19:35] [DEBUG] [T:28060] [runner._check_one:489] [asst.log] head='[2026-06-11 16:19:34.370][TRC][Px28180][Tx29747] end of sleep 1000\n[2026-06-11 16:19:34.567][INF][Px28180][Tx29747] Call ` D:\\Xiach\\MuMuPlayer\\nx_main\\adb.exe -s 127.0.0.1:16384 exec-out "screencap | '
[2026-06-11 16:19:35] [DEBUG] [T:28060] [runner._check_one:483] [asst.log] 0e7b6a1b: pos 171294 → 171294, changed=False
[2026-06-11 16:19:37] [DEBUG] [T:28060] [runner._check_one:483] [asst.log] 0e7b6a1b: pos 171294 → 173712, changed=True
[2026-06-11 16:19:37] [DEBUG] [T:28060] [runner._check_one:489] [asst.log] head='[2026-06-11 16:19:36.046][TRC][Px28180][Tx29747] end of sleep 1000\n[2026-06-11 16:19:36.287][INF][Px28180][Tx29747] Call ` D:\\Xiach\\MuMuPlayer\\nx_main\\adb.exe -s 127.0.0.1:16384 exec-out "screencap | '
[2026-06-11 16:19:37] [DEBUG] [T:28060] [runner._check_one:483] [asst.log] 0e7b6a1b: pos 173712 → 173712, changed=False
[2026-06-11 16:19:39] [DEBUG] [T:28060] [runner._check_one:483] [asst.log] 0e7b6a1b: pos 173712 → 176203, changed=True
[2026-06-11 16:19:39] [DEBUG] [T:28060] [runner._check_one:489] [asst.log] head='[2026-06-11 16:19:37.764][TRC][Px28180][Tx29747] end of sleep 1000\n[2026-06-11 16:19:37.982][INF][Px28180][Tx29747] Call ` D:\\Xiach\\MuMuPlayer\\nx_main\\adb.exe -s 127.0.0.1:16384 exec-out "screencap | '
[2026-06-11 16:19:39] [DEBUG] [T:28060] [runner._check_one:483] [asst.log] 0e7b6a1b: pos 176203 → 176203, changed=False
[2026-06-11 16:19:41] [DEBUG] [T:28060] [runner._check_one:483] [asst.log] 0e7b6a1b: pos 176203 → 179056, changed=True
[2026-06-11 16:19:41] [DEBUG] [T:28060] [runner._check_one:489] [asst.log] head='[2026-06-11 16:19:39.688][INF][Px28180][Tx29747] Call ` D:\\Xiach\\MuMuPlayer\\nx_main\\adb.exe -s 127.0.0.1:16384 exec-out "screencap | gzip -1" ` ret 0 , cost 202 ms , stdout size: 391590 , socket size:'
[2026-06-11 16:19:41] [DEBUG] [T:28060] [runner._check_one:483] [asst.log] 0e7b6a1b: pos 179056 → 179056, changed=False
[2026-06-11 16:19:43] [DEBUG] [T:28060] [runner._check_one:483] [asst.log] 0e7b6a1b: pos 179056 → 182124, changed=True
[2026-06-11 16:19:43] [DEBUG] [T:28060] [runner._check_one:489] [asst.log] head='[2026-06-11 16:19:41.565][TRC][Px28180][Tx29747] asst::WordOcr [{ text: ;-, rect: [ 14 (387), 6 (151), 497, 286 ], score: 0.676181 }, { text: ARKNlCHTs, rect: [ 221 (594), 268 (413), 85, 14 ], score: '
[2026-06-11 16:19:43] [DEBUG] [T:28060] [runner._check_one:483] [asst.log] 0e7b6a1b: pos 182124 → 182124, changed=False
[2026-06-11 16:19:45] [DEBUG] [T:28060] [runner._check_one:483] [asst.log] 0e7b6a1b: pos 182124 → 185813, changed=True
[2026-06-11 16:19:45] [DEBUG] [T:28060] [runner._check_one:489] [asst.log] head='[2026-06-11 16:19:43.511][TRC][Px28180][Tx29747] asst::WordOcr [{ text: PH.Alriehtsreseved, rect: [ 4 (344), 66 (686), 120, 11 ], score: 0.870103 }] by OCR Pipeline , cost 96 ms\n[2026-06-11 16:19:43.6'
[2026-06-11 16:19:45] [DEBUG] [T:28060] [runner._check_one:483] [asst.log] 0e7b6a1b: pos 185813 → 185813, changed=False
[2026-06-11 16:19:47] [DEBUG] [T:28060] [runner._check_one:483] [asst.log] 0e7b6a1b: pos 185813 → 188230, changed=True
[2026-06-11 16:19:47] [DEBUG] [T:28060] [runner._check_one:489] [asst.log] head='[2026-06-11 16:19:46.289][TRC][Px28180][Tx29747] end of sleep 1000\n[2026-06-11 16:19:46.528][INF][Px28180][Tx29747] Call ` D:\\Xiach\\MuMuPlayer\\nx_main\\adb.exe -s 127.0.0.1:16384 exec-out "screencap | '
[2026-06-11 16:19:47] [DEBUG] [T:28060] [runner._check_one:483] [asst.log] 0e7b6a1b: pos 188230 → 188230, changed=False
[2026-06-11 16:19:49] [DEBUG] [T:28060] [runner._check_one:483] [asst.log] 0e7b6a1b: pos 188230 → 190647, changed=True
[2026-06-11 16:19:49] [DEBUG] [T:28060] [runner._check_one:489] [asst.log] head='[2026-06-11 16:19:47.996][TRC][Px28180][Tx29747] end of sleep 1000\n[2026-06-11 16:19:48.191][INF][Px28180][Tx29747] Call ` D:\\Xiach\\MuMuPlayer\\nx_main\\adb.exe -s 127.0.0.1:16384 exec-out "screencap | '
[2026-06-11 16:19:49] [DEBUG] [T:28060] [runner._check_one:483] [asst.log] 0e7b6a1b: pos 190647 → 190647, changed=False
[2026-06-11 16:19:51] [DEBUG] [T:28060] [runner._check_one:483] [asst.log] 0e7b6a1b: pos 190647 → 193136, changed=True
[2026-06-11 16:19:51] [DEBUG] [T:28060] [runner._check_one:489] [asst.log] head='[2026-06-11 16:19:49.677][TRC][Px28180][Tx29747] end of sleep 1000\n[2026-06-11 16:19:49.870][INF][Px28180][Tx29747] Call ` D:\\Xiach\\MuMuPlayer\\nx_main\\adb.exe -s 127.0.0.1:16384 exec-out "screencap | '
[2026-06-11 16:19:51] [DEBUG] [T:28060] [runner._check_one:483] [asst.log] 0e7b6a1b: pos 193136 → 193136, changed=False
[2026-06-11 16:19:53] [DEBUG] [T:28060] [runner._check_one:483] [asst.log] 0e7b6a1b: pos 193136 → 196665, changed=True
[2026-06-11 16:19:53] [DEBUG] [T:28060] [runner._check_one:489] [asst.log] head='[2026-06-11 16:19:51.566][INF][Px28180][Tx29747] Call ` D:\\Xiach\\MuMuPlayer\\nx_main\\adb.exe -s 127.0.0.1:16384 exec-out "screencap | gzip -1" ` ret 0 , cost 200 ms , stdout size: 389181 , socket size:'
[2026-06-11 16:19:53] [DEBUG] [T:28060] [runner._check_one:483] [asst.log] 0e7b6a1b: pos 196665 → 196825, changed=True
[2026-06-11 16:19:53] [DEBUG] [T:28060] [runner._check_one:489] [asst.log] head='[2026-06-11 16:19:53.491][TRC][Px28180][Tx29747] asst::WordOcr [{ text: _, rect: [ 0 (500), 0 (50), 300, 150 ], score: 0.702497 }] by OCR Pipeline , cost 59 ms\n'
[2026-06-11 16:19:55] [DEBUG] [T:28060] [runner._check_one:483] [asst.log] 0e7b6a1b: pos 196825 → 200476, changed=True
[2026-06-11 16:19:55] [DEBUG] [T:28060] [runner._check_one:489] [asst.log] head='[2026-06-11 16:19:53.617][TRC][Px28180][Tx29747] asst::WordOcr [{ text: PH.Alriehtsreseved, rect: [ 4 (344), 66 (686), 120, 11 ], score: 0.870103 }] by OCR Pipeline , cost 114 ms\n[2026-06-11 16:19:53.'
[2026-06-11 16:19:55] [DEBUG] [T:28060] [runner._check_one:483] [asst.log] 0e7b6a1b: pos 200476 → 200476, changed=False
[2026-06-11 16:19:57] [DEBUG] [T:28060] [runner._check_one:483] [asst.log] 0e7b6a1b: pos 200476 → 204462, changed=True
[2026-06-11 16:19:57] [DEBUG] [T:28060] [runner._check_one:489] [asst.log] head='[2026-06-11 16:19:55.577][INF][Px28180][Tx35296] Call ` D:\\Xiach\\MuMuPlayer\\nx_main\\adb.exe -s 127.0.0.1:16384 exec-out "screencap | gzip -1" ` ret 0 , cost 185 ms , stdout size: 380822 , socket size:'
[2026-06-11 16:19:57] [DEBUG] [T:28060] [runner._check_one:483] [asst.log] 0e7b6a1b: pos 204462 → 204462, changed=False
[2026-06-11 16:19:59] [DEBUG] [T:28060] [runner._check_one:483] [asst.log] 0e7b6a1b: pos 204462 → 207335, changed=True
[2026-06-11 16:19:59] [DEBUG] [T:28060] [runner._check_one:489] [asst.log] head='[2026-06-11 16:19:57.544][TRC][Px28180][Tx29747] asst::WordOcr [{ text: , rect: [ 0 (500), 0 (50), 300, 150 ], score: 0.000000 }] by OCR Pipeline , cost 62 ms\n[2026-06-11 16:19:57.545][INF][Px28180][T'
[2026-06-11 16:19:59] [DEBUG] [T:28060] [runner._check_one:483] [asst.log] 0e7b6a1b: pos 207335 → 207335, changed=False
[2026-06-11 16:20:01] [DEBUG] [T:28060] [runner._check_one:483] [asst.log] 0e7b6a1b: pos 207335 → 211964, changed=True
[2026-06-11 16:20:01] [DEBUG] [T:28060] [runner._check_one:489] [asst.log] head='[2026-06-11 16:19:59.629][TRC][Px28180][Tx29747] end of sleep 500\n[2026-06-11 16:19:59.826][INF][Px28180][Tx29747] Call ` D:\\Xiach\\MuMuPlayer\\nx_main\\adb.exe -s 127.0.0.1:16384 exec-out "screencap | g'
[2026-06-11 16:20:01] [DEBUG] [T:28060] [runner._check_one:483] [asst.log] 0e7b6a1b: pos 211964 → 211964, changed=False
[2026-06-11 16:20:03] [DEBUG] [T:28060] [runner._check_one:483] [asst.log] 0e7b6a1b: pos 211964 → 214948, changed=True
[2026-06-11 16:20:03] [DEBUG] [T:28060] [runner._check_one:489] [asst.log] head='[2026-06-11 16:20:01.739][TRC][Px28180][Tx29747] end of sleep 500\n[2026-06-11 16:20:01.739][INF][Px28180][Tx29747] {"class":"asst::ProcessTask","cur_task":"InfrastBegin","details":{"cur_retry":0,"retr'
[2026-06-11 16:20:03] [DEBUG] [T:28060] [runner._check_one:483] [asst.log] 0e7b6a1b: pos 214948 → 214948, changed=False
[2026-06-11 16:20:05] [DEBUG] [T:28060] [runner._check_one:483] [asst.log] 0e7b6a1b: pos 214948 → 218299, changed=True
[2026-06-11 16:20:05] [DEBUG] [T:28060] [runner._check_one:489] [asst.log] head='[2026-06-11 16:20:03.614][INF][Px28180][Tx29747] Call ` D:\\Xiach\\MuMuPlayer\\nx_main\\adb.exe -s 127.0.0.1:16384 exec-out "screencap | gzip -1" ` ret 0 , cost 195 ms , stdout size: 386069 , socket size:'
[2026-06-11 16:20:05] [DEBUG] [T:28060] [runner._check_one:483] [asst.log] 0e7b6a1b: pos 218299 → 218299, changed=False
[2026-06-11 16:20:07] [DEBUG] [T:28060] [runner._check_one:483] [asst.log] 0e7b6a1b: pos 218299 → 220576, changed=True
[2026-06-11 16:20:07] [DEBUG] [T:28060] [runner._check_one:489] [asst.log] head='[2026-06-11 16:20:05.868][TRC][Px28180][Tx29747] end of sleep 500\n[2026-06-11 16:20:06.078][INF][Px28180][Tx29747] Call ` D:\\Xiach\\MuMuPlayer\\nx_main\\adb.exe -s 127.0.0.1:16384 exec-out "screencap | g'
[2026-06-11 16:20:07] [DEBUG] [T:28060] [runner._check_one:483] [asst.log] 0e7b6a1b: pos 220576 → 220576, changed=False
[2026-06-11 16:20:09] [DEBUG] [T:28060] [runner._check_one:483] [asst.log] 0e7b6a1b: pos 220576 → 223468, changed=True
[2026-06-11 16:20:09] [DEBUG] [T:28060] [runner._check_one:489] [asst.log] head='[2026-06-11 16:20:07.515][TRC][Px28180][Tx29747] end of sleep 500\n[2026-06-11 16:20:07.718][INF][Px28180][Tx29747] Call ` D:\\Xiach\\MuMuPlayer\\nx_main\\adb.exe -s 127.0.0.1:16384 exec-out "screencap | g'
[2026-06-11 16:20:09] [DEBUG] [T:28060] [runner._check_one:483] [asst.log] 0e7b6a1b: pos 223468 → 224179, changed=True
[2026-06-11 16:20:09] [DEBUG] [T:28060] [runner._check_one:489] [asst.log] head='[2026-06-11 16:20:09.495][INF][Px28180][Tx29747] {"class":"asst::ProcessTask","cur_task":"InfrastBegin","details":{"cur_retry":10,"retry_times":20,"to_be_recognized":["Infrast","InfrastNotification","'
[2026-06-11 16:20:11] [DEBUG] [T:28060] [runner._check_one:483] [asst.log] 0e7b6a1b: pos 224179 → 226458, changed=True
[2026-06-11 16:20:11] [DEBUG] [T:28060] [runner._check_one:489] [asst.log] head='[2026-06-11 16:20:09.996][TRC][Px28180][Tx29747] end of sleep 500\n[2026-06-11 16:20:10.195][INF][Px28180][Tx29747] Call ` D:\\Xiach\\MuMuPlayer\\nx_main\\adb.exe -s 127.0.0.1:16384 exec-out "screencap | g'
[2026-06-11 16:20:11] [DEBUG] [T:28060] [runner._check_one:483] [asst.log] 0e7b6a1b: pos 226458 → 226458, changed=False
[2026-06-11 16:20:13] [DEBUG] [T:28060] [runner._check_one:483] [asst.log] 0e7b6a1b: pos 226458 → 229006, changed=True
[2026-06-11 16:20:13] [DEBUG] [T:28060] [runner._check_one:489] [asst.log] head='[2026-06-11 16:20:11.622][TRC][Px28180][Tx29747] end of sleep 500\n[2026-06-11 16:20:11.815][INF][Px28180][Tx29747] Call ` D:\\Xiach\\MuMuPlayer\\nx_main\\adb.exe -s 127.0.0.1:16384 exec-out "screencap | g'
[2026-06-11 16:20:13] [DEBUG] [T:28060] [runner._check_one:483] [asst.log] 0e7b6a1b: pos 229006 → 229006, changed=False
[2026-06-11 16:20:15] [DEBUG] [T:28060] [runner._check_one:483] [asst.log] 0e7b6a1b: pos 229006 → 232157, changed=True
[2026-06-11 16:20:15] [DEBUG] [T:28060] [runner._check_one:489] [asst.log] head='[2026-06-11 16:20:13.546][TRC][Px28180][Tx29747] asst::WordOcr [{ text: _, rect: [ 0 (500), 0 (50), 300, 150 ], score: 0.728543 }] by OCR Pipeline , cost 69 ms\n[2026-06-11 16:20:13.554][INF][Px28180]['
[2026-06-11 16:20:15] [DEBUG] [T:28060] [runner._check_one:483] [asst.log] 0e7b6a1b: pos 232157 → 232157, changed=False
[2026-06-11 16:20:17] [DEBUG] [T:28060] [runner._check_one:483] [asst.log] 0e7b6a1b: pos 232157 → 234502, changed=True
[2026-06-11 16:20:17] [DEBUG] [T:28060] [runner._check_one:489] [asst.log] head='[2026-06-11 16:20:15.698][TRC][Px28180][Tx29747] end of sleep 500\n[2026-06-11 16:20:15.888][INF][Px28180][Tx29747] Call ` D:\\Xiach\\MuMuPlayer\\nx_main\\adb.exe -s 127.0.0.1:16384 exec-out "screencap | g'
[2026-06-11 16:20:17] [DEBUG] [T:28060] [runner._check_one:483] [asst.log] 0e7b6a1b: pos 234502 → 234502, changed=False
[2026-06-11 16:20:19] [DEBUG] [T:28060] [runner._check_one:483] [asst.log] 0e7b6a1b: pos 234502 → 239356, changed=True
[2026-06-11 16:20:19] [DEBUG] [T:28060] [runner._check_one:489] [asst.log] head='[2026-06-11 16:20:17.508][INF][Px28180][Tx29747] Call ` D:\\Xiach\\MuMuPlayer\\nx_main\\adb.exe -s 127.0.0.1:16384 exec-out "screencap | gzip -1" ` ret 0 , cost 197 ms , stdout size: 387094 , socket size:'
[2026-06-11 16:20:19] [DEBUG] [T:28060] [runner._check_one:483] [asst.log] 0e7b6a1b: pos 239356 → 240022, changed=True
[2026-06-11 16:20:19] [DEBUG] [T:28060] [runner._check_one:489] [asst.log] head='[2026-06-11 16:20:19.490][TRC][Px28180][Tx29747] end of sleep 500\n[2026-06-11 16:20:19.490][INF][Px28180][Tx29747] {"class":"asst::ProcessTask","cur_task":"RecruitBegin","details":{"cur_retry":0,"retr'
[2026-06-11 16:20:21] [DEBUG] [T:28060] [runner._check_one:483] [asst.log] 0e7b6a1b: pos 240022 → 242738, changed=True
[2026-06-11 16:20:21] [DEBUG] [T:28060] [runner._check_one:489] [asst.log] head='[2026-06-11 16:20:19.705][INF][Px28180][Tx29747] Call ` D:\\Xiach\\MuMuPlayer\\nx_main\\adb.exe -s 127.0.0.1:16384 exec-out "screencap | gzip -1" ` ret 0 , cost 214 ms , stdout size: 390024 , socket size:'
[2026-06-11 16:20:21] [DEBUG] [T:28060] [runner._check_one:483] [asst.log] 0e7b6a1b: pos 242738 → 242738, changed=False
[2026-06-11 16:20:23] [DEBUG] [T:28060] [runner._check_one:483] [asst.log] 0e7b6a1b: pos 242738 → 246624, changed=True
[2026-06-11 16:20:23] [DEBUG] [T:28060] [runner._check_one:489] [asst.log] head='[2026-06-11 16:20:21.518][TRC][Px28180][Tx29747] asst::WordOcr [{ text: ·, rect: [ 0 (50), 0 (100), 230, 100 ], score: 0.732916 }] by OCR Pipeline , cost 64 ms\n[2026-06-11 16:20:21.603][TRC][Px28180]['
[2026-06-11 16:20:23] [DEBUG] [T:28060] [runner._check_one:483] [asst.log] 0e7b6a1b: pos 246624 → 246624, changed=False
[2026-06-11 16:20:25] [DEBUG] [T:28060] [runner._check_one:483] [asst.log] 0e7b6a1b: pos 246624 → 249501, changed=True
[2026-06-11 16:20:25] [DEBUG] [T:28060] [runner._check_one:489] [asst.log] head='[2026-06-11 16:20:23.655][INF][Px28180][Tx29747] Call ` D:\\Xiach\\MuMuPlayer\\nx_main\\adb.exe -s 127.0.0.1:16384 exec-out "screencap | gzip -1" ` ret 0 , cost 198 ms , stdout size: 386510 , socket size:'
[2026-06-11 16:20:25] [DEBUG] [T:28060] [runner._check_one:483] [asst.log] 0e7b6a1b: pos 249501 → 249501, changed=False
[2026-06-11 16:20:27] [DEBUG] [T:28060] [runner._check_one:483] [asst.log] 0e7b6a1b: pos 249501 → 253413, changed=True
[2026-06-11 16:20:27] [DEBUG] [T:28060] [runner._check_one:489] [asst.log] head='[2026-06-11 16:20:25.555][TRC][Px28180][Tx29747] asst::WordOcr [{ text: _, rect: [ 0 (500), 0 (50), 300, 150 ], score: 0.896424 }] by OCR Pipeline , cost 73 ms\n[2026-06-11 16:20:25.563][INF][Px28180]['
[2026-06-11 16:20:27] [DEBUG] [T:28060] [runner._check_one:483] [asst.log] 0e7b6a1b: pos 253413 → 253413, changed=False
[2026-06-11 16:20:29] [DEBUG] [T:28060] [runner._check_one:483] [asst.log] 0e7b6a1b: pos 253413 → 256129, changed=True
[2026-06-11 16:20:29] [DEBUG] [T:28060] [runner._check_one:489] [asst.log] head='[2026-06-11 16:20:27.622][INF][Px28180][Tx29747] Call ` D:\\Xiach\\MuMuPlayer\\nx_main\\adb.exe -s 127.0.0.1:16384 exec-out "screencap | gzip -1" ` ret 0 , cost 211 ms , stdout size: 393498 , socket size:'
[2026-06-11 16:20:29] [DEBUG] [T:28060] [runner._check_one:483] [asst.log] 0e7b6a1b: pos 256129 → 256289, changed=True
[2026-06-11 16:20:29] [DEBUG] [T:28060] [runner._check_one:489] [asst.log] head='[2026-06-11 16:20:29.490][TRC][Px28180][Tx29747] asst::WordOcr [{ text: ., rect: [ 0 (50), 0 (100), 230, 100 ], score: 0.387545 }] by OCR Pipeline , cost 74 ms\n'
[2026-06-11 16:20:31] [DEBUG] [T:28060] [runner._check_one:483] [asst.log] 0e7b6a1b: pos 256289 → 259348, changed=True
[2026-06-11 16:20:31] [DEBUG] [T:28060] [runner._check_one:489] [asst.log] head='[2026-06-11 16:20:29.593][TRC][Px28180][Tx29747] asst::WordOcr [{ text: , rect: [ 0 (500), 0 (50), 300, 150 ], score: 0.000000 }] by OCR Pipeline , cost 58 ms\n[2026-06-11 16:20:29.604][INF][Px28180][T'
[2026-06-11 16:20:31] [DEBUG] [T:28060] [runner._check_one:483] [asst.log] 0e7b6a1b: pos 259348 → 259348, changed=False
[2026-06-11 16:20:33] [DEBUG] [T:28060] [runner._check_one:483] [asst.log] 0e7b6a1b: pos 259348 → 262731, changed=True
[2026-06-11 16:20:33] [DEBUG] [T:28060] [runner._check_one:489] [asst.log] head='[2026-06-11 16:20:31.502][TRC][Px28180][Tx29747] end of sleep 500\n[2026-06-11 16:20:31.502][INF][Px28180][Tx29747] {"class":"asst::ProcessTask","cur_task":"RecruitBegin","details":{"cur_retry":0,"retr'
[2026-06-11 16:20:33] [DEBUG] [T:28060] [runner._check_one:483] [asst.log] 0e7b6a1b: pos 262731 → 262731, changed=False
[2026-06-11 16:20:35] [DEBUG] [T:28060] [runner._check_one:483] [asst.log] 0e7b6a1b: pos 262731 → 267609, changed=True
[2026-06-11 16:20:35] [DEBUG] [T:28060] [runner._check_one:489] [asst.log] head='[2026-06-11 16:20:33.515][TRC][Px28180][Tx29747] asst::WordOcr [{ text: ., rect: [ 0 (50), 0 (100), 230, 100 ], score: 0.387545 }] by OCR Pipeline , cost 52 ms\n[2026-06-11 16:20:33.597][TRC][Px28180]['
[2026-06-11 16:20:35] [DEBUG] [T:28060] [runner._check_one:483] [asst.log] 0e7b6a1b: pos 267609 → 267609, changed=False
[2026-06-11 16:20:37] [DEBUG] [T:28060] [runner._check_one:483] [asst.log] 0e7b6a1b: pos 267609 → 270543, changed=True
[2026-06-11 16:20:37] [DEBUG] [T:28060] [runner._check_one:489] [asst.log] head='[2026-06-11 16:20:35.971][TRC][Px28180][Tx29747] end of sleep 500\n[2026-06-11 16:20:35.971][INF][Px28180][Tx29747] {"class":"asst::ProcessTask","cur_task":"VisitBegin","details":{"cur_retry":0,"retry_'
[2026-06-11 16:20:37] [DEBUG] [T:28060] [runner._check_one:483] [asst.log] 0e7b6a1b: pos 270543 → 270543, changed=False
[2026-06-11 16:20:39] [DEBUG] [T:28060] [runner._check_one:483] [asst.log] 0e7b6a1b: pos 270543 → 272773, changed=True
[2026-06-11 16:20:39] [DEBUG] [T:28060] [runner._check_one:489] [asst.log] head='[2026-06-11 16:20:37.670][TRC][Px28180][Tx29747] end of sleep 500\n[2026-06-11 16:20:37.875][INF][Px28180][Tx29747] Call ` D:\\Xiach\\MuMuPlayer\\nx_main\\adb.exe -s 127.0.0.1:16384 exec-out "screencap | g'
[2026-06-11 16:20:39] [DEBUG] [T:28060] [runner._check_one:483] [asst.log] 0e7b6a1b: pos 272773 → 272773, changed=False
[2026-06-11 16:20:41] [DEBUG] [T:28060] [runner._check_one:483] [asst.log] 0e7b6a1b: pos 272773 → 275951, changed=True
[2026-06-11 16:20:41] [DEBUG] [T:28060] [runner._check_one:489] [asst.log] head='[2026-06-11 16:20:39.512][INF][Px28180][Tx29747] Call ` D:\\Xiach\\MuMuPlayer\\nx_main\\adb.exe -s 127.0.0.1:16384 exec-out "screencap | gzip -1" ` ret 0 , cost 191 ms , stdout size: 392073 , socket size:'
[2026-06-11 16:20:41] [DEBUG] [T:28060] [runner._check_one:483] [asst.log] 0e7b6a1b: pos 275951 → 275951, changed=False
[2026-06-11 16:20:43] [DEBUG] [T:28060] [runner._check_one:483] [asst.log] 0e7b6a1b: pos 275951 → 278180, changed=True
[2026-06-11 16:20:43] [DEBUG] [T:28060] [runner._check_one:489] [asst.log] head='[2026-06-11 16:20:41.799][TRC][Px28180][Tx29747] end of sleep 500\n[2026-06-11 16:20:41.990][INF][Px28180][Tx29747] Call ` D:\\Xiach\\MuMuPlayer\\nx_main\\adb.exe -s 127.0.0.1:16384 exec-out "screencap | g'
[2026-06-11 16:20:43] [DEBUG] [T:28060] [runner._check_one:483] [asst.log] 0e7b6a1b: pos 278180 → 278180, changed=False
[2026-06-11 16:20:45] [DEBUG] [T:28060] [runner._check_one:483] [asst.log] 0e7b6a1b: pos 278180 → 281548, changed=True
[2026-06-11 16:20:45] [DEBUG] [T:28060] [runner._check_one:489] [asst.log] head='[2026-06-11 16:20:43.625][INF][Px28180][Tx29747] Call ` D:\\Xiach\\MuMuPlayer\\nx_main\\adb.exe -s 127.0.0.1:16384 exec-out "screencap | gzip -1" ` ret 0 , cost 196 ms , stdout size: 380580 , socket size:'
[2026-06-11 16:20:45] [DEBUG] [T:28060] [runner._check_one:483] [asst.log] 0e7b6a1b: pos 281548 → 281548, changed=False
[2026-06-11 16:20:47] [DEBUG] [T:28060] [runner._check_one:483] [asst.log] 0e7b6a1b: pos 281548 → 283713, changed=True
[2026-06-11 16:20:47] [DEBUG] [T:28060] [runner._check_one:489] [asst.log] head='[2026-06-11 16:20:45.955][TRC][Px28180][Tx29747] end of sleep 500\n[2026-06-11 16:20:46.156][INF][Px28180][Tx29747] Call ` D:\\Xiach\\MuMuPlayer\\nx_main\\adb.exe -s 127.0.0.1:16384 exec-out "screencap | g'
[2026-06-11 16:20:47] [DEBUG] [T:28060] [runner._check_one:483] [asst.log] 0e7b6a1b: pos 283713 → 283713, changed=False
[2026-06-11 16:20:49] [DEBUG] [T:28060] [runner._check_one:483] [asst.log] 0e7b6a1b: pos 283713 → 285945, changed=True
[2026-06-11 16:20:49] [DEBUG] [T:28060] [runner._check_one:489] [asst.log] head='[2026-06-11 16:20:47.641][TRC][Px28180][Tx29747] end of sleep 500\n[2026-06-11 16:20:47.834][INF][Px28180][Tx29747] Call ` D:\\Xiach\\MuMuPlayer\\nx_main\\adb.exe -s 127.0.0.1:16384 exec-out "screencap | g'
[2026-06-11 16:20:49] [DEBUG] [T:28060] [runner._check_one:483] [asst.log] 0e7b6a1b: pos 285945 → 286148, changed=True
[2026-06-11 16:20:49] [DEBUG] [T:28060] [runner._check_one:489] [asst.log] head='[2026-06-11 16:20:49.497][INF][Px28180][Tx29747] Call ` D:\\Xiach\\MuMuPlayer\\nx_main\\adb.exe -s 127.0.0.1:16384 exec-out "screencap | gzip -1" ` ret 0 , cost 204 ms , stdout size: 390390 , socket size:'
[2026-06-11 16:20:51] [DEBUG] [T:28060] [runner._check_one:483] [asst.log] 0e7b6a1b: pos 286148 → 289128, changed=True
[2026-06-11 16:20:51] [DEBUG] [T:28060] [runner._check_one:489] [asst.log] head='[2026-06-11 16:20:49.621][TRC][Px28180][Tx29747] asst::WordOcr [{ text: _, rect: [ 0 (500), 0 (50), 300, 150 ], score: 0.770713 }] by OCR Pipeline , cost 49 ms\n[2026-06-11 16:20:49.622][INF][Px28180]['
[2026-06-11 16:20:51] [DEBUG] [T:28060] [runner._check_one:483] [asst.log] 0e7b6a1b: pos 289128 → 289128, changed=False
[2026-06-11 16:20:53] [DEBUG] [T:28060] [runner._check_one:483] [asst.log] 0e7b6a1b: pos 289128 → 292663, changed=True
[2026-06-11 16:20:53] [DEBUG] [T:28060] [runner._check_one:489] [asst.log] head='[2026-06-11 16:20:51.763][TRC][Px28180][Tx29747] end of sleep 500\n[2026-06-11 16:20:51.965][INF][Px28180][Tx29747] Call ` D:\\Xiach\\MuMuPlayer\\nx_main\\adb.exe -s 127.0.0.1:16384 exec-out "screencap | g'
[2026-06-11 16:20:53] [DEBUG] [T:28060] [runner._check_one:483] [asst.log] 0e7b6a1b: pos 292663 → 292663, changed=False
[2026-06-11 16:20:55] [DEBUG] [T:28060] [runner._check_one:483] [asst.log] 0e7b6a1b: pos 292663 → 295568, changed=True
[2026-06-11 16:20:55] [DEBUG] [T:28060] [runner._check_one:489] [asst.log] head='[2026-06-11 16:20:53.932][TRC][Px28180][Tx29747] end of sleep 500\n[2026-06-11 16:20:53.932][INF][Px28180][Tx29747] {"class":"asst::ProcessTask","cur_task":"MallBegin","details":{"cur_retry":0,"retry_t'
[2026-06-11 16:20:55] [DEBUG] [T:28060] [runner._check_one:483] [asst.log] 0e7b6a1b: pos 295568 → 295568, changed=False
[2026-06-11 16:20:57] [DEBUG] [T:28060] [runner._check_one:483] [asst.log] 0e7b6a1b: pos 295568 → 298010, changed=True
[2026-06-11 16:20:57] [DEBUG] [T:28060] [runner._check_one:489] [asst.log] head='[2026-06-11 16:20:55.617][TRC][Px28180][Tx29747] end of sleep 500\n[2026-06-11 16:20:55.820][INF][Px28180][Tx29747] Call ` D:\\Xiach\\MuMuPlayer\\nx_main\\adb.exe -s 127.0.0.1:16384 exec-out "screencap | g'
[2026-06-11 16:20:57] [DEBUG] [T:28060] [runner._check_one:483] [asst.log] 0e7b6a1b: pos 298010 → 298010, changed=False
[2026-06-11 16:20:59] [DEBUG] [T:28060] [runner._check_one:483] [asst.log] 0e7b6a1b: pos 298010 → 301506, changed=True
[2026-06-11 16:20:59] [DEBUG] [T:28060] [runner._check_one:489] [asst.log] head='[2026-06-11 16:20:57.557][INF][Px28180][Tx29747] Call ` D:\\Xiach\\MuMuPlayer\\nx_main\\adb.exe -s 127.0.0.1:16384 exec-out "screencap | gzip -1" ` ret 0 , cost 209 ms , stdout size: 390375 , socket size:'
[2026-06-11 16:20:59] [DEBUG] [T:28060] [runner._check_one:483] [asst.log] 0e7b6a1b: pos 301506 → 301506, changed=False
[2026-06-11 16:21:01] [DEBUG] [T:28060] [runner._check_one:483] [asst.log] 0e7b6a1b: pos 301506 → 303881, changed=True
[2026-06-11 16:21:01] [DEBUG] [T:28060] [runner._check_one:489] [asst.log] head='[2026-06-11 16:20:59.937][TRC][Px28180][Tx29747] end of sleep 500\n[2026-06-11 16:21:00.174][INF][Px28180][Tx29747] Call ` D:\\Xiach\\MuMuPlayer\\nx_main\\adb.exe -s 127.0.0.1:16384 exec-out "screencap | g'
[2026-06-11 16:21:01] [DEBUG] [T:28060] [runner._check_one:483] [asst.log] 0e7b6a1b: pos 303881 → 303881, changed=False
[2026-06-11 16:21:03] [DEBUG] [T:28060] [runner._check_one:483] [asst.log] 0e7b6a1b: pos 303881 → 306509, changed=True
[2026-06-11 16:21:03] [DEBUG] [T:28060] [runner._check_one:489] [asst.log] head='[2026-06-11 16:21:01.744][TRC][Px28180][Tx29747] end of sleep 500\n[2026-06-11 16:21:01.938][INF][Px28180][Tx29747] Call ` D:\\Xiach\\MuMuPlayer\\nx_main\\adb.exe -s 127.0.0.1:16384 exec-out "screencap | g'
[2026-06-11 16:21:03] [DEBUG] [T:28060] [runner._check_one:483] [asst.log] 0e7b6a1b: pos 306509 → 306509, changed=False
[2026-06-11 16:21:05] [DEBUG] [T:28060] [runner._check_one:483] [asst.log] 0e7b6a1b: pos 306509 → 309249, changed=True
[2026-06-11 16:21:05] [DEBUG] [T:28060] [runner._check_one:489] [asst.log] head='[2026-06-11 16:21:03.649][INF][Px28180][Tx29747] Call ` D:\\Xiach\\MuMuPlayer\\nx_main\\adb.exe -s 127.0.0.1:16384 exec-out "screencap | gzip -1" ` ret 0 , cost 197 ms , stdout size: 386514 , socket size:'
[2026-06-11 16:21:05] [DEBUG] [T:28060] [runner._check_one:483] [asst.log] 0e7b6a1b: pos 309249 → 309409, changed=True
[2026-06-11 16:21:05] [DEBUG] [T:28060] [runner._check_one:489] [asst.log] head='[2026-06-11 16:21:05.491][TRC][Px28180][Tx29747] asst::WordOcr [{ text: _, rect: [ 0 (500), 0 (50), 300, 150 ], score: 0.388478 }] by OCR Pipeline , cost 50 ms\n'
[2026-06-11 16:21:07] [DEBUG] [T:28060] [runner._check_one:483] [asst.log] 0e7b6a1b: pos 309409 → 312386, changed=True
[2026-06-11 16:21:07] [DEBUG] [T:28060] [runner._check_one:489] [asst.log] head='[2026-06-11 16:21:05.519][INF][Px28180][Tx29747] {"class":"asst::ProcessTask","cur_task":"MallBegin","details":{"cur_retry":14,"retry_times":20,"to_be_recognized":["Mall","CreditStoreOcr","Mall@CloseA'
[2026-06-11 16:21:07] [DEBUG] [T:28060] [runner._check_one:483] [asst.log] 0e7b6a1b: pos 312386 → 312386, changed=False
[2026-06-11 16:21:09] [DEBUG] [T:28060] [runner._check_one:483] [asst.log] 0e7b6a1b: pos 312386 → 314833, changed=True
[2026-06-11 16:21:09] [DEBUG] [T:28060] [runner._check_one:489] [asst.log] head='[2026-06-11 16:21:07.747][TRC][Px28180][Tx29747] end of sleep 500\n[2026-06-11 16:21:07.941][INF][Px28180][Tx29747] Call ` D:\\Xiach\\MuMuPlayer\\nx_main\\adb.exe -s 127.0.0.1:16384 exec-out "screencap | g'
[2026-06-11 16:21:09] [DEBUG] [T:28060] [runner._check_one:483] [asst.log] 0e7b6a1b: pos 314833 → 314833, changed=False
[2026-06-11 16:21:11] [DEBUG] [T:28060] [runner._check_one:483] [asst.log] 0e7b6a1b: pos 314833 → 317759, changed=True
[2026-06-11 16:21:11] [DEBUG] [T:28060] [runner._check_one:489] [asst.log] head='[2026-06-11 16:21:09.636][INF][Px28180][Tx29747] Call ` D:\\Xiach\\MuMuPlayer\\nx_main\\adb.exe -s 127.0.0.1:16384 exec-out "screencap | gzip -1" ` ret 0 , cost 204 ms , stdout size: 388790 , socket size:'
[2026-06-11 16:21:11] [DEBUG] [T:28060] [runner._check_one:483] [asst.log] 0e7b6a1b: pos 317759 → 317759, changed=False
[2026-06-11 16:21:13] [DEBUG] [T:28060] [runner._check_one:483] [asst.log] 0e7b6a1b: pos 317759 → 322557, changed=True
[2026-06-11 16:21:13] [DEBUG] [T:28060] [runner._check_one:489] [asst.log] head='[2026-06-11 16:21:11.510][TRC][Px28180][Tx29747] asst::WordOcr [{ text: m, rect: [ 0 (500), 0 (50), 300, 150 ], score: 0.637259 }] by OCR Pipeline , cost 73 ms\n[2026-06-11 16:21:11.544][INF][Px28180]['
[2026-06-11 16:21:13] [DEBUG] [T:28060] [runner._check_one:483] [asst.log] 0e7b6a1b: pos 322557 → 322557, changed=False
[2026-06-11 16:21:15] [DEBUG] [T:28060] [runner._check_one:483] [asst.log] 0e7b6a1b: pos 322557 → 325684, changed=True
[2026-06-11 16:21:15] [DEBUG] [T:28060] [runner._check_one:489] [asst.log] head='[2026-06-11 16:21:13.619][INF][Px28180][Tx29747] Call ` D:\\Xiach\\MuMuPlayer\\nx_main\\adb.exe -s 127.0.0.1:16384 exec-out "screencap | gzip -1" ` ret 0 , cost 202 ms , stdout size: 386301 , socket size:'
[2026-06-11 16:21:15] [DEBUG] [T:28060] [runner._check_one:483] [asst.log] 0e7b6a1b: pos 325684 → 325684, changed=False
[2026-06-11 16:21:17] [DEBUG] [T:28060] [runner._check_one:483] [asst.log] 0e7b6a1b: pos 325684 → 327814, changed=True
[2026-06-11 16:21:17] [DEBUG] [T:28060] [runner._check_one:489] [asst.log] head='[2026-06-11 16:21:15.887][TRC][Px28180][Tx29747] end of sleep 500\n[2026-06-11 16:21:16.082][INF][Px28180][Tx29747] Call ` D:\\Xiach\\MuMuPlayer\\nx_main\\adb.exe -s 127.0.0.1:16384 exec-out "screencap | g'
[2026-06-11 16:21:17] [DEBUG] [T:28060] [runner._check_one:483] [asst.log] 0e7b6a1b: pos 327814 → 327814, changed=False
[2026-06-11 16:21:19] [DEBUG] [T:28060] [runner._check_one:483] [asst.log] 0e7b6a1b: pos 327814 → 331193, changed=True
[2026-06-11 16:21:19] [DEBUG] [T:28060] [runner._check_one:489] [asst.log] head='[2026-06-11 16:21:17.526][TRC][Px28180][Tx29747] end of sleep 500\n[2026-06-11 16:21:17.724][INF][Px28180][Tx29747] Call ` D:\\Xiach\\MuMuPlayer\\nx_main\\adb.exe -s 127.0.0.1:16384 exec-out "screencap | g'
[2026-06-11 16:21:19] [DEBUG] [T:28060] [runner._check_one:483] [asst.log] 0e7b6a1b: pos 331193 → 331193, changed=False
[2026-06-11 16:21:21] [DEBUG] [T:28060] [runner._check_one:483] [asst.log] 0e7b6a1b: pos 331193 → 333324, changed=True
[2026-06-11 16:21:21] [DEBUG] [T:28060] [runner._check_one:489] [asst.log] head='[2026-06-11 16:21:19.977][TRC][Px28180][Tx29747] end of sleep 500\n[2026-06-11 16:21:20.174][INF][Px28180][Tx29747] Call ` D:\\Xiach\\MuMuPlayer\\nx_main\\adb.exe -s 127.0.0.1:16384 exec-out "screencap | g'
[2026-06-11 16:21:21] [DEBUG] [T:28060] [runner._check_one:483] [asst.log] 0e7b6a1b: pos 333324 → 333324, changed=False
[2026-06-11 16:21:23] [DEBUG] [T:28060] [runner._check_one:483] [asst.log] 0e7b6a1b: pos 333324 → 335523, changed=True
[2026-06-11 16:21:23] [DEBUG] [T:28060] [runner._check_one:489] [asst.log] head='[2026-06-11 16:21:21.635][TRC][Px28180][Tx29747] end of sleep 500\n[2026-06-11 16:21:21.854][INF][Px28180][Tx29747] Call ` D:\\Xiach\\MuMuPlayer\\nx_main\\adb.exe -s 127.0.0.1:16384 exec-out "screencap | g'
[2026-06-11 16:21:23] [DEBUG] [T:28060] [runner._check_one:483] [asst.log] 0e7b6a1b: pos 335523 → 335523, changed=False
[2026-06-11 16:21:25] [DEBUG] [T:28060] [runner._check_one:483] [asst.log] 0e7b6a1b: pos 335523 → 338654, changed=True
[2026-06-11 16:21:25] [DEBUG] [T:28060] [runner._check_one:489] [asst.log] head='[2026-06-11 16:21:23.608][INF][Px28180][Tx29747] Call ` D:\\Xiach\\MuMuPlayer\\nx_main\\adb.exe -s 127.0.0.1:16384 exec-out "screencap | gzip -1" ` ret 0 , cost 204 ms , stdout size: 379367 , socket size:'
[2026-06-11 16:21:25] [DEBUG] [T:28060] [runner._check_one:483] [asst.log] 0e7b6a1b: pos 338654 → 338654, changed=False
[2026-06-11 16:21:27] [DEBUG] [T:28060] [runner._check_one:483] [asst.log] 0e7b6a1b: pos 338654 → 340971, changed=True
[2026-06-11 16:21:27] [DEBUG] [T:28060] [runner._check_one:489] [asst.log] head='[2026-06-11 16:21:25.890][TRC][Px28180][Tx29747] end of sleep 500\n[2026-06-11 16:21:26.088][INF][Px28180][Tx29747] Call ` D:\\Xiach\\MuMuPlayer\\nx_main\\adb.exe -s 127.0.0.1:16384 exec-out "screencap | g'
[2026-06-11 16:21:27] [DEBUG] [T:28060] [runner._check_one:483] [asst.log] 0e7b6a1b: pos 340971 → 340971, changed=False
[2026-06-11 16:21:29] [DEBUG] [T:28060] [runner._check_one:483] [asst.log] 0e7b6a1b: pos 340971 → 343371, changed=True
[2026-06-11 16:21:29] [DEBUG] [T:28060] [runner._check_one:489] [asst.log] head='[2026-06-11 16:21:27.519][TRC][Px28180][Tx29747] end of sleep 500\n[2026-06-11 16:21:27.746][INF][Px28180][Tx29747] Call ` D:\\Xiach\\MuMuPlayer\\nx_main\\adb.exe -s 127.0.0.1:16384 exec-out "screencap | g'
[2026-06-11 16:21:29] [DEBUG] [T:28060] [runner._check_one:483] [asst.log] 0e7b6a1b: pos 343371 → 343371, changed=False
[2026-06-11 16:21:31] [DEBUG] [T:28060] [runner._check_one:483] [asst.log] 0e7b6a1b: pos 343371 → 345132, changed=True
[2026-06-11 16:21:31] [DEBUG] [T:28060] [runner._check_one:489] [asst.log] head='[2026-06-11 16:21:29.600][TRC][Px28180][Tx29747] asst::WordOcr [{ text: , rect: [ 0 (500), 0 (50), 300, 150 ], score: 0.000000 }] by OCR Pipeline , cost 53 ms\n[2026-06-11 16:21:29.601][INF][Px28180][T'
[2026-06-11 16:21:31] [INFO ] [T:28060] [app._log:192] [完成后] 阿仄仄仄 任务全部完成 (MAA 将自行退出)
[2026-06-11 16:21:31] [INFO ] [T:28060] [app._log:192] [资源] 内存已恢复 (5.4GB 可用)，继续启动
[2026-06-11 16:21:31] [INFO ] [T:28060] [app._log:192] [完成] 阿仄仄仄 退出码=1 耗时=3m55s 🧠 StartUp,Award,Fight,Infrast,Recruit,Mall
[2026-06-11 16:21:31] [INFO ] [T:28060] [app._log:192] [账号] 阿仄仄仄 状态: error (exit=1) 连续失败=1
[2026-06-11 16:21:31] [INFO ] [T:28060] [app._log:192] [诊断] 阿仄仄仄 已保存到 D:\1-2\MAAOrch\services\diagnostics\阿仄仄仄_20260611_162131
[2026-06-11 16:21:31] [INFO ] [T:28060] [app._log:192] [重试] 阿仄仄仄 5s 后重试 (exp backoff 1)
[2026-06-11 16:21:31] [INFO ] [T:28060] [app._log:192] [队列] 阿仄仄仄 入队 (retry) → 16:21
[2026-06-11 16:21:31] [INFO ] [T:28060] [app._log:192] [重试] 阿仄仄仄 5s 后重试 (exp backoff 0)
[2026-06-11 16:21:31] [DEBUG] [T:28060] [queue._tick:233] 延迟 0e7b6a1b: 未到时间 (2026-06-11 16:21:36.950176)
[2026-06-11 16:21:47] [INFO ] [T:28060] [app._log:192] [启动] ADB(127.0.0.1:16384) Emu(0) 实例#1
[2026-06-11 16:21:47] [INFO ] [T:28060] [app._log:192] [启动] 阿仄仄仄
[2026-06-11 16:21:47] [INFO ] [T:28060] [app._log:192] 启动模拟器 #0
[2026-06-11 16:21:47] [INFO ] [T:28060] [app._log:192] 等待模拟器就绪 (最长 30s)...
[2026-06-11 16:21:51] [INFO ] [T:28060] [app._log:192] 模拟器 #0 已就绪
[2026-06-11 16:21:52] [DEBUG] [T:22136] [scheduler.decide:127] 阿仄仄仄: decide → ['StartUp', 'Award', 'Infrast', 'Annihilation', 'Fight']
[2026-06-11 16:21:52] [INFO ] [T:28060] [app._log:192] 🧠 智能调度: StartUp,Award,Infrast,Annihilation,Fight
[2026-06-11 16:21:52] [INFO ] [T:22136] [injector._write:567] 写入 gui.json (use_v6=False, tasks=0, infra_mode=Normal)
[2026-06-11 16:21:52] [INFO ] [T:22136] [injector._write:567] 写入 gui.new.json (use_v6=True, tasks=10, infra_mode=Normal)
[2026-06-11 16:21:52] [INFO ] [T:28060] [app._log:192] 注入配置: D:\1-2\MAAOrch\services\maa\instances\1\config/
[2026-06-11 16:21:52] [INFO ] [T:28060] [app._log:192] ✓ 启动 MAA PID=11796
[2026-06-11 16:21:53] [DEBUG] [T:28060] [runner._check_one:483] [asst.log] 0e7b6a1b: pos 0 → 0, changed=False
[2026-06-11 16:21:53] [DEBUG] [T:28060] [runner._check_one:483] [asst.log] 0e7b6a1b: pos 0 → 0, changed=False
[2026-06-11 16:21:55] [DEBUG] [T:28060] [runner._check_one:483] [asst.log] 0e7b6a1b: pos 0 → 0, changed=False
[2026-06-11 16:21:55] [DEBUG] [T:28060] [runner._check_one:483] [asst.log] 0e7b6a1b: pos 0 → 0, changed=False
[2026-06-11 16:21:57] [DEBUG] [T:28060] [runner._check_one:483] [asst.log] 0e7b6a1b: pos 0 → 20993, changed=True
[2026-06-11 16:21:57] [DEBUG] [T:28060] [runner._check_one:489] [asst.log] head='[2026-06-11 16:21:55.968][TRC][Px11796][Tx32208] -----------------------------\n[2026-06-11 16:21:55.968][TRC][Px11796][Tx32208] MaaCore Process Start\n[2026-06-11 16:21:55.968][TRC][Px11796][Tx32208] V'
[2026-06-11 16:21:57] [DEBUG] [T:28060] [runner._check_one:483] [asst.log] 0e7b6a1b: pos 20993 → 20993, changed=False
[2026-06-11 16:21:59] [DEBUG] [T:28060] [runner._check_one:483] [asst.log] 0e7b6a1b: pos 20993 → 24290, changed=True
[2026-06-11 16:21:59] [DEBUG] [T:28060] [runner._check_one:489] [asst.log] head='[2026-06-11 16:21:57.679][INF][Px11796][Tx19991] MuMuEmulator12 {\n}\n[2026-06-11 16:21:57.679][INF][Px11796][Tx19991] asst::Assistant::set_instance_option | key 6 value \n[2026-06-11 16:21:57.680][TRC]['
[2026-06-11 16:21:59] [DEBUG] [T:28060] [runner._check_one:483] [asst.log] 0e7b6a1b: pos 24290 → 24290, changed=False
[2026-06-11 16:22:01] [DEBUG] [T:28060] [runner._check_one:483] [asst.log] 0e7b6a1b: pos 24290 → 25787, changed=True
[2026-06-11 16:22:01] [DEBUG] [T:28060] [runner._check_one:489] [asst.log] head='[2026-06-11 16:22:00.066][INF][Px11796][Tx19991] MuMuEmulator12 {\n}\n[2026-06-11 16:22:00.066][INF][Px11796][Tx19991] asst::Assistant::set_instance_option | key 6 value \n[2026-06-11 16:22:00.066][TRC]['
[2026-06-11 16:22:01] [DEBUG] [T:28060] [runner._check_one:483] [asst.log] 0e7b6a1b: pos 25787 → 25787, changed=False
[2026-06-11 16:22:03] [DEBUG] [T:28060] [runner._check_one:483] [asst.log] 0e7b6a1b: pos 25787 → 25787, changed=False
[2026-06-11 16:22:03] [DEBUG] [T:28060] [runner._check_one:483] [asst.log] 0e7b6a1b: pos 25787 → 25787, changed=False
[2026-06-11 16:22:05] [DEBUG] [T:28060] [runner._cleanup:622] [完成] 阿仄仄仄 MAA 自行退出 (PostActions=6)
[2026-06-11 16:22:05] [INFO ] [T:28060] [app._log:192] [完成] 阿仄仄仄 退出码=0 耗时=0m12s 🧠 StartUp,Award,Infrast,Annihilation,Fight
[2026-06-11 16:22:05] [INFO ] [T:28060] [app._log:192] [账号] 阿仄仄仄 状态: completed (exit=0)
[2026-06-11 16:22:26] [INFO ] [T:28060] [app._log:192] [队列] 阿仄仄仄 入队 (force)
[2026-06-11 16:22:26] [INFO ] [T:28060] [app._log:192] [队列] 樄耳东c 入队 (force)
[2026-06-11 16:22:26] [INFO ] [T:28060] [app._log:192] ▶ 强制调度刷关: 2 个账号已入队
[2026-06-11 16:22:31] [INFO ] [T:28060] [app._log:192] [启动] ADB(127.0.0.1:16384) Emu(0) 实例#1
[2026-06-11 16:22:31] [INFO ] [T:28060] [app._log:192] [启动] 阿仄仄仄
[2026-06-11 16:22:32] [INFO ] [T:28060] [app._log:192] 启动模拟器 #0
[2026-06-11 16:22:32] [INFO ] [T:28060] [app._log:192] 等待模拟器就绪 (最长 30s)...
[2026-06-11 16:22:36] [INFO ] [T:28060] [app._log:192] 模拟器 #0 已就绪
[2026-06-11 16:22:36] [INFO ] [T:28060] [app._log:192] [启动] ADB(127.0.0.1:16416) Emu(1) 实例#1
[2026-06-11 16:22:36] [INFO ] [T:28060] [app._log:192] [启动] 樄耳东c
[2026-06-11 16:22:37] [INFO ] [T:28060] [app._log:192] 启动模拟器 #1
[2026-06-11 16:22:37] [INFO ] [T:28060] [app._log:192] 等待模拟器就绪 (最长 30s)...
[2026-06-11 16:22:37] [INFO ] [T:28060] [app._log:192] 🧠 智能调度: StartUp,Award,Fight,Infrast,Recruit,Mall
[2026-06-11 16:22:37] [INFO ] [T:26132] [injector._write:567] 写入 gui.json (use_v6=False, tasks=0, infra_mode=Normal)
[2026-06-11 16:22:37] [INFO ] [T:26132] [injector._write:567] 写入 gui.new.json (use_v6=True, tasks=9, infra_mode=Normal)
[2026-06-11 16:22:37] [INFO ] [T:28060] [app._log:192] 注入配置: D:\1-2\MAAOrch\services\maa\instances\1\config/
[2026-06-11 16:22:37] [INFO ] [T:28060] [app._log:192] ✓ 启动 MAA PID=28432
[2026-06-11 16:22:37] [DEBUG] [T:28060] [runner._check_one:483] [asst.log] 0e7b6a1b: pos 0 → 0, changed=False
[2026-06-11 16:22:37] [DEBUG] [T:28060] [runner._check_one:483] [asst.log] 0e7b6a1b: pos 0 → 0, changed=False
[2026-06-11 16:22:39] [DEBUG] [T:28060] [runner._check_one:483] [asst.log] 0e7b6a1b: pos 0 → 0, changed=False
[2026-06-11 16:22:39] [DEBUG] [T:28060] [runner._check_one:483] [asst.log] 0e7b6a1b: pos 0 → 0, changed=False
[2026-06-11 16:22:41] [INFO ] [T:28060] [app._log:192] 模拟器 #1 已就绪
[2026-06-11 16:22:41] [DEBUG] [T:28060] [runner._check_one:483] [asst.log] 0e7b6a1b: pos 0 → 6369, changed=True
[2026-06-11 16:22:41] [DEBUG] [T:28060] [runner._check_one:489] [asst.log] head='[2026-06-11 16:22:41.010][TRC][Px28432][Tx30973] -----------------------------\n[2026-06-11 16:22:41.011][TRC][Px28432][Tx30973] MaaCore Process Start\n[2026-06-11 16:22:41.011][TRC][Px28432][Tx30973] V'
[2026-06-11 16:22:41] [DEBUG] [T:28060] [runner._check_one:483] [asst.log] 0e7b6a1b: pos 6369 → 6568, changed=True
[2026-06-11 16:22:41] [DEBUG] [T:28060] [runner._check_one:489] [asst.log] head='[2026-06-11 16:22:41.489][TRC][Px28432][Tx30973] asst::TemplResource::load | leave, 4 ms\n[2026-06-11 16:22:41.489][TRC][Px28432][Tx30973] asst::StageDropsConfig :: asst::AbstractConfig::load | enter\n'
[2026-06-11 16:22:42] [INFO ] [T:28060] [app._log:192] 🧠 智能调度: StartUp,Award,Fight,Infrast,Recruit,Mall
[2026-06-11 16:22:42] [INFO ] [T:29528] [injector._write:567] 写入 gui.json (use_v6=False, tasks=0, infra_mode=Normal)
[2026-06-11 16:22:42] [INFO ] [T:29528] [injector._write:567] 写入 gui.new.json (use_v6=True, tasks=9, infra_mode=Normal)
[2026-06-11 16:22:42] [INFO ] [T:28060] [app._log:192] 注入配置: D:\1-2\MAAOrch\services\maa\instances\1\config/
[2026-06-11 16:22:42] [INFO ] [T:28060] [app._log:192] ✓ 启动 MAA PID=22580
[2026-06-11 16:22:43] [DEBUG] [T:28060] [runner._check_one:483] [asst.log] 0e7b6a1b: pos 6568 → 22519, changed=True
[2026-06-11 16:22:43] [DEBUG] [T:28060] [runner._check_one:489] [asst.log] head='[2026-06-11 16:22:41.499][TRC][Px28432][Tx30973] asst::StageDropsConfig::parse | enter\n[2026-06-11 16:22:41.505][TRC][Px28432][Tx30973] asst::StageDropsConfig::parse | leave, 6 ms\n[2026-06-11 16:22:41'
[2026-06-11 16:22:43] [DEBUG] [T:28060] [runner._check_one:483] [asst.log] 4f9d5e58: pos 0 → 22519, changed=True
[2026-06-11 16:22:43] [DEBUG] [T:28060] [runner._check_one:489] [asst.log] head='[2026-06-11 16:22:41.010][TRC][Px28432][Tx30973] -----------------------------\n[2026-06-11 16:22:41.011][TRC][Px28432][Tx30973] MaaCore Process Start\n[2026-06-11 16:22:41.011][TRC][Px28432][Tx30973] V'
[2026-06-11 16:22:43] [DEBUG] [T:28060] [runner._check_one:483] [asst.log] 0e7b6a1b: pos 22519 → 22519, changed=False
[2026-06-11 16:22:43] [DEBUG] [T:28060] [runner._check_one:483] [asst.log] 4f9d5e58: pos 22519 → 22519, changed=False
[2026-06-11 16:22:45] [DEBUG] [T:28060] [runner._check_one:483] [asst.log] 0e7b6a1b: pos 22519 → 24288, changed=True
[2026-06-11 16:22:45] [DEBUG] [T:28060] [runner._check_one:489] [asst.log] head='[2026-06-11 16:22:43.557][INF][Px28432][Tx32995] Call ` D:\\Xiach\\MuMuPlayer\\nx_main\\adb.exe -s 127.0.0.1:16384 shell settings get secure android_id ` ret 1 , cost 126 ms , stdout size: 25 , socket siz'
[2026-06-11 16:22:45] [DEBUG] [T:28060] [runner._check_one:483] [asst.log] 4f9d5e58: pos 22519 → 24288, changed=True
[2026-06-11 16:22:45] [DEBUG] [T:28060] [runner._check_one:489] [asst.log] head='[2026-06-11 16:22:43.557][INF][Px28432][Tx32995] Call ` D:\\Xiach\\MuMuPlayer\\nx_main\\adb.exe -s 127.0.0.1:16384 shell settings get secure android_id ` ret 1 , cost 126 ms , stdout size: 25 , socket siz'
[2026-06-11 16:22:45] [DEBUG] [T:28060] [runner._check_one:483] [asst.log] 0e7b6a1b: pos 24288 → 24288, changed=False
[2026-06-11 16:22:45] [DEBUG] [T:28060] [runner._check_one:483] [asst.log] 4f9d5e58: pos 24288 → 24288, changed=False
[2026-06-11 16:22:47] [DEBUG] [T:28060] [runner._check_one:483] [asst.log] 0e7b6a1b: pos 24288 → 28673, changed=True
[2026-06-11 16:22:47] [DEBUG] [T:28060] [runner._check_one:489] [asst.log] head='[2026-06-11 16:22:45.674][INF][Px28432][Tx32995] MuMuEmulator12 {\n}\n[2026-06-11 16:22:45.674][INF][Px28432][Tx32995] asst::Assistant::set_instance_option | key 6 value \n[2026-06-11 16:22:45.674][TRC]['
[2026-06-11 16:22:47] [DEBUG] [T:28060] [runner._cleanup:622] [完成] 樄耳东c MAA 自行退出 (PostActions=6)
[2026-06-11 16:22:47] [INFO ] [T:28060] [app._log:192] [完成] 樄耳东c 退出码=0 耗时=0m4s 🧠 StartUp,Award,Fight,Infrast,Recruit,Mall
[2026-06-11 16:22:47] [INFO ] [T:28060] [app._log:192] [账号] 樄耳东c 状态: completed (exit=0)
[2026-06-11 16:22:47] [DEBUG] [T:28060] [runner._check_one:483] [asst.log] 0e7b6a1b: pos 28673 → 28673, changed=False
[2026-06-11 16:22:49] [DEBUG] [T:28060] [runner._check_one:483] [asst.log] 0e7b6a1b: pos 28673 → 30987, changed=True
[2026-06-11 16:22:49] [DEBUG] [T:28060] [runner._check_one:489] [asst.log] head='[2026-06-11 16:22:47.566][INF][Px28432][Tx32995] Call ` D:\\Xiach\\MuMuPlayer\\nx_main\\adb.exe -s 127.0.0.1:16384 shell "dumpsys input | grep SurfaceOrientation | tail -n 1 | grep -m 1 -o -E [0-9]" ` ret'
[2026-06-11 16:22:49] [DEBUG] [T:28060] [runner._check_one:483] [asst.log] 0e7b6a1b: pos 30987 → 30987, changed=False
[2026-06-11 16:22:51] [DEBUG] [T:28060] [runner._check_one:483] [asst.log] 0e7b6a1b: pos 30987 → 31354, changed=True
[2026-06-11 16:22:51] [DEBUG] [T:28060] [runner._check_one:489] [asst.log] head='[2026-06-11 16:22:50.168][INF][Px28432][Tx32995] Call ` D:\\Xiach\\MuMuPlayer\\nx_main\\adb.exe -s 127.0.0.1:16384 exec-out "screencap | nc -w 3 10.0.2.2 63363" ` ret 0 , cost 1735 ms , stdout size: 0 , s'
[2026-06-11 16:22:51] [DEBUG] [T:28060] [runner._check_one:483] [asst.log] 0e7b6a1b: pos 31354 → 31354, changed=False
[2026-06-11 16:22:53] [DEBUG] [T:28060] [runner._check_one:483] [asst.log] 0e7b6a1b: pos 31354 → 31710, changed=True
[2026-06-11 16:22:53] [DEBUG] [T:28060] [runner._check_one:489] [asst.log] head='[2026-06-11 16:22:51.775][INF][Px28432][Tx32995] Call ` D:\\Xiach\\MuMuPlayer\\nx_main\\adb.exe -s 127.0.0.1:16384 exec-out "screencap | gzip -1" ` ret 0 , cost 1602 ms , stdout size: 1419500 , socket siz'
[2026-06-11 16:22:53] [DEBUG] [T:28060] [runner._check_one:483] [asst.log] 0e7b6a1b: pos 31710 → 31710, changed=False
[2026-06-11 16:22:55] [INFO ] [T:28060] [app._log:192] [资源] 系统可用内存 4.0GB 不足，暂停新启动
[2026-06-11 16:22:55] [DEBUG] [T:28060] [runner._check_one:483] [asst.log] 0e7b6a1b: pos 31710 → 41254, changed=True
[2026-06-11 16:22:55] [DEBUG] [T:28060] [runner._check_one:489] [asst.log] head='[2026-06-11 16:22:54.254][INF][Px28432][Tx32995] Call ` D:\\Xiach\\MuMuPlayer\\nx_main\\adb.exe -s 127.0.0.1:16384 exec-out screencap -p ` ret 0 , cost 2461 ms , stdout size: 890042 , socket size: 0\n[2026'
[2026-06-11 16:22:55] [DEBUG] [T:28060] [runner._check_one:483] [asst.log] 0e7b6a1b: pos 41254 → 41254, changed=False
[2026-06-11 16:22:57] [DEBUG] [T:28060] [runner._check_one:483] [asst.log] 0e7b6a1b: pos 41254 → 43905, changed=True
[2026-06-11 16:22:57] [DEBUG] [T:28060] [runner._check_one:489] [asst.log] head='[2026-06-11 16:22:56.266][TRC][Px28432][Tx4870] end of sleep 1500\n[2026-06-11 16:22:56.509][INF][Px28432][Tx4870] Call ` D:\\Xiach\\MuMuPlayer\\nx_main\\adb.exe -s 127.0.0.1:16384 shell am start -n com.hy'
[2026-06-11 16:22:57] [DEBUG] [T:28060] [runner._check_one:483] [asst.log] 0e7b6a1b: pos 43905 → 43905, changed=False
[2026-06-11 16:22:59] [DEBUG] [T:28060] [runner._check_one:483] [asst.log] 0e7b6a1b: pos 43905 → 45413, changed=True
[2026-06-11 16:22:59] [DEBUG] [T:28060] [runner._check_one:489] [asst.log] head='[2026-06-11 16:22:58.425][TRC][Px28432][Tx4870] end of sleep 1000\n[2026-06-11 16:22:58.425][INF][Px28432][Tx4870] {"class":"asst::ProcessTask","cur_task":"StartUpBegin","details":{"cur_retry":0,"retry'
[2026-06-11 16:22:59] [DEBUG] [T:28060] [runner._check_one:483] [asst.log] 0e7b6a1b: pos 45413 → 45413, changed=False
[2026-06-11 16:23:01] [DEBUG] [T:28060] [runner._check_one:483] [asst.log] 0e7b6a1b: pos 45413 → 47756, changed=True
[2026-06-11 16:23:01] [DEBUG] [T:28060] [runner._check_one:489] [asst.log] head='[2026-06-11 16:23:00.143][TRC][Px28432][Tx4870] asst::WordOcr [{ text: ., rect: [ 0 (200), 0 (430), 430, 260 ], score: 0.578920 }] by OCR Pipeline , cost 683 ms\n[2026-06-11 16:23:00.274][TRC][Px28432]'
[2026-06-11 16:23:01] [DEBUG] [T:28060] [runner._check_one:483] [asst.log] 0e7b6a1b: pos 47756 → 47756, changed=False
[2026-06-11 16:23:03] [DEBUG] [T:28060] [runner._check_one:483] [asst.log] 0e7b6a1b: pos 47756 → 49976, changed=True
[2026-06-11 16:23:03] [DEBUG] [T:28060] [runner._check_one:489] [asst.log] head='[2026-06-11 16:23:01.969][TRC][Px28432][Tx4870] end of sleep 1000\n[2026-06-11 16:23:02.532][INF][Px28432][Tx4870] Call ` D:\\Xiach\\MuMuPlayer\\nx_main\\adb.exe -s 127.0.0.1:16384 exec-out "screencap | gz'
[2026-06-11 16:23:03] [DEBUG] [T:28060] [runner._check_one:483] [asst.log] 0e7b6a1b: pos 49976 → 49976, changed=False
[2026-06-11 16:23:05] [DEBUG] [T:28060] [runner._check_one:483] [asst.log] 0e7b6a1b: pos 49976 → 52675, changed=True
[2026-06-11 16:23:05] [DEBUG] [T:28060] [runner._check_one:489] [asst.log] head='[2026-06-11 16:23:03.532][TRC][Px28432][Tx4870] asst::WordOcr [{ text: _, rect: [ 0 (900), 0 (500), 380, 150 ], score: 0.948201 }] by OCR Pipeline , cost 68 ms\n[2026-06-11 16:23:03.800][TRC][Px28432]['
[2026-06-11 16:23:05] [DEBUG] [T:28060] [runner._check_one:483] [asst.log] 0e7b6a1b: pos 52675 → 52675, changed=False
[2026-06-11 16:23:07] [DEBUG] [T:28060] [runner._check_one:483] [asst.log] 0e7b6a1b: pos 52675 → 56162, changed=True
[2026-06-11 16:23:07] [DEBUG] [T:28060] [runner._check_one:489] [asst.log] head='[2026-06-11 16:23:05.647][TRC][Px28432][Tx4870] asst::WordOcr [{ text: 角闪给, rect: [ 94 (467), 126 (271), 145, 36 ], score: 0.691725 }, { text: S1UDQ, rect: [ 329 (702), 117 (262), 116, 28 ], score: 0.'
[2026-06-11 16:23:07] [DEBUG] [T:28060] [runner._check_one:483] [asst.log] 0e7b6a1b: pos 56162 → 56162, changed=False
[2026-06-11 16:23:09] [DEBUG] [T:28060] [runner._check_one:483] [asst.log] 0e7b6a1b: pos 56162 → 59129, changed=True
[2026-06-11 16:23:09] [DEBUG] [T:28060] [runner._check_one:489] [asst.log] head='[2026-06-11 16:23:07.583][INF][Px28432][Tx4870] Call ` D:\\Xiach\\MuMuPlayer\\nx_main\\adb.exe -s 127.0.0.1:16384 exec-out "screencap | gzip -1" ` ret 0 , cost 325 ms , stdout size: 17908 , socket size: 0'
[2026-06-11 16:23:09] [DEBUG] [T:28060] [runner._check_one:483] [asst.log] 0e7b6a1b: pos 59129 → 59129, changed=False
[2026-06-11 16:23:11] [DEBUG] [T:28060] [runner._check_one:483] [asst.log] 0e7b6a1b: pos 59129 → 61737, changed=True
[2026-06-11 16:23:11] [DEBUG] [T:28060] [runner._check_one:489] [asst.log] head='[2026-06-11 16:23:09.542][TRC][Px28432][Tx4870] asst::WordOcr [{ text: -, rect: [ 0 (373), 0 (145), 535, 430 ], score: 0.597695 }] by OCR Pipeline , cost 86 ms\n[2026-06-11 16:23:09.622][TRC][Px28432]['
[2026-06-11 16:23:11] [DEBUG] [T:28060] [runner._check_one:483] [asst.log] 0e7b6a1b: pos 61737 → 61737, changed=False
[2026-06-11 16:23:13] [DEBUG] [T:28060] [runner._check_one:483] [asst.log] 0e7b6a1b: pos 61737 → 64345, changed=True
[2026-06-11 16:23:13] [DEBUG] [T:28060] [runner._check_one:489] [asst.log] head='[2026-06-11 16:23:11.615][TRC][Px28432][Tx4870] asst::WordOcr [{ text: -, rect: [ 0 (373), 0 (145), 535, 430 ], score: 0.597695 }] by OCR Pipeline , cost 167 ms\n[2026-06-11 16:23:11.738][TRC][Px28432]'
[2026-06-11 16:23:13] [DEBUG] [T:28060] [runner._check_one:483] [asst.log] 0e7b6a1b: pos 64345 → 64345, changed=False
[2026-06-11 16:23:15] [DEBUG] [T:28060] [runner._check_one:483] [asst.log] 0e7b6a1b: pos 64345 → 66592, changed=True
[2026-06-11 16:23:15] [DEBUG] [T:28060] [runner._check_one:489] [asst.log] head='[2026-06-11 16:23:13.544][TRC][Px28432][Tx4870] asst::WordOcr [{ text: -, rect: [ 0 (373), 0 (145), 535, 430 ], score: 0.597695 }] by OCR Pipeline , cost 65 ms\n[2026-06-11 16:23:13.615][TRC][Px28432]['
[2026-06-11 16:23:15] [DEBUG] [T:28060] [runner._check_one:483] [asst.log] 0e7b6a1b: pos 66592 → 66794, changed=True
[2026-06-11 16:23:15] [DEBUG] [T:28060] [runner._check_one:489] [asst.log] head='[2026-06-11 16:23:15.499][INF][Px28432][Tx4870] Call ` D:\\Xiach\\MuMuPlayer\\nx_main\\adb.exe -s 127.0.0.1:16384 exec-out "screencap | gzip -1" ` ret 0 , cost 300 ms , stdout size: 794169 , socket size: '
[2026-06-11 16:23:17] [DEBUG] [T:28060] [runner._check_one:483] [asst.log] 0e7b6a1b: pos 66794 → 70103, changed=True
[2026-06-11 16:23:17] [DEBUG] [T:28060] [runner._check_one:489] [asst.log] head='[2026-06-11 16:23:15.769][TRC][Px28432][Tx4870] asst::WordOcr [{ text: 目前发现长期接触源石及其工业衍生品,会使, rect: [ 50 (250), 89 (519), 376, 17 ], score: 0.912293 }, { text: 病, rect: [ 1 (201), 121 (551), 26, 31 ], '
[2026-06-11 16:23:17] [DEBUG] [T:28060] [runner._check_one:483] [asst.log] 0e7b6a1b: pos 70103 → 70103, changed=False
[2026-06-11 16:23:19] [DEBUG] [T:28060] [runner._check_one:483] [asst.log] 0e7b6a1b: pos 70103 → 72963, changed=True
[2026-06-11 16:23:19] [DEBUG] [T:28060] [runner._check_one:489] [asst.log] head='[2026-06-11 16:23:17.562][TRC][Px28432][Tx4870] end of sleep 1000\n[2026-06-11 16:23:17.872][INF][Px28432][Tx4870] Call ` D:\\Xiach\\MuMuPlayer\\nx_main\\adb.exe -s 127.0.0.1:16384 exec-out "screencap | gz'
[2026-06-11 16:23:19] [DEBUG] [T:28060] [runner._check_one:483] [asst.log] 0e7b6a1b: pos 72963 → 72963, changed=False
[2026-06-11 16:23:21] [DEBUG] [T:28060] [runner._check_one:483] [asst.log] 0e7b6a1b: pos 72963 → 72963, changed=False
[2026-06-11 16:23:21] [DEBUG] [T:28060] [runner._check_one:483] [asst.log] 0e7b6a1b: pos 72963 → 72963, changed=False
[2026-06-11 16:23:23] [DEBUG] [T:28060] [runner._check_one:483] [asst.log] 0e7b6a1b: pos 72963 → 73627, changed=True
[2026-06-11 16:23:23] [DEBUG] [T:28060] [runner._check_one:489] [asst.log] head='[2026-06-11 16:23:23.458][TRC][Px28432][Tx4870] end of sleep 5000\n[2026-06-11 16:23:23.458][INF][Px28432][Tx4870] Assistant::append_callback | SubTaskCompleted {"class":"asst::ProcessTask","details":{'
[2026-06-11 16:23:23] [DEBUG] [T:28060] [runner._check_one:483] [asst.log] 0e7b6a1b: pos 73627 → 73627, changed=False
[2026-06-11 16:23:25] [DEBUG] [T:28060] [runner._check_one:483] [asst.log] 0e7b6a1b: pos 73627 → 76453, changed=True
[2026-06-11 16:23:25] [DEBUG] [T:28060] [runner._check_one:489] [asst.log] head='[2026-06-11 16:23:24.459][TRC][Px28432][Tx4870] end of sleep 1000\n[2026-06-11 16:23:24.459][INF][Px28432][Tx4870] {"class":"asst::ProcessTask","cur_task":"StartUp@GameStartCheckResourceOCR","details":'
[2026-06-11 16:23:25] [DEBUG] [T:28060] [runner._check_one:483] [asst.log] 0e7b6a1b: pos 76453 → 76453, changed=False
[2026-06-11 16:23:27] [DEBUG] [T:28060] [runner._check_one:483] [asst.log] 0e7b6a1b: pos 76453 → 76453, changed=False
[2026-06-11 16:23:27] [DEBUG] [T:28060] [runner._check_one:483] [asst.log] 0e7b6a1b: pos 76453 → 76453, changed=False
[2026-06-11 16:23:29] [DEBUG] [T:28060] [runner._check_one:483] [asst.log] 0e7b6a1b: pos 76453 → 78554, changed=True
[2026-06-11 16:23:29] [DEBUG] [T:28060] [runner._check_one:489] [asst.log] head='[2026-06-11 16:23:28.026][TRC][Px28432][Tx4870] end of sleep 3000\n[2026-06-11 16:23:28.026][INF][Px28432][Tx4870] Assistant::append_callback | SubTaskCompleted {"class":"asst::ProcessTask","details":{'
[2026-06-11 16:23:29] [DEBUG] [T:28060] [runner._check_one:483] [asst.log] 0e7b6a1b: pos 78554 → 78554, changed=False
[2026-06-11 16:23:31] [DEBUG] [T:28060] [runner._check_one:483] [asst.log] 0e7b6a1b: pos 78554 → 81915, changed=True
[2026-06-11 16:23:31] [DEBUG] [T:28060] [runner._check_one:489] [asst.log] head='[2026-06-11 16:23:29.501][TRC][Px28432][Tx4870] asst::WordOcr [{ text: ., rect: [ 0 (500), 0 (50), 300, 150 ], score: 0.669308 }] by OCR Pipeline , cost 64 ms\n[2026-06-11 16:23:29.631][TRC][Px28432][T'
[2026-06-11 16:23:31] [DEBUG] [T:28060] [runner._check_one:483] [asst.log] 0e7b6a1b: pos 81915 → 81915, changed=False
[2026-06-11 16:23:33] [DEBUG] [T:28060] [runner._check_one:483] [asst.log] 0e7b6a1b: pos 81915 → 83887, changed=True
[2026-06-11 16:23:33] [DEBUG] [T:28060] [runner._check_one:489] [asst.log] head='[2026-06-11 16:23:32.475][TRC][Px28432][Tx4870] end of sleep 1000\n[2026-06-11 16:23:32.682][INF][Px28432][Tx4870] Call ` D:\\Xiach\\MuMuPlayer\\nx_main\\adb.exe -s 127.0.0.1:16384 exec-out "screencap | gz'
[2026-06-11 16:23:33] [DEBUG] [T:28060] [runner._check_one:483] [asst.log] 0e7b6a1b: pos 83887 → 83887, changed=False
[2026-06-11 16:23:35] [DEBUG] [T:28060] [runner._check_one:483] [asst.log] 0e7b6a1b: pos 83887 → 85859, changed=True
[2026-06-11 16:23:35] [DEBUG] [T:28060] [runner._check_one:489] [asst.log] head='[2026-06-11 16:23:34.112][TRC][Px28432][Tx4870] end of sleep 1000\n[2026-06-11 16:23:34.364][INF][Px28432][Tx4870] Call ` D:\\Xiach\\MuMuPlayer\\nx_main\\adb.exe -s 127.0.0.1:16384 exec-out "screencap | gz'
[2026-06-11 16:23:35] [DEBUG] [T:28060] [runner._check_one:483] [asst.log] 0e7b6a1b: pos 85859 → 85859, changed=False
[2026-06-11 16:23:37] [DEBUG] [T:28060] [runner._check_one:483] [asst.log] 0e7b6a1b: pos 85859 → 87899, changed=True
[2026-06-11 16:23:37] [DEBUG] [T:28060] [runner._check_one:489] [asst.log] head='[2026-06-11 16:23:35.722][TRC][Px28432][Tx4870] end of sleep 1000\n[2026-06-11 16:23:35.982][INF][Px28432][Tx4870] Call ` D:\\Xiach\\MuMuPlayer\\nx_main\\adb.exe -s 127.0.0.1:16384 exec-out "screencap | gz'
[2026-06-11 16:23:37] [DEBUG] [T:28060] [runner._check_one:483] [asst.log] 0e7b6a1b: pos 87899 → 87899, changed=False
[2026-06-11 16:23:39] [DEBUG] [T:28060] [runner._check_one:483] [asst.log] 0e7b6a1b: pos 87899 → 90310, changed=True
[2026-06-11 16:23:39] [DEBUG] [T:28060] [runner._check_one:489] [asst.log] head='[2026-06-11 16:23:37.673][INF][Px28432][Tx4870] Call ` D:\\Xiach\\MuMuPlayer\\nx_main\\adb.exe -s 127.0.0.1:16384 exec-out "screencap | gzip -1" ` ret 0 , cost 230 ms , stdout size: 391387 , socket size: '
[2026-06-11 16:23:39] [DEBUG] [T:28060] [runner._check_one:483] [asst.log] 0e7b6a1b: pos 90310 → 90310, changed=False
[2026-06-11 16:23:41] [DEBUG] [T:28060] [runner._check_one:483] [asst.log] 0e7b6a1b: pos 90310 → 92926, changed=True
[2026-06-11 16:23:41] [DEBUG] [T:28060] [runner._check_one:489] [asst.log] head='[2026-06-11 16:23:39.553][INF][Px28432][Tx4870] Call ` D:\\Xiach\\MuMuPlayer\\nx_main\\adb.exe -s 127.0.0.1:16384 exec-out "screencap | gzip -1" ` ret 0 , cost 303 ms , stdout size: 395040 , socket size: '
[2026-06-11 16:23:41] [DEBUG] [T:28060] [runner._check_one:483] [asst.log] 0e7b6a1b: pos 92926 → 92926, changed=False
[2026-06-11 16:23:43] [DEBUG] [T:28060] [runner._check_one:483] [asst.log] 0e7b6a1b: pos 92926 → 95751, changed=True
[2026-06-11 16:23:43] [DEBUG] [T:28060] [runner._check_one:489] [asst.log] head='[2026-06-11 16:23:41.533][TRC][Px28432][Tx4870] asst::WordOcr [{ text: 账+, rect: [ 394 (594), 69 (499), 35, 28 ], score: 0.929161 }, { text: , rect: [ 0 (200), 235 (665), 22, 17 ], score: 0.000000 }] '
[2026-06-11 16:23:43] [DEBUG] [T:28060] [runner._check_one:483] [asst.log] 0e7b6a1b: pos 95751 → 96078, changed=True
[2026-06-11 16:23:43] [DEBUG] [T:28060] [runner._check_one:489] [asst.log] head='[2026-06-11 16:23:43.498][TRC][Px28432][Tx4870] asst::WordOcr [{ text: 咖.对-, rect: [ 9 (382), 0 (145), 506, 298 ], score: 0.594591 }, { text: ARKNlCHTs, rect: [ 221 (594), 268 (413), 85, 14 ], score: '
[2026-06-11 16:23:45] [DEBUG] [T:28060] [runner._check_one:483] [asst.log] 0e7b6a1b: pos 96078 → 98811, changed=True
[2026-06-11 16:23:45] [DEBUG] [T:28060] [runner._check_one:489] [asst.log] head='[2026-06-11 16:23:43.511][TRC][Px28432][Tx4870] match_templ | StartUpConnectingFlag.png [opencv] score: 0.600944 rect: [ 6, 637, 440, 83 ] roi: [ 0, 635, 450, 85 ]\n[2026-06-11 16:23:43.592][TRC][Px284'
[2026-06-11 16:23:45] [DEBUG] [T:28060] [runner._check_one:483] [asst.log] 0e7b6a1b: pos 98811 → 98811, changed=False
[2026-06-11 16:23:47] [DEBUG] [T:28060] [runner._check_one:483] [asst.log] 0e7b6a1b: pos 98811 → 101402, changed=True
[2026-06-11 16:23:47] [DEBUG] [T:28060] [runner._check_one:489] [asst.log] head='[2026-06-11 16:23:45.569][TRC][Px28432][Tx4870] asst::WordOcr [{ text: PH.Alriehtsreseved, rect: [ 4 (344), 66 (686), 120, 11 ], score: 0.870103 }] by OCR Pipeline , cost 125 ms\n[2026-06-11 16:23:45.6'
[2026-06-11 16:23:47] [DEBUG] [T:28060] [runner._check_one:483] [asst.log] 0e7b6a1b: pos 101402 → 101402, changed=False
[2026-06-11 16:23:49] [DEBUG] [T:28060] [runner._check_one:483] [asst.log] 0e7b6a1b: pos 101402 → 104899, changed=True
[2026-06-11 16:23:49] [DEBUG] [T:28060] [runner._check_one:489] [asst.log] head='[2026-06-11 16:23:47.597][TRC][Px28432][Tx4870] asst::WordOcr [{ text: PH.Alriehtsreseved, rect: [ 4 (344), 66 (686), 120, 11 ], score: 0.870103 }] by OCR Pipeline , cost 132 ms\n[2026-06-11 16:23:47.6'
[2026-06-11 16:23:49] [DEBUG] [T:28060] [runner._check_one:483] [asst.log] 0e7b6a1b: pos 104899 → 104899, changed=False
[2026-06-11 16:23:51] [DEBUG] [T:28060] [runner._check_one:483] [asst.log] 0e7b6a1b: pos 104899 → 107311, changed=True
[2026-06-11 16:23:51] [DEBUG] [T:28060] [runner._check_one:489] [asst.log] head='[2026-06-11 16:23:50.360][TRC][Px28432][Tx4870] end of sleep 1000\n[2026-06-11 16:23:50.651][INF][Px28432][Tx4870] Call ` D:\\Xiach\\MuMuPlayer\\nx_main\\adb.exe -s 127.0.0.1:16384 exec-out "screencap | gz'
[2026-06-11 16:23:51] [DEBUG] [T:28060] [runner._check_one:483] [asst.log] 0e7b6a1b: pos 107311 → 107311, changed=False
[2026-06-11 16:23:53] [DEBUG] [T:28060] [runner._check_one:483] [asst.log] 0e7b6a1b: pos 107311 → 109723, changed=True
[2026-06-11 16:23:53] [DEBUG] [T:28060] [runner._check_one:489] [asst.log] head='[2026-06-11 16:23:52.278][TRC][Px28432][Tx4870] end of sleep 1000\n[2026-06-11 16:23:52.523][INF][Px28432][Tx4870] Call ` D:\\Xiach\\MuMuPlayer\\nx_main\\adb.exe -s 127.0.0.1:16384 exec-out "screencap | gz'
[2026-06-11 16:23:53] [DEBUG] [T:28060] [runner._check_one:483] [asst.log] 0e7b6a1b: pos 109723 → 109723, changed=False
[2026-06-11 16:23:55] [DEBUG] [T:28060] [runner._check_one:483] [asst.log] 0e7b6a1b: pos 109723 → 112129, changed=True
[2026-06-11 16:23:55] [DEBUG] [T:28060] [runner._check_one:489] [asst.log] head='[2026-06-11 16:23:54.119][TRC][Px28432][Tx4870] end of sleep 1000\n[2026-06-11 16:23:54.361][INF][Px28432][Tx4870] Call ` D:\\Xiach\\MuMuPlayer\\nx_main\\adb.exe -s 127.0.0.1:16384 exec-out "screencap | gz'
[2026-06-11 16:23:55] [DEBUG] [T:28060] [runner._check_one:483] [asst.log] 0e7b6a1b: pos 112129 → 112129, changed=False
[2026-06-11 16:23:57] [DEBUG] [T:28060] [runner._check_one:483] [asst.log] 0e7b6a1b: pos 112129 → 114541, changed=True
[2026-06-11 16:23:57] [DEBUG] [T:28060] [runner._check_one:489] [asst.log] head='[2026-06-11 16:23:55.895][TRC][Px28432][Tx4870] end of sleep 1000\n[2026-06-11 16:23:56.129][INF][Px28432][Tx4870] Call ` D:\\Xiach\\MuMuPlayer\\nx_main\\adb.exe -s 127.0.0.1:16384 exec-out "screencap | gz'
[2026-06-11 16:23:57] [DEBUG] [T:28060] [runner._check_one:483] [asst.log] 0e7b6a1b: pos 114541 → 114541, changed=False
[2026-06-11 16:23:59] [DEBUG] [T:28060] [runner._check_one:483] [asst.log] 0e7b6a1b: pos 114541 → 116956, changed=True
[2026-06-11 16:23:59] [DEBUG] [T:28060] [runner._check_one:489] [asst.log] head='[2026-06-11 16:23:57.673][TRC][Px28432][Tx4870] end of sleep 1000\n[2026-06-11 16:23:57.892][INF][Px28432][Tx4870] Call ` D:\\Xiach\\MuMuPlayer\\nx_main\\adb.exe -s 127.0.0.1:16384 exec-out "screencap | gz'
[2026-06-11 16:23:59] [DEBUG] [T:28060] [runner._check_one:483] [asst.log] 0e7b6a1b: pos 116956 → 116956, changed=False
[2026-06-11 16:24:01] [DEBUG] [T:28060] [runner._check_one:483] [asst.log] 0e7b6a1b: pos 116956 → 119430, changed=True
[2026-06-11 16:24:01] [DEBUG] [T:28060] [runner._check_one:489] [asst.log] head='[2026-06-11 16:23:59.509][TRC][Px28432][Tx4870] end of sleep 1000\n[2026-06-11 16:23:59.748][INF][Px28432][Tx4870] Call ` D:\\Xiach\\MuMuPlayer\\nx_main\\adb.exe -s 127.0.0.1:16384 exec-out "screencap | gz'
[2026-06-11 16:24:01] [DEBUG] [T:28060] [runner._check_one:483] [asst.log] 0e7b6a1b: pos 119430 → 119817, changed=True
[2026-06-11 16:24:01] [DEBUG] [T:28060] [runner._check_one:489] [asst.log] head='[2026-06-11 16:24:01.490][INF][Px28432][Tx4870] Call ` D:\\Xiach\\MuMuPlayer\\nx_main\\adb.exe -s 127.0.0.1:16384 exec-out "screencap | gzip -1" ` ret 0 , cost 235 ms , stdout size: 382300 , socket size: '
[2026-06-11 16:24:03] [DEBUG] [T:28060] [runner._check_one:483] [asst.log] 0e7b6a1b: pos 119817 → 122458, changed=True
[2026-06-11 16:24:03] [DEBUG] [T:28060] [runner._check_one:489] [asst.log] head='[2026-06-11 16:24:01.575][TRC][Px28432][Tx4870] asst::WordOcr [{ text: 账+, rect: [ 394 (594), 69 (499), 35, 28 ], score: 0.929161 }, { text: , rect: [ 0 (200), 235 (665), 22, 17 ], score: 0.000000 }] '
[2026-06-11 16:24:03] [DEBUG] [T:28060] [runner._check_one:483] [asst.log] 0e7b6a1b: pos 122458 → 122458, changed=False
[2026-06-11 16:24:05] [DEBUG] [T:28060] [runner._check_one:483] [asst.log] 0e7b6a1b: pos 122458 → 125515, changed=True
[2026-06-11 16:24:05] [DEBUG] [T:28060] [runner._check_one:489] [asst.log] head='[2026-06-11 16:24:03.542][TRC][Px28432][Tx4870] asst::WordOcr [{ text: y-N-, rect: [ 15 (388), 6 (151), 496, 286 ], score: 0.507100 }, { text: ARKNlCHTs, rect: [ 221 (594), 268 (413), 85, 14 ], score:'
[2026-06-11 16:24:05] [DEBUG] [T:28060] [runner._check_one:483] [asst.log] 0e7b6a1b: pos 125515 → 125515, changed=False
[2026-06-11 16:24:07] [DEBUG] [T:28060] [runner._check_one:483] [asst.log] 0e7b6a1b: pos 125515 → 129192, changed=True
[2026-06-11 16:24:07] [DEBUG] [T:28060] [runner._check_one:489] [asst.log] head='[2026-06-11 16:24:05.560][TRC][Px28432][Tx4870] asst::WordOcr [{ text: PH.Alriehtsreseved, rect: [ 4 (344), 66 (686), 120, 11 ], score: 0.870103 }] by OCR Pipeline , cost 119 ms\n[2026-06-11 16:24:05.6'
[2026-06-11 16:24:07] [DEBUG] [T:28060] [runner._check_one:483] [asst.log] 0e7b6a1b: pos 129192 → 129192, changed=False
[2026-06-11 16:24:09] [DEBUG] [T:28060] [runner._check_one:483] [asst.log] 0e7b6a1b: pos 129192 → 131603, changed=True
[2026-06-11 16:24:09] [DEBUG] [T:28060] [runner._check_one:489] [asst.log] head='[2026-06-11 16:24:08.477][TRC][Px28432][Tx4870] end of sleep 1000\n[2026-06-11 16:24:08.724][INF][Px28432][Tx4870] Call ` D:\\Xiach\\MuMuPlayer\\nx_main\\adb.exe -s 127.0.0.1:16384 exec-out "screencap | gz'
[2026-06-11 16:24:09] [DEBUG] [T:28060] [runner._check_one:483] [asst.log] 0e7b6a1b: pos 131603 → 131603, changed=False
[2026-06-11 16:24:11] [DEBUG] [T:28060] [runner._check_one:483] [asst.log] 0e7b6a1b: pos 131603 → 134018, changed=True
[2026-06-11 16:24:11] [DEBUG] [T:28060] [runner._check_one:489] [asst.log] head='[2026-06-11 16:24:10.314][TRC][Px28432][Tx4870] end of sleep 1000\n[2026-06-11 16:24:10.542][INF][Px28432][Tx4870] Call ` D:\\Xiach\\MuMuPlayer\\nx_main\\adb.exe -s 127.0.0.1:16384 exec-out "screencap | gz'
[2026-06-11 16:24:11] [DEBUG] [T:28060] [runner._check_one:483] [asst.log] 0e7b6a1b: pos 134018 → 134018, changed=False
[2026-06-11 16:24:13] [DEBUG] [T:28060] [runner._check_one:483] [asst.log] 0e7b6a1b: pos 134018 → 136431, changed=True
[2026-06-11 16:24:13] [DEBUG] [T:28060] [runner._check_one:489] [asst.log] head='[2026-06-11 16:24:12.034][TRC][Px28432][Tx4870] end of sleep 1000\n[2026-06-11 16:24:12.281][INF][Px28432][Tx4870] Call ` D:\\Xiach\\MuMuPlayer\\nx_main\\adb.exe -s 127.0.0.1:16384 exec-out "screencap | gz'
[2026-06-11 16:24:13] [DEBUG] [T:28060] [runner._check_one:483] [asst.log] 0e7b6a1b: pos 136431 → 136431, changed=False
[2026-06-11 16:24:15] [DEBUG] [T:28060] [runner._check_one:483] [asst.log] 0e7b6a1b: pos 136431 → 138840, changed=True
[2026-06-11 16:24:15] [DEBUG] [T:28060] [runner._check_one:489] [asst.log] head='[2026-06-11 16:24:13.867][TRC][Px28432][Tx4870] end of sleep 1000\n[2026-06-11 16:24:14.078][INF][Px28432][Tx4870] Call ` D:\\Xiach\\MuMuPlayer\\nx_main\\adb.exe -s 127.0.0.1:16384 exec-out "screencap | gz'
[2026-06-11 16:24:15] [DEBUG] [T:28060] [runner._check_one:483] [asst.log] 0e7b6a1b: pos 138840 → 138840, changed=False
[2026-06-11 16:24:17] [DEBUG] [T:28060] [runner._check_one:483] [asst.log] 0e7b6a1b: pos 138840 → 141313, changed=True
[2026-06-11 16:24:17] [DEBUG] [T:28060] [runner._check_one:489] [asst.log] head='[2026-06-11 16:24:15.571][TRC][Px28432][Tx4870] end of sleep 1000\n[2026-06-11 16:24:15.787][INF][Px28432][Tx4870] Call ` D:\\Xiach\\MuMuPlayer\\nx_main\\adb.exe -s 127.0.0.1:16384 exec-out "screencap | gz'
[2026-06-11 16:24:17] [DEBUG] [T:28060] [runner._check_one:483] [asst.log] 0e7b6a1b: pos 141313 → 141313, changed=False
[2026-06-11 16:24:19] [DEBUG] [T:28060] [runner._check_one:483] [asst.log] 0e7b6a1b: pos 141313 → 144836, changed=True
[2026-06-11 16:24:19] [DEBUG] [T:28060] [runner._check_one:489] [asst.log] head='[2026-06-11 16:24:17.509][INF][Px28432][Tx4870] Call ` D:\\Xiach\\MuMuPlayer\\nx_main\\adb.exe -s 127.0.0.1:16384 exec-out "screencap | gzip -1" ` ret 0 , cost 227 ms , stdout size: 388432 , socket size: '
[2026-06-11 16:24:19] [DEBUG] [T:28060] [runner._check_one:483] [asst.log] 0e7b6a1b: pos 144836 → 144836, changed=False
[2026-06-11 16:24:21] [DEBUG] [T:28060] [runner._check_one:483] [asst.log] 0e7b6a1b: pos 144836 → 148669, changed=True
[2026-06-11 16:24:21] [DEBUG] [T:28060] [runner._check_one:489] [asst.log] head='[2026-06-11 16:24:19.520][TRC][Px28432][Tx4870] asst::WordOcr [{ text: _, rect: [ 0 (500), 0 (50), 300, 150 ], score: 0.710624 }] by OCR Pipeline , cost 56 ms\n[2026-06-11 16:24:19.635][TRC][Px28432][T'
[2026-06-11 16:24:21] [DEBUG] [T:28060] [runner._check_one:483] [asst.log] 0e7b6a1b: pos 148669 → 148669, changed=False
[2026-06-11 16:24:23] [DEBUG] [T:28060] [runner._check_one:483] [asst.log] 0e7b6a1b: pos 148669 → 151084, changed=True
[2026-06-11 16:24:23] [DEBUG] [T:28060] [runner._check_one:489] [asst.log] head='[2026-06-11 16:24:22.457][TRC][Px28432][Tx4870] end of sleep 1000\n[2026-06-11 16:24:22.665][INF][Px28432][Tx4870] Call ` D:\\Xiach\\MuMuPlayer\\nx_main\\adb.exe -s 127.0.0.1:16384 exec-out "screencap | gz'
[2026-06-11 16:24:23] [DEBUG] [T:28060] [runner._check_one:483] [asst.log] 0e7b6a1b: pos 151084 → 151084, changed=False
[2026-06-11 16:24:25] [DEBUG] [T:28060] [runner._check_one:483] [asst.log] 0e7b6a1b: pos 151084 → 153489, changed=True
[2026-06-11 16:24:25] [DEBUG] [T:28060] [runner._check_one:489] [asst.log] head='[2026-06-11 16:24:24.293][TRC][Px28432][Tx4870] end of sleep 1000\n[2026-06-11 16:24:24.541][INF][Px28432][Tx4870] Call ` D:\\Xiach\\MuMuPlayer\\nx_main\\adb.exe -s 127.0.0.1:16384 exec-out "screencap | gz'
[2026-06-11 16:24:25] [DEBUG] [T:28060] [runner._check_one:483] [asst.log] 0e7b6a1b: pos 153489 → 153489, changed=False
[2026-06-11 16:24:27] [DEBUG] [T:28060] [runner._check_one:483] [asst.log] 0e7b6a1b: pos 153489 → 155899, changed=True
[2026-06-11 16:24:27] [DEBUG] [T:28060] [runner._check_one:489] [asst.log] head='[2026-06-11 16:24:26.101][TRC][Px28432][Tx4870] end of sleep 1000\n[2026-06-11 16:24:26.311][INF][Px28432][Tx4870] Call ` D:\\Xiach\\MuMuPlayer\\nx_main\\adb.exe -s 127.0.0.1:16384 exec-out "screencap | gz'
[2026-06-11 16:24:27] [DEBUG] [T:28060] [runner._check_one:483] [asst.log] 0e7b6a1b: pos 155899 → 155899, changed=False
[2026-06-11 16:24:29] [DEBUG] [T:28060] [runner._check_one:483] [asst.log] 0e7b6a1b: pos 155899 → 158311, changed=True
[2026-06-11 16:24:29] [DEBUG] [T:28060] [runner._check_one:489] [asst.log] head='[2026-06-11 16:24:27.816][TRC][Px28432][Tx4870] end of sleep 1000\n[2026-06-11 16:24:28.037][INF][Px28432][Tx4870] Call ` D:\\Xiach\\MuMuPlayer\\nx_main\\adb.exe -s 127.0.0.1:16384 exec-out "screencap | gz'
[2026-06-11 16:24:29] [DEBUG] [T:28060] [runner._check_one:483] [asst.log] 0e7b6a1b: pos 158311 → 158311, changed=False
[2026-06-11 16:24:31] [DEBUG] [T:28060] [runner._check_one:483] [asst.log] 0e7b6a1b: pos 158311 → 160988, changed=True
[2026-06-11 16:24:31] [DEBUG] [T:28060] [runner._check_one:489] [asst.log] head='[2026-06-11 16:24:29.573][TRC][Px28432][Tx4870] end of sleep 1000\n[2026-06-11 16:24:29.771][INF][Px28432][Tx4870] Call ` D:\\Xiach\\MuMuPlayer\\nx_main\\adb.exe -s 127.0.0.1:16384 exec-out "screencap | gz'
[2026-06-11 16:24:31] [DEBUG] [T:28060] [runner._check_one:483] [asst.log] 0e7b6a1b: pos 160988 → 160988, changed=False
[2026-06-11 16:24:33] [DEBUG] [T:28060] [runner._check_one:483] [asst.log] 0e7b6a1b: pos 160988 → 163631, changed=True
[2026-06-11 16:24:33] [DEBUG] [T:28060] [runner._check_one:489] [asst.log] head='[2026-06-11 16:24:31.587][TRC][Px28432][Tx4870] asst::WordOcr [{ text: 账+, rect: [ 394 (594), 69 (499), 35, 28 ], score: 0.929161 }, { text: , rect: [ 0 (200), 235 (665), 22, 17 ], score: 0.000000 }] '
[2026-06-11 16:24:33] [DEBUG] [T:28060] [runner._check_one:483] [asst.log] 0e7b6a1b: pos 163631 → 163631, changed=False
[2026-06-11 16:24:35] [DEBUG] [T:28060] [runner._check_one:483] [asst.log] 0e7b6a1b: pos 163631 → 166689, changed=True
[2026-06-11 16:24:35] [DEBUG] [T:28060] [runner._check_one:489] [asst.log] head='[2026-06-11 16:24:33.535][TRC][Px28432][Tx4870] asst::WordOcr [{ text: 咖;-, rect: [ 15 (388), 13 (158), 493, 277 ], score: 0.746198 }, { text: ARGH1s, rect: [ 222 (595), 270 (415), 83, 11 ], score: 0.'
[2026-06-11 16:24:35] [DEBUG] [T:28060] [runner._check_one:483] [asst.log] 0e7b6a1b: pos 166689 → 166689, changed=False
[2026-06-11 16:24:37] [DEBUG] [T:28060] [runner._check_one:483] [asst.log] 0e7b6a1b: pos 166689 → 170547, changed=True
[2026-06-11 16:24:37] [DEBUG] [T:28060] [runner._check_one:489] [asst.log] head='[2026-06-11 16:24:35.524][TRC][Px28432][Tx4870] asst::WordOcr [{ text: PH.Alriehtsreseved, rect: [ 4 (344), 66 (686), 120, 11 ], score: 0.870103 }] by OCR Pipeline , cost 104 ms\n[2026-06-11 16:24:35.6'
[2026-06-11 16:24:37] [DEBUG] [T:28060] [runner._check_one:483] [asst.log] 0e7b6a1b: pos 170547 → 170547, changed=False
[2026-06-11 16:24:39] [DEBUG] [T:28060] [runner._check_one:483] [asst.log] 0e7b6a1b: pos 170547 → 172959, changed=True
[2026-06-11 16:24:39] [DEBUG] [T:28060] [runner._check_one:489] [asst.log] head='[2026-06-11 16:24:38.315][TRC][Px28432][Tx4870] end of sleep 1000\n[2026-06-11 16:24:38.524][INF][Px28432][Tx4870] Call ` D:\\Xiach\\MuMuPlayer\\nx_main\\adb.exe -s 127.0.0.1:16384 exec-out "screencap | gz'
[2026-06-11 16:24:39] [DEBUG] [T:28060] [runner._check_one:483] [asst.log] 0e7b6a1b: pos 172959 → 172959, changed=False
[2026-06-11 16:24:41] [DEBUG] [T:28060] [runner._check_one:483] [asst.log] 0e7b6a1b: pos 172959 → 175369, changed=True
[2026-06-11 16:24:41] [DEBUG] [T:28060] [runner._check_one:489] [asst.log] head='[2026-06-11 16:24:40.013][TRC][Px28432][Tx4870] end of sleep 1000\n[2026-06-11 16:24:40.224][INF][Px28432][Tx4870] Call ` D:\\Xiach\\MuMuPlayer\\nx_main\\adb.exe -s 127.0.0.1:16384 exec-out "screencap | gz'
[2026-06-11 16:24:41] [DEBUG] [T:28060] [runner._check_one:483] [asst.log] 0e7b6a1b: pos 175369 → 175369, changed=False
[2026-06-11 16:24:43] [DEBUG] [T:28060] [runner._check_one:483] [asst.log] 0e7b6a1b: pos 175369 → 177848, changed=True
[2026-06-11 16:24:43] [DEBUG] [T:28060] [runner._check_one:489] [asst.log] head='[2026-06-11 16:24:41.722][TRC][Px28432][Tx4870] end of sleep 1000\n[2026-06-11 16:24:41.925][INF][Px28432][Tx4870] Call ` D:\\Xiach\\MuMuPlayer\\nx_main\\adb.exe -s 127.0.0.1:16384 exec-out "screencap | gz'
[2026-06-11 16:24:43] [DEBUG] [T:28060] [runner._check_one:483] [asst.log] 0e7b6a1b: pos 177848 → 177848, changed=False
[2026-06-11 16:24:45] [DEBUG] [T:28060] [runner._check_one:483] [asst.log] 0e7b6a1b: pos 177848 → 180690, changed=True
[2026-06-11 16:24:45] [DEBUG] [T:28060] [runner._check_one:489] [asst.log] head='[2026-06-11 16:24:43.693][INF][Px28432][Tx4870] Call ` D:\\Xiach\\MuMuPlayer\\nx_main\\adb.exe -s 127.0.0.1:16384 exec-out "screencap | gzip -1" ` ret 0 , cost 217 ms , stdout size: 390013 , socket size: '
[2026-06-11 16:24:45] [DEBUG] [T:28060] [runner._check_one:483] [asst.log] 0e7b6a1b: pos 180690 → 180690, changed=False
[2026-06-11 16:24:47] [DEBUG] [T:28060] [runner._check_one:483] [asst.log] 0e7b6a1b: pos 180690 → 183929, changed=True
[2026-06-11 16:24:47] [DEBUG] [T:28060] [runner._check_one:489] [asst.log] head='[2026-06-11 16:24:45.589][TRC][Px28432][Tx4870] asst::WordOcr [{ text: 咖;对-, rect: [ 9 (382), 0 (145), 505, 296 ], score: 0.561969 }, { text: ARKNlCHTs, rect: [ 221 (594), 268 (413), 85, 14 ], score: '
[2026-06-11 16:24:47] [DEBUG] [T:28060] [runner._check_one:483] [asst.log] 0e7b6a1b: pos 183929 → 183929, changed=False
[2026-06-11 16:24:49] [DEBUG] [T:28060] [runner._check_one:483] [asst.log] 0e7b6a1b: pos 183929 → 187425, changed=True
[2026-06-11 16:24:49] [DEBUG] [T:28060] [runner._check_one:489] [asst.log] head='[2026-06-11 16:24:47.614][TRC][Px28432][Tx4870] asst::WordOcr [{ text: PH.Alriehtsreseved, rect: [ 4 (344), 66 (686), 120, 11 ], score: 0.870103 }] by OCR Pipeline , cost 130 ms\n[2026-06-11 16:24:47.6'
[2026-06-11 16:24:49] [DEBUG] [T:28060] [runner._check_one:483] [asst.log] 0e7b6a1b: pos 187425 → 187425, changed=False
[2026-06-11 16:24:51] [DEBUG] [T:28060] [runner._check_one:483] [asst.log] 0e7b6a1b: pos 187425 → 189835, changed=True
[2026-06-11 16:24:51] [DEBUG] [T:28060] [runner._check_one:489] [asst.log] head='[2026-06-11 16:24:50.334][TRC][Px28432][Tx4870] end of sleep 1000\n[2026-06-11 16:24:50.540][INF][Px28432][Tx4870] Call ` D:\\Xiach\\MuMuPlayer\\nx_main\\adb.exe -s 127.0.0.1:16384 exec-out "screencap | gz'
[2026-06-11 16:24:51] [DEBUG] [T:28060] [runner._check_one:483] [asst.log] 0e7b6a1b: pos 189835 → 189835, changed=False
[2026-06-11 16:24:53] [DEBUG] [T:28060] [runner._check_one:483] [asst.log] 0e7b6a1b: pos 189835 → 192252, changed=True
[2026-06-11 16:24:53] [DEBUG] [T:28060] [runner._check_one:489] [asst.log] head='[2026-06-11 16:24:52.031][TRC][Px28432][Tx4870] end of sleep 1000\n[2026-06-11 16:24:52.238][INF][Px28432][Tx4870] Call ` D:\\Xiach\\MuMuPlayer\\nx_main\\adb.exe -s 127.0.0.1:16384 exec-out "screencap | gz'
[2026-06-11 16:24:53] [DEBUG] [T:28060] [runner._check_one:483] [asst.log] 0e7b6a1b: pos 192252 → 192252, changed=False
[2026-06-11 16:24:55] [DEBUG] [T:28060] [runner._check_one:483] [asst.log] 0e7b6a1b: pos 192252 → 194916, changed=True
[2026-06-11 16:24:55] [DEBUG] [T:28060] [runner._check_one:489] [asst.log] head='[2026-06-11 16:24:53.762][TRC][Px28432][Tx4870] end of sleep 1000\n[2026-06-11 16:24:53.972][INF][Px28432][Tx4870] Call ` D:\\Xiach\\MuMuPlayer\\nx_main\\adb.exe -s 127.0.0.1:16384 exec-out "screencap | gz'
[2026-06-11 16:24:55] [DEBUG] [T:28060] [runner._check_one:483] [asst.log] 0e7b6a1b: pos 194916 → 194916, changed=False
[2026-06-11 16:24:57] [DEBUG] [T:28060] [runner._check_one:483] [asst.log] 0e7b6a1b: pos 194916 → 197330, changed=True
[2026-06-11 16:24:57] [DEBUG] [T:28060] [runner._check_one:489] [asst.log] head='[2026-06-11 16:24:55.754][INF][Px28432][Tx4870] Call ` D:\\Xiach\\MuMuPlayer\\nx_main\\adb.exe -s 127.0.0.1:16384 exec-out "screencap | gzip -1" ` ret 0 , cost 269 ms , stdout size: 389848 , socket size: '
[2026-06-11 16:24:57] [DEBUG] [T:28060] [runner._check_one:483] [asst.log] 0e7b6a1b: pos 197330 → 197330, changed=False
[2026-06-11 16:24:59] [DEBUG] [T:28060] [runner._check_one:483] [asst.log] 0e7b6a1b: pos 197330 → 203334, changed=True
[2026-06-11 16:24:59] [DEBUG] [T:28060] [runner._check_one:489] [asst.log] head='[2026-06-11 16:24:57.545][INF][Px28432][Tx4870] Call ` D:\\Xiach\\MuMuPlayer\\nx_main\\adb.exe -s 127.0.0.1:16384 exec-out "screencap | gzip -1" ` ret 0 , cost 198 ms , stdout size: 396787 , socket size: '
[2026-06-11 16:24:59] [DEBUG] [T:28060] [runner._check_one:483] [asst.log] 0e7b6a1b: pos 203334 → 203334, changed=False
[2026-06-11 16:25:01] [DEBUG] [T:28060] [runner._check_one:483] [asst.log] 0e7b6a1b: pos 203334 → 205418, changed=True
[2026-06-11 16:25:01] [DEBUG] [T:28060] [runner._check_one:489] [asst.log] head='[2026-06-11 16:24:59.872][TRC][Px28432][Tx4870] end of sleep 500\n[2026-06-11 16:25:00.087][INF][Px28432][Tx4870] Call ` D:\\Xiach\\MuMuPlayer\\nx_main\\adb.exe -s 127.0.0.1:16384 exec-out "screencap | gzi'
[2026-06-11 16:25:01] [DEBUG] [T:28060] [runner._check_one:483] [asst.log] 0e7b6a1b: pos 205418 → 205483, changed=True
[2026-06-11 16:25:01] [DEBUG] [T:28060] [runner._check_one:489] [asst.log] head='[2026-06-11 16:25:01.494][TRC][Px28432][Tx4870] end of sleep 500\n'
[2026-06-11 16:25:03] [DEBUG] [T:28060] [runner._check_one:483] [asst.log] 0e7b6a1b: pos 205483 → 208747, changed=True
[2026-06-11 16:25:03] [DEBUG] [T:28060] [runner._check_one:489] [asst.log] head='[2026-06-11 16:25:01.699][INF][Px28432][Tx4870] Call ` D:\\Xiach\\MuMuPlayer\\nx_main\\adb.exe -s 127.0.0.1:16384 exec-out "screencap | gzip -1" ` ret 0 , cost 206 ms , stdout size: 392998 , socket size: '
[2026-06-11 16:25:03] [DEBUG] [T:28060] [runner._check_one:483] [asst.log] 0e7b6a1b: pos 208747 → 208747, changed=False
[2026-06-11 16:25:05] [DEBUG] [T:28060] [runner._check_one:483] [asst.log] 0e7b6a1b: pos 208747 → 212910, changed=True
[2026-06-11 16:25:05] [DEBUG] [T:28060] [runner._check_one:489] [asst.log] head='[2026-06-11 16:25:03.687][INF][Px28432][Tx35525] Call ` D:\\Xiach\\MuMuPlayer\\nx_main\\adb.exe -s 127.0.0.1:16384 exec-out "screencap | gzip -1" ` ret 0 , cost 222 ms , stdout size: 391286 , socket size:'
[2026-06-11 16:25:05] [DEBUG] [T:28060] [runner._check_one:483] [asst.log] 0e7b6a1b: pos 212910 → 212910, changed=False
[2026-06-11 16:25:07] [DEBUG] [T:28060] [runner._check_one:483] [asst.log] 0e7b6a1b: pos 212910 → 216246, changed=True
[2026-06-11 16:25:07] [DEBUG] [T:28060] [runner._check_one:489] [asst.log] head='[2026-06-11 16:25:05.530][INF][Px28432][Tx4870] Call ` D:\\Xiach\\MuMuPlayer\\nx_main\\adb.exe -s 127.0.0.1:16384 exec-out "screencap | gzip -1" ` ret 0 , cost 205 ms , stdout size: 386994 , socket size: '
[2026-06-11 16:25:07] [DEBUG] [T:28060] [runner._check_one:483] [asst.log] 0e7b6a1b: pos 216246 → 216246, changed=False
[2026-06-11 16:25:09] [DEBUG] [T:28060] [runner._check_one:483] [asst.log] 0e7b6a1b: pos 216246 → 218513, changed=True
[2026-06-11 16:25:09] [DEBUG] [T:28060] [runner._check_one:489] [asst.log] head='[2026-06-11 16:25:07.838][TRC][Px28432][Tx4870] end of sleep 500\n[2026-06-11 16:25:08.043][INF][Px28432][Tx4870] Call ` D:\\Xiach\\MuMuPlayer\\nx_main\\adb.exe -s 127.0.0.1:16384 exec-out "screencap | gzi'
[2026-06-11 16:25:09] [DEBUG] [T:28060] [runner._check_one:483] [asst.log] 0e7b6a1b: pos 218513 → 218513, changed=False
[2026-06-11 16:25:11] [DEBUG] [T:28060] [runner._check_one:483] [asst.log] 0e7b6a1b: pos 218513 → 221047, changed=True
[2026-06-11 16:25:11] [DEBUG] [T:28060] [runner._check_one:489] [asst.log] head='[2026-06-11 16:25:09.528][TRC][Px28432][Tx4870] end of sleep 500\n[2026-06-11 16:25:09.730][INF][Px28432][Tx4870] Call ` D:\\Xiach\\MuMuPlayer\\nx_main\\adb.exe -s 127.0.0.1:16384 exec-out "screencap | gzi'
[2026-06-11 16:25:11] [DEBUG] [T:28060] [runner._check_one:483] [asst.log] 0e7b6a1b: pos 221047 → 221047, changed=False
[2026-06-11 16:25:13] [DEBUG] [T:28060] [runner._check_one:483] [asst.log] 0e7b6a1b: pos 221047 → 224367, changed=True
[2026-06-11 16:25:13] [DEBUG] [T:28060] [runner._check_one:489] [asst.log] head='[2026-06-11 16:25:11.523][TRC][Px28432][Tx4870] asst::WordOcr [{ text: , rect: [ 0 (500), 0 (50), 300, 150 ], score: 0.000000 }] by OCR Pipeline , cost 69 ms\n[2026-06-11 16:25:11.532][INF][Px28432][Tx'
[2026-06-11 16:25:13] [DEBUG] [T:28060] [runner._check_one:483] [asst.log] 0e7b6a1b: pos 224367 → 224367, changed=False
[2026-06-11 16:25:15] [DEBUG] [T:28060] [runner._check_one:483] [asst.log] 0e7b6a1b: pos 224367 → 226702, changed=True
[2026-06-11 16:25:15] [DEBUG] [T:28060] [runner._check_one:489] [asst.log] head='[2026-06-11 16:25:13.735][TRC][Px28432][Tx4870] end of sleep 500\n[2026-06-11 16:25:13.928][INF][Px28432][Tx4870] Call ` D:\\Xiach\\MuMuPlayer\\nx_main\\adb.exe -s 127.0.0.1:16384 exec-out "screencap | gzi'
[2026-06-11 16:25:15] [DEBUG] [T:28060] [runner._check_one:483] [asst.log] 0e7b6a1b: pos 226702 → 226702, changed=False
[2026-06-11 16:25:17] [DEBUG] [T:28060] [runner._check_one:483] [asst.log] 0e7b6a1b: pos 226702 → 230040, changed=True
[2026-06-11 16:25:17] [DEBUG] [T:28060] [runner._check_one:489] [asst.log] head='[2026-06-11 16:25:15.570][INF][Px28432][Tx4870] Call ` D:\\Xiach\\MuMuPlayer\\nx_main\\adb.exe -s 127.0.0.1:16384 exec-out "screencap | gzip -1" ` ret 0 , cost 201 ms , stdout size: 392879 , socket size: '
[2026-06-11 16:25:17] [DEBUG] [T:28060] [runner._check_one:483] [asst.log] 0e7b6a1b: pos 230040 → 230040, changed=False
[2026-06-11 16:25:19] [DEBUG] [T:28060] [runner._check_one:483] [asst.log] 0e7b6a1b: pos 230040 → 232375, changed=True
[2026-06-11 16:25:19] [DEBUG] [T:28060] [runner._check_one:489] [asst.log] head='[2026-06-11 16:25:17.828][TRC][Px28432][Tx4870] end of sleep 500\n[2026-06-11 16:25:18.014][INF][Px28432][Tx4870] Call ` D:\\Xiach\\MuMuPlayer\\nx_main\\adb.exe -s 127.0.0.1:16384 exec-out "screencap | gzi'
[2026-06-11 16:25:19] [DEBUG] [T:28060] [runner._check_one:483] [asst.log] 0e7b6a1b: pos 232375 → 232375, changed=False
[2026-06-11 16:25:21] [DEBUG] [T:28060] [runner._check_one:483] [asst.log] 0e7b6a1b: pos 232375 → 236016, changed=True
[2026-06-11 16:25:21] [DEBUG] [T:28060] [runner._check_one:489] [asst.log] head='[2026-06-11 16:25:19.653][INF][Px28432][Tx4870] Call ` D:\\Xiach\\MuMuPlayer\\nx_main\\adb.exe -s 127.0.0.1:16384 exec-out "screencap | gzip -1" ` ret 0 , cost 206 ms , stdout size: 388947 , socket size: '
[2026-06-11 16:25:21] [DEBUG] [T:28060] [runner._check_one:483] [asst.log] 0e7b6a1b: pos 236016 → 236016, changed=False
[2026-06-11 16:25:23] [DEBUG] [T:28060] [runner._check_one:483] [asst.log] 0e7b6a1b: pos 236016 → 240257, changed=True
[2026-06-11 16:25:23] [DEBUG] [T:28060] [runner._check_one:489] [asst.log] head='[2026-06-11 16:25:21.671][INF][Px28432][Tx35525] Call ` D:\\Xiach\\MuMuPlayer\\nx_main\\adb.exe -s 127.0.0.1:16384 exec-out "screencap | gzip -1" ` ret 0 , cost 209 ms , stdout size: 393642 , socket size:'
[2026-06-11 16:25:23] [DEBUG] [T:28060] [runner._check_one:483] [asst.log] 0e7b6a1b: pos 240257 → 240257, changed=False
[2026-06-11 16:25:25] [DEBUG] [T:28060] [runner._check_one:483] [asst.log] 0e7b6a1b: pos 240257 → 243687, changed=True
[2026-06-11 16:25:25] [DEBUG] [T:28060] [runner._check_one:489] [asst.log] head='[2026-06-11 16:25:23.563][INF][Px28432][Tx4870] Call ` D:\\Xiach\\MuMuPlayer\\nx_main\\adb.exe -s 127.0.0.1:16384 exec-out "screencap | gzip -1" ` ret 0 , cost 217 ms , stdout size: 383881 , socket size: '
[2026-06-11 16:25:25] [DEBUG] [T:28060] [runner._check_one:483] [asst.log] 0e7b6a1b: pos 243687 → 243687, changed=False
[2026-06-11 16:25:27] [DEBUG] [T:28060] [runner._check_one:483] [asst.log] 0e7b6a1b: pos 243687 → 246827, changed=True
[2026-06-11 16:25:27] [DEBUG] [T:28060] [runner._check_one:489] [asst.log] head='[2026-06-11 16:25:25.960][TRC][Px28432][Tx4870] end of sleep 500\n[2026-06-11 16:25:25.960][TRC][Px28432][Tx4870] asst::ProcessTask::run | enter\n[2026-06-11 16:25:25.960][INF][Px28432][Tx4870] {"class"'
[2026-06-11 16:25:27] [DEBUG] [T:28060] [runner._check_one:483] [asst.log] 0e7b6a1b: pos 246827 → 246827, changed=False
[2026-06-11 16:25:29] [DEBUG] [T:28060] [runner._check_one:483] [asst.log] 0e7b6a1b: pos 246827 → 250444, changed=True
[2026-06-11 16:25:29] [DEBUG] [T:28060] [runner._check_one:489] [asst.log] head='[2026-06-11 16:25:27.554][INF][Px28432][Tx4870] Call ` D:\\Xiach\\MuMuPlayer\\nx_main\\adb.exe -s 127.0.0.1:16384 exec-out "screencap | gzip -1" ` ret 0 , cost 212 ms , stdout size: 398749 , socket size: '
[2026-06-11 16:25:29] [DEBUG] [T:28060] [runner._check_one:483] [asst.log] 0e7b6a1b: pos 250444 → 250444, changed=False
[2026-06-11 16:25:31] [DEBUG] [T:28060] [runner._check_one:483] [asst.log] 0e7b6a1b: pos 250444 → 253584, changed=True
[2026-06-11 16:25:31] [DEBUG] [T:28060] [runner._check_one:489] [asst.log] head='[2026-06-11 16:25:29.973][TRC][Px28432][Tx4870] end of sleep 500\n[2026-06-11 16:25:29.973][TRC][Px28432][Tx4870] asst::ProcessTask::run | enter\n[2026-06-11 16:25:29.973][INF][Px28432][Tx4870] {"class"'
[2026-06-11 16:25:31] [DEBUG] [T:28060] [runner._check_one:483] [asst.log] 0e7b6a1b: pos 253584 → 253584, changed=False
[2026-06-11 16:25:33] [DEBUG] [T:28060] [runner._check_one:483] [asst.log] 0e7b6a1b: pos 253584 → 257015, changed=True
[2026-06-11 16:25:33] [DEBUG] [T:28060] [runner._check_one:489] [asst.log] head='[2026-06-11 16:25:31.526][INF][Px28432][Tx4870] Call ` D:\\Xiach\\MuMuPlayer\\nx_main\\adb.exe -s 127.0.0.1:16384 exec-out "screencap | gzip -1" ` ret 0 , cost 198 ms , stdout size: 384698 , socket size: '
[2026-06-11 16:25:33] [DEBUG] [T:28060] [runner._check_one:483] [asst.log] 0e7b6a1b: pos 257015 → 257015, changed=False
[2026-06-11 16:25:35] [DEBUG] [T:28060] [runner._check_one:483] [asst.log] 0e7b6a1b: pos 257015 → 260155, changed=True
[2026-06-11 16:25:35] [DEBUG] [T:28060] [runner._check_one:489] [asst.log] head='[2026-06-11 16:25:33.964][TRC][Px28432][Tx4870] end of sleep 500\n[2026-06-11 16:25:33.964][TRC][Px28432][Tx4870] asst::ProcessTask::run | enter\n[2026-06-11 16:25:33.964][INF][Px28432][Tx4870] {"class"'
[2026-06-11 16:25:35] [DEBUG] [T:28060] [runner._check_one:483] [asst.log] 0e7b6a1b: pos 260155 → 260155, changed=False
[2026-06-11 16:25:37] [DEBUG] [T:28060] [runner._check_one:483] [asst.log] 0e7b6a1b: pos 260155 → 263585, changed=True
[2026-06-11 16:25:37] [DEBUG] [T:28060] [runner._check_one:489] [asst.log] head='[2026-06-11 16:25:35.515][INF][Px28432][Tx4870] Call ` D:\\Xiach\\MuMuPlayer\\nx_main\\adb.exe -s 127.0.0.1:16384 exec-out "screencap | gzip -1" ` ret 0 , cost 191 ms , stdout size: 384751 , socket size: '
[2026-06-11 16:25:37] [DEBUG] [T:28060] [runner._check_one:483] [asst.log] 0e7b6a1b: pos 263585 → 263585, changed=False
[2026-06-11 16:25:39] [DEBUG] [T:28060] [runner._check_one:483] [asst.log] 0e7b6a1b: pos 263585 → 268308, changed=True
[2026-06-11 16:25:39] [DEBUG] [T:28060] [runner._check_one:489] [asst.log] head='[2026-06-11 16:25:37.938][TRC][Px28432][Tx4870] end of sleep 500\n[2026-06-11 16:25:37.938][INF][Px28432][Tx4870] Assistant::append_callback | SubTaskError {"class":"asst::AutoRecruitTask","details":{}'
[2026-06-11 16:25:39] [DEBUG] [T:28060] [runner._check_one:483] [asst.log] 0e7b6a1b: pos 268308 → 268308, changed=False
[2026-06-11 16:25:41] [DEBUG] [T:28060] [runner._check_one:483] [asst.log] 0e7b6a1b: pos 268308 → 270460, changed=True
[2026-06-11 16:25:41] [DEBUG] [T:28060] [runner._check_one:489] [asst.log] head='[2026-06-11 16:25:39.874][TRC][Px28432][Tx4870] end of sleep 500\n[2026-06-11 16:25:40.090][INF][Px28432][Tx4870] Call ` D:\\Xiach\\MuMuPlayer\\nx_main\\adb.exe -s 127.0.0.1:16384 exec-out "screencap | gzi'
[2026-06-11 16:25:41] [DEBUG] [T:28060] [runner._check_one:483] [asst.log] 0e7b6a1b: pos 270460 → 270460, changed=False
[2026-06-11 16:25:43] [DEBUG] [T:28060] [runner._check_one:483] [asst.log] 0e7b6a1b: pos 270460 → 272879, changed=True
[2026-06-11 16:25:43] [DEBUG] [T:28060] [runner._check_one:489] [asst.log] head='[2026-06-11 16:25:41.550][TRC][Px28432][Tx4870] end of sleep 500\n[2026-06-11 16:25:41.782][INF][Px28432][Tx4870] Call ` D:\\Xiach\\MuMuPlayer\\nx_main\\adb.exe -s 127.0.0.1:16384 exec-out "screencap | gzi'
[2026-06-11 16:25:43] [DEBUG] [T:28060] [runner._check_one:483] [asst.log] 0e7b6a1b: pos 272879 → 272879, changed=False
[2026-06-11 16:25:45] [DEBUG] [T:28060] [runner._check_one:483] [asst.log] 0e7b6a1b: pos 272879 → 275840, changed=True
[2026-06-11 16:25:45] [DEBUG] [T:28060] [runner._check_one:489] [asst.log] head='[2026-06-11 16:25:43.559][TRC][Px28432][Tx4870] asst::WordOcr [{ text: , rect: [ 0 (500), 0 (50), 300, 150 ], score: 0.000000 }] by OCR Pipeline , cost 57 ms\n[2026-06-11 16:25:43.560][INF][Px28432][Tx'
[2026-06-11 16:25:45] [DEBUG] [T:28060] [runner._check_one:483] [asst.log] 0e7b6a1b: pos 275840 → 275840, changed=False
[2026-06-11 16:25:47] [DEBUG] [T:28060] [runner._check_one:483] [asst.log] 0e7b6a1b: pos 275840 → 278061, changed=True
[2026-06-11 16:25:47] [DEBUG] [T:28060] [runner._check_one:489] [asst.log] head='[2026-06-11 16:25:45.688][TRC][Px28432][Tx4870] end of sleep 500\n[2026-06-11 16:25:45.887][INF][Px28432][Tx4870] Call ` D:\\Xiach\\MuMuPlayer\\nx_main\\adb.exe -s 127.0.0.1:16384 exec-out "screencap | gzi'
[2026-06-11 16:25:47] [DEBUG] [T:28060] [runner._check_one:483] [asst.log] 0e7b6a1b: pos 278061 → 278061, changed=False
[2026-06-11 16:25:49] [DEBUG] [T:28060] [runner._check_one:483] [asst.log] 0e7b6a1b: pos 278061 → 281414, changed=True
[2026-06-11 16:25:49] [DEBUG] [T:28060] [runner._check_one:489] [asst.log] head='[2026-06-11 16:25:47.542][INF][Px28432][Tx4870] Call ` D:\\Xiach\\MuMuPlayer\\nx_main\\adb.exe -s 127.0.0.1:16384 exec-out "screencap | gzip -1" ` ret 0 , cost 203 ms , stdout size: 388567 , socket size: '
[2026-06-11 16:25:49] [DEBUG] [T:28060] [runner._check_one:483] [asst.log] 0e7b6a1b: pos 281414 → 281414, changed=False
[2026-06-11 16:25:51] [DEBUG] [T:28060] [runner._check_one:483] [asst.log] 0e7b6a1b: pos 281414 → 283569, changed=True
[2026-06-11 16:25:51] [DEBUG] [T:28060] [runner._check_one:489] [asst.log] head='[2026-06-11 16:25:49.838][TRC][Px28432][Tx4870] end of sleep 500\n[2026-06-11 16:25:50.037][INF][Px28432][Tx4870] Call ` D:\\Xiach\\MuMuPlayer\\nx_main\\adb.exe -s 127.0.0.1:16384 exec-out "screencap | gzi'
[2026-06-11 16:25:51] [DEBUG] [T:28060] [runner._check_one:483] [asst.log] 0e7b6a1b: pos 283569 → 283634, changed=True
[2026-06-11 16:25:51] [DEBUG] [T:28060] [runner._check_one:489] [asst.log] head='[2026-06-11 16:25:51.497][TRC][Px28432][Tx4870] end of sleep 500\n'
[2026-06-11 16:25:53] [DEBUG] [T:28060] [runner._check_one:483] [asst.log] 0e7b6a1b: pos 283634 → 286802, changed=True
[2026-06-11 16:25:53] [DEBUG] [T:28060] [runner._check_one:489] [asst.log] head='[2026-06-11 16:25:51.708][INF][Px28432][Tx4870] Call ` D:\\Xiach\\MuMuPlayer\\nx_main\\adb.exe -s 127.0.0.1:16384 exec-out "screencap | gzip -1" ` ret 0 , cost 211 ms , stdout size: 390060 , socket size: '
[2026-06-11 16:25:53] [DEBUG] [T:28060] [runner._check_one:483] [asst.log] 0e7b6a1b: pos 286802 → 286802, changed=False
[2026-06-11 16:25:55] [DEBUG] [T:28060] [runner._check_one:483] [asst.log] 0e7b6a1b: pos 286802 → 288957, changed=True
[2026-06-11 16:25:55] [DEBUG] [T:28060] [runner._check_one:489] [asst.log] head='[2026-06-11 16:25:53.986][TRC][Px28432][Tx4870] end of sleep 500\n[2026-06-11 16:25:54.178][INF][Px28432][Tx4870] Call ` D:\\Xiach\\MuMuPlayer\\nx_main\\adb.exe -s 127.0.0.1:16384 exec-out "screencap | gzi'
[2026-06-11 16:25:55] [DEBUG] [T:28060] [runner._check_one:483] [asst.log] 0e7b6a1b: pos 288957 → 288957, changed=False
[2026-06-11 16:25:57] [DEBUG] [T:28060] [runner._check_one:483] [asst.log] 0e7b6a1b: pos 288957 → 293109, changed=True
[2026-06-11 16:25:57] [DEBUG] [T:28060] [runner._check_one:489] [asst.log] head='[2026-06-11 16:25:55.639][TRC][Px28432][Tx4870] end of sleep 500\n[2026-06-11 16:25:55.832][INF][Px28432][Tx4870] Call ` D:\\Xiach\\MuMuPlayer\\nx_main\\adb.exe -s 127.0.0.1:16384 exec-out "screencap | gzi'
[2026-06-11 16:25:57] [DEBUG] [T:28060] [runner._check_one:483] [asst.log] 0e7b6a1b: pos 293109 → 293109, changed=False
[2026-06-11 16:25:59] [DEBUG] [T:28060] [runner._check_one:483] [asst.log] 0e7b6a1b: pos 293109 → 295473, changed=True
[2026-06-11 16:25:59] [DEBUG] [T:28060] [runner._check_one:489] [asst.log] head='[2026-06-11 16:25:57.828][TRC][Px28432][Tx4870] end of sleep 500\n[2026-06-11 16:25:58.029][INF][Px28432][Tx4870] Call ` D:\\Xiach\\MuMuPlayer\\nx_main\\adb.exe -s 127.0.0.1:16384 exec-out "screencap | gzi'
[2026-06-11 16:25:59] [DEBUG] [T:28060] [runner._check_one:483] [asst.log] 0e7b6a1b: pos 295473 → 295473, changed=False
[2026-06-11 16:26:01] [DEBUG] [T:28060] [runner._check_one:483] [asst.log] 0e7b6a1b: pos 295473 → 297971, changed=True
[2026-06-11 16:26:01] [DEBUG] [T:28060] [runner._check_one:489] [asst.log] head='[2026-06-11 16:25:59.549][TRC][Px28432][Tx4870] end of sleep 500\n[2026-06-11 16:25:59.740][INF][Px28432][Tx4870] Call ` D:\\Xiach\\MuMuPlayer\\nx_main\\adb.exe -s 127.0.0.1:16384 exec-out "screencap | gzi'
[2026-06-11 16:26:01] [DEBUG] [T:28060] [runner._check_one:483] [asst.log] 0e7b6a1b: pos 297971 → 297971, changed=False
[2026-06-11 16:26:03] [DEBUG] [T:28060] [runner._check_one:483] [asst.log] 0e7b6a1b: pos 297971 → 301451, changed=True
[2026-06-11 16:26:03] [DEBUG] [T:28060] [runner._check_one:489] [asst.log] head='[2026-06-11 16:26:01.528][INF][Px28432][Tx4870] Call ` D:\\Xiach\\MuMuPlayer\\nx_main\\adb.exe -s 127.0.0.1:16384 exec-out "screencap | gzip -1" ` ret 0 , cost 197 ms , stdout size: 388188 , socket size: '
[2026-06-11 16:26:03] [DEBUG] [T:28060] [runner._check_one:483] [asst.log] 0e7b6a1b: pos 301451 → 301451, changed=False
[2026-06-11 16:26:05] [DEBUG] [T:28060] [runner._check_one:483] [asst.log] 0e7b6a1b: pos 301451 → 304001, changed=True
[2026-06-11 16:26:05] [DEBUG] [T:28060] [runner._check_one:489] [asst.log] head='[2026-06-11 16:26:03.906][TRC][Px28432][Tx4870] end of sleep 500\n[2026-06-11 16:26:04.097][INF][Px28432][Tx4870] Call ` D:\\Xiach\\MuMuPlayer\\nx_main\\adb.exe -s 127.0.0.1:16384 exec-out "screencap | gzi'
[2026-06-11 16:26:05] [DEBUG] [T:28060] [runner._check_one:483] [asst.log] 0e7b6a1b: pos 304001 → 304001, changed=False
[2026-06-11 16:26:07] [DEBUG] [T:28060] [runner._check_one:483] [asst.log] 0e7b6a1b: pos 304001 → 306432, changed=True
[2026-06-11 16:26:07] [DEBUG] [T:28060] [runner._check_one:489] [asst.log] head='[2026-06-11 16:26:05.595][TRC][Px28432][Tx4870] end of sleep 500\n[2026-06-11 16:26:05.808][INF][Px28432][Tx4870] Call ` D:\\Xiach\\MuMuPlayer\\nx_main\\adb.exe -s 127.0.0.1:16384 exec-out "screencap | gzi'
[2026-06-11 16:26:07] [DEBUG] [T:28060] [runner._check_one:483] [asst.log] 0e7b6a1b: pos 306432 → 306432, changed=False
[2026-06-11 16:26:09] [DEBUG] [T:28060] [runner._check_one:483] [asst.log] 0e7b6a1b: pos 306432 → 309915, changed=True
[2026-06-11 16:26:09] [DEBUG] [T:28060] [runner._check_one:489] [asst.log] head='[2026-06-11 16:26:07.520][INF][Px28432][Tx4870] Call ` D:\\Xiach\\MuMuPlayer\\nx_main\\adb.exe -s 127.0.0.1:16384 exec-out "screencap | gzip -1" ` ret 0 , cost 208 ms , stdout size: 391336 , socket size: '
[2026-06-11 16:26:09] [DEBUG] [T:28060] [runner._check_one:483] [asst.log] 0e7b6a1b: pos 309915 → 309915, changed=False
[2026-06-11 16:26:11] [DEBUG] [T:28060] [runner._check_one:483] [asst.log] 0e7b6a1b: pos 309915 → 312281, changed=True
[2026-06-11 16:26:11] [DEBUG] [T:28060] [runner._check_one:489] [asst.log] head='[2026-06-11 16:26:09.914][TRC][Px28432][Tx4870] end of sleep 500\n[2026-06-11 16:26:10.118][INF][Px28432][Tx4870] Call ` D:\\Xiach\\MuMuPlayer\\nx_main\\adb.exe -s 127.0.0.1:16384 exec-out "screencap | gzi'
[2026-06-11 16:26:11] [DEBUG] [T:28060] [runner._check_one:483] [asst.log] 0e7b6a1b: pos 312281 → 312281, changed=False
[2026-06-11 16:26:13] [DEBUG] [T:28060] [runner._check_one:483] [asst.log] 0e7b6a1b: pos 312281 → 314713, changed=True
[2026-06-11 16:26:13] [DEBUG] [T:28060] [runner._check_one:489] [asst.log] head='[2026-06-11 16:26:11.642][TRC][Px28432][Tx4870] end of sleep 500\n[2026-06-11 16:26:11.836][INF][Px28432][Tx4870] Call ` D:\\Xiach\\MuMuPlayer\\nx_main\\adb.exe -s 127.0.0.1:16384 exec-out "screencap | gzi'
[2026-06-11 16:26:13] [DEBUG] [T:28060] [runner._check_one:483] [asst.log] 0e7b6a1b: pos 314713 → 314713, changed=False
[2026-06-11 16:26:15] [DEBUG] [T:28060] [runner._check_one:483] [asst.log] 0e7b6a1b: pos 314713 → 319530, changed=True
[2026-06-11 16:26:15] [DEBUG] [T:28060] [runner._check_one:489] [asst.log] head='[2026-06-11 16:26:13.558][INF][Px28432][Tx4870] Call ` D:\\Xiach\\MuMuPlayer\\nx_main\\adb.exe -s 127.0.0.1:16384 exec-out "screencap | gzip -1" ` ret 0 , cost 213 ms , stdout size: 387626 , socket size: '
[2026-06-11 16:26:15] [DEBUG] [T:28060] [runner._check_one:483] [asst.log] 0e7b6a1b: pos 319530 → 319530, changed=False
[2026-06-11 16:26:17] [DEBUG] [T:28060] [runner._check_one:483] [asst.log] 0e7b6a1b: pos 319530 → 322483, changed=True
[2026-06-11 16:26:17] [DEBUG] [T:28060] [runner._check_one:489] [asst.log] head='[2026-06-11 16:26:15.608][TRC][Px28432][Tx4870] end of sleep 500\n[2026-06-11 16:26:15.608][INF][Px28432][Tx4870] {"class":"asst::ProcessTask","cur_task":"AwardBegin","details":{"cur_retry":0,"retry_ti'
[2026-06-11 16:26:17] [DEBUG] [T:28060] [runner._check_one:483] [asst.log] 0e7b6a1b: pos 322483 → 322483, changed=False
[2026-06-11 16:26:19] [DEBUG] [T:28060] [runner._check_one:483] [asst.log] 0e7b6a1b: pos 322483 → 325397, changed=True
[2026-06-11 16:26:19] [DEBUG] [T:28060] [runner._check_one:489] [asst.log] head='[2026-06-11 16:26:17.578][TRC][Px28432][Tx4870] asst::WordOcr [{ text: _, rect: [ 0 (500), 0 (50), 300, 150 ], score: 0.589493 }] by OCR Pipeline , cost 80 ms\n[2026-06-11 16:26:17.579][INF][Px28432][T'
[2026-06-11 16:26:19] [DEBUG] [T:28060] [runner._check_one:483] [asst.log] 0e7b6a1b: pos 325397 → 325397, changed=False
[2026-06-11 16:26:21] [DEBUG] [T:28060] [runner._check_one:483] [asst.log] 0e7b6a1b: pos 325397 → 327581, changed=True
[2026-06-11 16:26:21] [DEBUG] [T:28060] [runner._check_one:489] [asst.log] head='[2026-06-11 16:26:19.716][TRC][Px28432][Tx4870] end of sleep 500\n[2026-06-11 16:26:19.906][INF][Px28432][Tx4870] Call ` D:\\Xiach\\MuMuPlayer\\nx_main\\adb.exe -s 127.0.0.1:16384 exec-out "screencap | gzi'
[2026-06-11 16:26:21] [DEBUG] [T:28060] [runner._check_one:483] [asst.log] 0e7b6a1b: pos 327581 → 327581, changed=False
[2026-06-11 16:26:23] [DEBUG] [T:28060] [runner._check_one:483] [asst.log] 0e7b6a1b: pos 327581 → 330880, changed=True
[2026-06-11 16:26:23] [DEBUG] [T:28060] [runner._check_one:489] [asst.log] head='[2026-06-11 16:26:21.570][INF][Px28432][Tx4870] Call ` D:\\Xiach\\MuMuPlayer\\nx_main\\adb.exe -s 127.0.0.1:16384 exec-out "screencap | gzip -1" ` ret 0 , cost 196 ms , stdout size: 393268 , socket size: '
[2026-06-11 16:26:23] [DEBUG] [T:28060] [runner._check_one:483] [asst.log] 0e7b6a1b: pos 330880 → 330880, changed=False
[2026-06-11 16:26:25] [DEBUG] [T:28060] [runner._check_one:483] [asst.log] 0e7b6a1b: pos 330880 → 333002, changed=True
[2026-06-11 16:26:25] [DEBUG] [T:28060] [runner._check_one:489] [asst.log] head='[2026-06-11 16:26:23.856][TRC][Px28432][Tx4870] end of sleep 500\n[2026-06-11 16:26:24.053][INF][Px28432][Tx4870] Call ` D:\\Xiach\\MuMuPlayer\\nx_main\\adb.exe -s 127.0.0.1:16384 exec-out "screencap | gzi'
[2026-06-11 16:26:25] [DEBUG] [T:28060] [runner._check_one:483] [asst.log] 0e7b6a1b: pos 333002 → 333067, changed=True
[2026-06-11 16:26:25] [DEBUG] [T:28060] [runner._check_one:489] [asst.log] head='[2026-06-11 16:26:25.490][TRC][Px28432][Tx4870] end of sleep 500\n'
[2026-06-11 16:26:27] [DEBUG] [T:28060] [runner._check_one:483] [asst.log] 0e7b6a1b: pos 333067 → 336185, changed=True
[2026-06-11 16:26:27] [DEBUG] [T:28060] [runner._check_one:489] [asst.log] head='[2026-06-11 16:26:25.690][INF][Px28432][Tx4870] Call ` D:\\Xiach\\MuMuPlayer\\nx_main\\adb.exe -s 127.0.0.1:16384 exec-out "screencap | gzip -1" ` ret 0 , cost 200 ms , stdout size: 384569 , socket size: '
[2026-06-11 16:26:27] [DEBUG] [T:28060] [runner._check_one:483] [asst.log] 0e7b6a1b: pos 336185 → 336185, changed=False
[2026-06-11 16:26:29] [DEBUG] [T:28060] [runner._check_one:483] [asst.log] 0e7b6a1b: pos 336185 → 338306, changed=True
[2026-06-11 16:26:29] [DEBUG] [T:28060] [runner._check_one:489] [asst.log] head='[2026-06-11 16:26:27.953][TRC][Px28432][Tx4870] end of sleep 500\n[2026-06-11 16:26:28.156][INF][Px28432][Tx4870] Call ` D:\\Xiach\\MuMuPlayer\\nx_main\\adb.exe -s 127.0.0.1:16384 exec-out "screencap | gzi'
[2026-06-11 16:26:29] [DEBUG] [T:28060] [runner._check_one:483] [asst.log] 0e7b6a1b: pos 338306 → 338306, changed=False
[2026-06-11 16:26:31] [DEBUG] [T:28060] [runner._check_one:483] [asst.log] 0e7b6a1b: pos 338306 → 340878, changed=True
[2026-06-11 16:26:31] [DEBUG] [T:28060] [runner._check_one:489] [asst.log] head='[2026-06-11 16:26:29.619][TRC][Px28432][Tx4870] end of sleep 500\n[2026-06-11 16:26:29.844][INF][Px28432][Tx4870] Call ` D:\\Xiach\\MuMuPlayer\\nx_main\\adb.exe -s 127.0.0.1:16384 exec-out "screencap | gzi'
[2026-06-11 16:26:31] [DEBUG] [T:28060] [runner._check_one:483] [asst.log] 0e7b6a1b: pos 340878 → 340878, changed=False
[2026-06-11 16:26:33] [DEBUG] [T:28060] [runner._check_one:483] [asst.log] 0e7b6a1b: pos 340878 → 343694, changed=True
[2026-06-11 16:26:33] [DEBUG] [T:28060] [runner._check_one:489] [asst.log] head='[2026-06-11 16:26:31.593][TRC][Px28432][Tx4870] asst::WordOcr [{ text: _, rect: [ 0 (500), 0 (50), 300, 150 ], score: 0.948184 }] by OCR Pipeline , cost 53 ms\n[2026-06-11 16:26:31.594][INF][Px28432][T'
[2026-06-11 16:26:33] [INFO ] [T:28060] [app._log:192] [完成后] 阿仄仄仄 任务全部完成 (MAA 将自行退出)
[2026-06-11 16:26:33] [INFO ] [T:28060] [app._log:192] [完成] 阿仄仄仄 退出码=1 耗时=3m56s 🧠 StartUp,Award,Fight,Infrast,Recruit,Mall
[2026-06-11 16:26:33] [INFO ] [T:28060] [app._log:192] [账号] 阿仄仄仄 状态: error (exit=1) 连续失败=1
[2026-06-11 16:26:33] [INFO ] [T:28060] [app._log:192] [诊断] 阿仄仄仄 已保存到 D:\1-2\MAAOrch\services\diagnostics\阿仄仄仄_20260611_162633
[2026-06-11 16:26:33] [INFO ] [T:28060] [app._log:192] [资源] 系统过载，阿仄仄仄 延迟重试
[2026-06-11 16:26:33] [INFO ] [T:28060] [app._log:192] [队列] 阿仄仄仄 入队 (retry) → 16:26
[2026-06-11 16:26:33] [INFO ] [T:28060] [app._log:192] [重试] 阿仄仄仄 5s 后重试 (exp backoff 0)
[2026-06-11 16:26:33] [DEBUG] [T:28060] [queue._tick:233] 延迟 0e7b6a1b: 未到时间 (2026-06-11 16:26:38.869424)
[2026-06-11 16:26:35] [INFO ] [T:28060] [app._log:192] [资源] 内存已恢复 (6.1GB 可用)，继续启动
[2026-06-11 16:26:47] [INFO ] [T:28060] [app._log:192] [启动] ADB(127.0.0.1:16384) Emu(0) 实例#1
[2026-06-11 16:26:47] [INFO ] [T:28060] [app._log:192] [启动] 阿仄仄仄
[2026-06-11 16:26:47] [INFO ] [T:28060] [app._log:192] 启动模拟器 #0
[2026-06-11 16:26:47] [INFO ] [T:28060] [app._log:192] 等待模拟器就绪 (最长 30s)...
[2026-06-11 16:26:51] [INFO ] [T:28060] [app._log:192] 模拟器 #0 已就绪
[2026-06-11 16:26:52] [DEBUG] [T:23140] [scheduler.decide:127] 阿仄仄仄: decide → ['StartUp', 'Award', 'Annihilation', 'Fight']
[2026-06-11 16:26:52] [INFO ] [T:28060] [app._log:192] 🧠 智能调度: StartUp,Award,Annihilation,Fight
[2026-06-11 16:26:52] [INFO ] [T:23140] [injector._write:567] 写入 gui.json (use_v6=False, tasks=0, infra_mode=Normal)
[2026-06-11 16:26:52] [INFO ] [T:23140] [injector._write:567] 写入 gui.new.json (use_v6=True, tasks=10, infra_mode=Normal)
[2026-06-11 16:26:52] [INFO ] [T:28060] [app._log:192] 注入配置: D:\1-2\MAAOrch\services\maa\instances\1\config/
[2026-06-11 16:26:52] [INFO ] [T:28060] [app._log:192] ✓ 启动 MAA PID=25272
[2026-06-11 16:26:53] [DEBUG] [T:28060] [runner._check_one:483] [asst.log] 0e7b6a1b: pos 0 → 0, changed=False
[2026-06-11 16:26:53] [DEBUG] [T:28060] [runner._check_one:483] [asst.log] 0e7b6a1b: pos 0 → 0, changed=False
[2026-06-11 16:26:55] [DEBUG] [T:28060] [runner._check_one:483] [asst.log] 0e7b6a1b: pos 0 → 0, changed=False
[2026-06-11 16:26:55] [DEBUG] [T:28060] [runner._check_one:483] [asst.log] 0e7b6a1b: pos 0 → 0, changed=False
[2026-06-11 16:26:57] [DEBUG] [T:28060] [runner._check_one:483] [asst.log] 0e7b6a1b: pos 0 → 20994, changed=True
[2026-06-11 16:26:57] [DEBUG] [T:28060] [runner._check_one:489] [asst.log] head='[2026-06-11 16:26:56.022][TRC][Px25272][Tx27503] -----------------------------\n[2026-06-11 16:26:56.022][TRC][Px25272][Tx27503] MaaCore Process Start\n[2026-06-11 16:26:56.022][TRC][Px25272][Tx27503] V'
[2026-06-11 16:26:57] [DEBUG] [T:28060] [runner._check_one:483] [asst.log] 0e7b6a1b: pos 20994 → 20994, changed=False
[2026-06-11 16:26:59] [DEBUG] [T:28060] [runner._check_one:483] [asst.log] 0e7b6a1b: pos 20994 → 24290, changed=True
[2026-06-11 16:26:59] [DEBUG] [T:28060] [runner._check_one:489] [asst.log] head='[2026-06-11 16:26:57.787][INF][Px25272][Tx41378] MuMuEmulator12 {\n}\n[2026-06-11 16:26:57.787][INF][Px25272][Tx41378] asst::Assistant::set_instance_option | key 6 value \n[2026-06-11 16:26:57.787][TRC]['
[2026-06-11 16:26:59] [DEBUG] [T:28060] [runner._check_one:483] [asst.log] 0e7b6a1b: pos 24290 → 24290, changed=False
[2026-06-11 16:27:01] [DEBUG] [T:28060] [runner._check_one:483] [asst.log] 0e7b6a1b: pos 24290 → 30036, changed=True
[2026-06-11 16:27:01] [DEBUG] [T:28060] [runner._check_one:489] [asst.log] head='[2026-06-11 16:27:00.161][INF][Px25272][Tx41378] MuMuEmulator12 {\n}\n[2026-06-11 16:27:00.161][INF][Px25272][Tx41378] asst::Assistant::set_instance_option | key 6 value \n[2026-06-11 16:27:00.161][TRC]['
[2026-06-11 16:27:01] [DEBUG] [T:28060] [runner._check_one:483] [asst.log] 0e7b6a1b: pos 30036 → 30036, changed=False
[2026-06-11 16:27:03] [DEBUG] [T:28060] [runner._check_one:483] [asst.log] 0e7b6a1b: pos 30036 → 31703, changed=True
[2026-06-11 16:27:03] [DEBUG] [T:28060] [runner._check_one:489] [asst.log] head='[2026-06-11 16:27:01.848][INF][Px25272][Tx41378] pipe str\nNote: device /dev/input/mouse1 is not supported by libevdev\nNote: device /dev/input/mouse0 is not supported by libevdev\nNote: device /dev/inpu'
[2026-06-11 16:27:03] [DEBUG] [T:28060] [runner._check_one:483] [asst.log] 0e7b6a1b: pos 31703 → 31703, changed=False
[2026-06-11 16:27:05] [DEBUG] [T:28060] [runner._check_one:483] [asst.log] 0e7b6a1b: pos 31703 → 37428, changed=True
[2026-06-11 16:27:05] [DEBUG] [T:28060] [runner._check_one:489] [asst.log] head='[2026-06-11 16:27:03.806][INF][Px25272][Tx41378] Call ` D:\\Xiach\\MuMuPlayer\\nx_main\\adb.exe -s 127.0.0.1:16384 exec-out screencap -p ` ret 0 , cost 738 ms , stdout size: 890323 , socket size: 0\n[2026-'
[2026-06-11 16:27:05] [DEBUG] [T:28060] [runner._check_one:483] [asst.log] 0e7b6a1b: pos 37428 → 37428, changed=False
[2026-06-11 16:27:07] [INFO ] [T:28060] [app._log:192] [资源] 系统可用内存 3.9GB 不足，暂停新启动
[2026-06-11 16:27:07] [DEBUG] [T:28060] [runner._check_one:483] [asst.log] 0e7b6a1b: pos 37428 → 41140, changed=True
[2026-06-11 16:27:07] [DEBUG] [T:28060] [runner._check_one:489] [asst.log] head='[2026-06-11 16:27:05.514][TRC][Px25272][Tx4126] end of sleep 1500\n[2026-06-11 16:27:05.707][INF][Px25272][Tx4126] Call ` D:\\Xiach\\MuMuPlayer\\nx_main\\adb.exe -s 127.0.0.1:16384 shell am start -n com.hy'
[2026-06-11 16:27:07] [DEBUG] [T:28060] [runner._check_one:483] [asst.log] 0e7b6a1b: pos 41140 → 41140, changed=False
[2026-06-11 16:27:09] [DEBUG] [T:28060] [runner._check_one:483] [asst.log] 0e7b6a1b: pos 41140 → 43927, changed=True
[2026-06-11 16:27:09] [DEBUG] [T:28060] [runner._check_one:489] [asst.log] head='[2026-06-11 16:27:07.699][INF][Px25272][Tx4126] Call ` D:\\Xiach\\MuMuPlayer\\nx_main\\adb.exe -s 127.0.0.1:16384 exec-out "screencap | gzip -1" ` ret 0 , cost 304 ms , stdout size: 17908 , socket size: 0'
[2026-06-11 16:27:09] [DEBUG] [T:28060] [runner._check_one:483] [asst.log] 0e7b6a1b: pos 43927 → 43927, changed=False
[2026-06-11 16:27:11] [DEBUG] [T:28060] [runner._check_one:483] [asst.log] 0e7b6a1b: pos 43927 → 46306, changed=True
[2026-06-11 16:27:11] [DEBUG] [T:28060] [runner._check_one:489] [asst.log] head='[2026-06-11 16:27:10.209][TRC][Px25272][Tx4126] end of sleep 1000\n[2026-06-11 16:27:10.445][INF][Px25272][Tx4126] Call ` D:\\Xiach\\MuMuPlayer\\nx_main\\adb.exe -s 127.0.0.1:16384 exec-out "screencap | gz'
[2026-06-11 16:27:11] [DEBUG] [T:28060] [runner._check_one:483] [asst.log] 0e7b6a1b: pos 46306 → 46306, changed=False
[2026-06-11 16:27:13] [DEBUG] [T:28060] [runner._check_one:483] [asst.log] 0e7b6a1b: pos 46306 → 50370, changed=True
[2026-06-11 16:27:13] [DEBUG] [T:28060] [runner._check_one:489] [asst.log] head='[2026-06-11 16:27:11.528][TRC][Px25272][Tx4126] asst::WordOcr [{ text: , rect: [ 427 (463), 45 (271), 54, 38 ], score: 0.000000 }, { text: , rect: [ 456 (492), 81 (307), 25, 23 ], score: 0.000000 }, {'
[2026-06-11 16:27:13] [DEBUG] [T:28060] [runner._check_one:483] [asst.log] 0e7b6a1b: pos 50370 → 50370, changed=False
[2026-06-11 16:27:15] [DEBUG] [T:28060] [runner._check_one:483] [asst.log] 0e7b6a1b: pos 50370 → 53650, changed=True
[2026-06-11 16:27:15] [DEBUG] [T:28060] [runner._check_one:489] [asst.log] head='[2026-06-11 16:27:13.520][TRC][Px25272][Tx4126] asst::WordOcr [{ text: _, rect: [ 0 (900), 0 (500), 380, 150 ], score: 0.948201 }] by OCR Pipeline , cost 56 ms\n[2026-06-11 16:27:13.746][TRC][Px25272]['
[2026-06-11 16:27:15] [DEBUG] [T:28060] [runner._check_one:483] [asst.log] 0e7b6a1b: pos 53650 → 53650, changed=False
[2026-06-11 16:27:17] [DEBUG] [T:28060] [runner._check_one:483] [asst.log] 0e7b6a1b: pos 53650 → 56257, changed=True
[2026-06-11 16:27:17] [DEBUG] [T:28060] [runner._check_one:489] [asst.log] head='[2026-06-11 16:27:15.565][TRC][Px25272][Tx4126] asst::WordOcr [{ text: ., rect: [ 0 (36), 0 (226), 482, 269 ], score: 0.837759 }] by OCR Pipeline , cost 69 ms\n[2026-06-11 16:27:15.565][INF][Px25272][T'
[2026-06-11 16:27:17] [DEBUG] [T:28060] [runner._check_one:483] [asst.log] 0e7b6a1b: pos 56257 → 56257, changed=False
[2026-06-11 16:27:19] [DEBUG] [T:28060] [runner._check_one:483] [asst.log] 0e7b6a1b: pos 56257 → 58864, changed=True
[2026-06-11 16:27:19] [DEBUG] [T:28060] [runner._check_one:489] [asst.log] head='[2026-06-11 16:27:17.602][TRC][Px25272][Tx4126] asst::WordOcr [{ text: ., rect: [ 0 (36), 0 (226), 482, 269 ], score: 0.837759 }] by OCR Pipeline , cost 67 ms\n[2026-06-11 16:27:17.602][INF][Px25272][T'
[2026-06-11 16:27:19] [DEBUG] [T:28060] [runner._check_one:483] [asst.log] 0e7b6a1b: pos 58864 → 58864, changed=False
[2026-06-11 16:27:21] [DEBUG] [T:28060] [runner._check_one:483] [asst.log] 0e7b6a1b: pos 58864 → 61313, changed=True
[2026-06-11 16:27:21] [DEBUG] [T:28060] [runner._check_one:489] [asst.log] head='[2026-06-11 16:27:19.542][TRC][Px25272][Tx4126] asst::WordOcr [{ text: ., rect: [ 0 (36), 0 (226), 482, 269 ], score: 0.837759 }] by OCR Pipeline , cost 87 ms\n[2026-06-11 16:27:19.542][INF][Px25272][T'
[2026-06-11 16:27:21] [DEBUG] [T:28060] [runner._check_one:483] [asst.log] 0e7b6a1b: pos 61313 → 61313, changed=False
[2026-06-11 16:27:23] [DEBUG] [T:28060] [runner._check_one:483] [asst.log] 0e7b6a1b: pos 61313 → 64542, changed=True
[2026-06-11 16:27:23] [DEBUG] [T:28060] [runner._check_one:489] [asst.log] head='[2026-06-11 16:27:21.538][TRC][Px25272][Tx4126] asst::WordOcr [{ text: _, rect: [ 0 (900), 0 (500), 380, 150 ], score: 0.948201 }] by OCR Pipeline , cost 99 ms\n[2026-06-11 16:27:21.706][TRC][Px25272]['
[2026-06-11 16:27:23] [DEBUG] [T:28060] [runner._check_one:483] [asst.log] 0e7b6a1b: pos 64542 → 64542, changed=False
[2026-06-11 16:27:25] [DEBUG] [T:28060] [runner._check_one:483] [asst.log] 0e7b6a1b: pos 64542 → 68348, changed=True
[2026-06-11 16:27:25] [DEBUG] [T:28060] [runner._check_one:489] [asst.log] head='[2026-06-11 16:27:23.594][TRC][Px25272][Tx4126] asst::WordOcr [{ text: 予，, rect: [ 3 (327), 7 (586), 35, 16 ], score: 0.981191 }, { text: 通过霸权与掠夺开拓, rect: [ 34 (358), 4 (583), 183, 20 ], score: 0.9842'
[2026-06-11 16:27:25] [DEBUG] [T:28060] [runner._check_one:483] [asst.log] 0e7b6a1b: pos 68348 → 69478, changed=True
[2026-06-11 16:27:25] [DEBUG] [T:28060] [runner._check_one:489] [asst.log] head='[2026-06-11 16:27:25.485][TRC][Px25272][Tx4126] asst::WordOcr [{ text: 正在检查资源完整性，不消耗流量, rect: [ 156 (496), 35 (655), 286, 17 ], score: 0.906779 }] by OCR Pipeline , cost 84 ms\n[2026-06-11 16:27:25.485'
[2026-06-11 16:27:27] [DEBUG] [T:28060] [runner._check_one:483] [asst.log] 0e7b6a1b: pos 69478 → 69478, changed=False
[2026-06-11 16:27:27] [DEBUG] [T:28060] [runner._check_one:483] [asst.log] 0e7b6a1b: pos 69478 → 69478, changed=False
[2026-06-11 16:27:29] [DEBUG] [T:28060] [runner._check_one:483] [asst.log] 0e7b6a1b: pos 69478 → 69478, changed=False
[2026-06-11 16:27:29] [DEBUG] [T:28060] [runner._check_one:483] [asst.log] 0e7b6a1b: pos 69478 → 69478, changed=False
[2026-06-11 16:27:31] [DEBUG] [T:28060] [runner._check_one:483] [asst.log] 0e7b6a1b: pos 69478 → 70142, changed=True
[2026-06-11 16:27:31] [DEBUG] [T:28060] [runner._check_one:489] [asst.log] head='[2026-06-11 16:27:30.487][TRC][Px25272][Tx4126] end of sleep 5000\n[2026-06-11 16:27:30.487][INF][Px25272][Tx4126] Assistant::append_callback | SubTaskCompleted {"class":"asst::ProcessTask","details":{'
[2026-06-11 16:27:31] [DEBUG] [T:28060] [runner._check_one:483] [asst.log] 0e7b6a1b: pos 70142 → 71011, changed=True
[2026-06-11 16:27:31] [DEBUG] [T:28060] [runner._check_one:489] [asst.log] head='[2026-06-11 16:27:31.488][TRC][Px25272][Tx4126] end of sleep 1000\n[2026-06-11 16:27:31.488][INF][Px25272][Tx4126] {"class":"asst::ProcessTask","cur_task":"StartUp@GameStartCheckResourceOCR","details":'
[2026-06-11 16:27:33] [DEBUG] [T:28060] [runner._check_one:483] [asst.log] 0e7b6a1b: pos 71011 → 72964, changed=True
[2026-06-11 16:27:33] [DEBUG] [T:28060] [runner._check_one:489] [asst.log] head='[2026-06-11 16:27:31.728][INF][Px25272][Tx4126] Call ` D:\\Xiach\\MuMuPlayer\\nx_main\\adb.exe -s 127.0.0.1:16384 exec-out "screencap | gzip -1" ` ret 0 , cost 239 ms , stdout size: 909983 , socket size: '
[2026-06-11 16:27:33] [DEBUG] [T:28060] [runner._check_one:483] [asst.log] 0e7b6a1b: pos 72964 → 72964, changed=False
[2026-06-11 16:27:35] [DEBUG] [T:28060] [runner._check_one:483] [asst.log] 0e7b6a1b: pos 72964 → 73638, changed=True
[2026-06-11 16:27:35] [DEBUG] [T:28060] [runner._check_one:489] [asst.log] head='[2026-06-11 16:27:35.006][TRC][Px25272][Tx4126] end of sleep 3000\n[2026-06-11 16:27:35.006][INF][Px25272][Tx4126] Assistant::append_callback | SubTaskCompleted {"class":"asst::ProcessTask","details":{'
[2026-06-11 16:27:35] [DEBUG] [T:28060] [runner._check_one:483] [asst.log] 0e7b6a1b: pos 73638 → 73638, changed=False
[2026-06-11 16:27:37] [DEBUG] [T:28060] [runner._check_one:483] [asst.log] 0e7b6a1b: pos 73638 → 76453, changed=True
[2026-06-11 16:27:37] [DEBUG] [T:28060] [runner._check_one:489] [asst.log] head='[2026-06-11 16:27:36.007][TRC][Px25272][Tx4126] end of sleep 1000\n[2026-06-11 16:27:36.007][INF][Px25272][Tx4126] {"class":"asst::ProcessTask","cur_task":"StartUp@GameStart","details":{"cur_retry":0,"'
[2026-06-11 16:27:37] [DEBUG] [T:28060] [runner._check_one:483] [asst.log] 0e7b6a1b: pos 76453 → 76453, changed=False
[2026-06-11 16:27:39] [DEBUG] [T:28060] [runner._check_one:483] [asst.log] 0e7b6a1b: pos 76453 → 78491, changed=True
[2026-06-11 16:27:39] [DEBUG] [T:28060] [runner._check_one:489] [asst.log] head='[2026-06-11 16:27:37.882][TRC][Px25272][Tx4126] end of sleep 1000\n[2026-06-11 16:27:38.041][INF][Px25272][Tx4126] Call ` D:\\Xiach\\MuMuPlayer\\nx_main\\adb.exe -s 127.0.0.1:16384 exec-out "screencap | gz'
[2026-06-11 16:27:39] [DEBUG] [T:28060] [runner._check_one:483] [asst.log] 0e7b6a1b: pos 78491 → 78491, changed=False
[2026-06-11 16:27:41] [DEBUG] [T:28060] [runner._check_one:483] [asst.log] 0e7b6a1b: pos 78491 → 80986, changed=True
[2026-06-11 16:27:41] [DEBUG] [T:28060] [runner._check_one:489] [asst.log] head='[2026-06-11 16:27:39.651][INF][Px25272][Tx4126] Call ` D:\\Xiach\\MuMuPlayer\\nx_main\\adb.exe -s 127.0.0.1:16384 exec-out "screencap | gzip -1" ` ret 0 , cost 226 ms , stdout size: 17908 , socket size: 0'
[2026-06-11 16:27:41] [DEBUG] [T:28060] [runner._check_one:483] [asst.log] 0e7b6a1b: pos 80986 → 80986, changed=False
[2026-06-11 16:27:43] [DEBUG] [T:28060] [runner._check_one:483] [asst.log] 0e7b6a1b: pos 80986 → 84782, changed=True
[2026-06-11 16:27:43] [DEBUG] [T:28060] [runner._check_one:489] [asst.log] head='[2026-06-11 16:27:41.507][TRC][Px25272][Tx4126] asst::WordOcr [{ text: ., rect: [ 0 (500), 0 (50), 300, 150 ], score: 0.669308 }] by OCR Pipeline , cost 71 ms\n[2026-06-11 16:27:41.633][TRC][Px25272][T'
[2026-06-11 16:27:43] [DEBUG] [T:28060] [runner._check_one:483] [asst.log] 0e7b6a1b: pos 84782 → 84782, changed=False
[2026-06-11 16:27:45] [DEBUG] [T:28060] [runner._check_one:483] [asst.log] 0e7b6a1b: pos 84782 → 87195, changed=True
[2026-06-11 16:27:45] [DEBUG] [T:28060] [runner._check_one:489] [asst.log] head='[2026-06-11 16:27:44.478][TRC][Px25272][Tx4126] end of sleep 1000\n[2026-06-11 16:27:44.784][INF][Px25272][Tx4126] Call ` D:\\Xiach\\MuMuPlayer\\nx_main\\adb.exe -s 127.0.0.1:16384 exec-out "screencap | gz'
[2026-06-11 16:27:45] [DEBUG] [T:28060] [runner._check_one:483] [asst.log] 0e7b6a1b: pos 87195 → 87195, changed=False
[2026-06-11 16:27:47] [DEBUG] [T:28060] [runner._check_one:483] [asst.log] 0e7b6a1b: pos 87195 → 89606, changed=True
[2026-06-11 16:27:47] [DEBUG] [T:28060] [runner._check_one:489] [asst.log] head='[2026-06-11 16:27:46.298][TRC][Px25272][Tx4126] end of sleep 1000\n[2026-06-11 16:27:46.594][INF][Px25272][Tx4126] Call ` D:\\Xiach\\MuMuPlayer\\nx_main\\adb.exe -s 127.0.0.1:16384 exec-out "screencap | gz'
[2026-06-11 16:27:47] [DEBUG] [T:28060] [runner._check_one:483] [asst.log] 0e7b6a1b: pos 89606 → 89606, changed=False
[2026-06-11 16:27:49] [DEBUG] [T:28060] [runner._check_one:483] [asst.log] 0e7b6a1b: pos 89606 → 92007, changed=True
[2026-06-11 16:27:49] [DEBUG] [T:28060] [runner._check_one:489] [asst.log] head='[2026-06-11 16:27:48.125][TRC][Px25272][Tx4126] end of sleep 1000\n[2026-06-11 16:27:48.402][INF][Px25272][Tx4126] Call ` D:\\Xiach\\MuMuPlayer\\nx_main\\adb.exe -s 127.0.0.1:16384 exec-out "screencap | gz'
[2026-06-11 16:27:49] [DEBUG] [T:28060] [runner._check_one:483] [asst.log] 0e7b6a1b: pos 92007 → 92007, changed=False
[2026-06-11 16:27:51] [DEBUG] [T:28060] [runner._check_one:483] [asst.log] 0e7b6a1b: pos 92007 → 94600, changed=True
[2026-06-11 16:27:51] [DEBUG] [T:28060] [runner._check_one:489] [asst.log] head='[2026-06-11 16:27:49.901][TRC][Px25272][Tx4126] end of sleep 1000\n[2026-06-11 16:27:50.160][INF][Px25272][Tx4126] Call ` D:\\Xiach\\MuMuPlayer\\nx_main\\adb.exe -s 127.0.0.1:16384 exec-out "screencap | gz'
[2026-06-11 16:27:51] [DEBUG] [T:28060] [runner._check_one:483] [asst.log] 0e7b6a1b: pos 94600 → 94600, changed=False
[2026-06-11 16:27:53] [DEBUG] [T:28060] [runner._check_one:483] [asst.log] 0e7b6a1b: pos 94600 → 97078, changed=True
[2026-06-11 16:27:53] [DEBUG] [T:28060] [runner._check_one:489] [asst.log] head='[2026-06-11 16:27:51.725][TRC][Px25272][Tx4126] end of sleep 1000\n[2026-06-11 16:27:51.959][INF][Px25272][Tx4126] Call ` D:\\Xiach\\MuMuPlayer\\nx_main\\adb.exe -s 127.0.0.1:16384 exec-out "screencap | gz'
[2026-06-11 16:27:53] [DEBUG] [T:28060] [runner._check_one:483] [asst.log] 0e7b6a1b: pos 97078 → 97078, changed=False
[2026-06-11 16:27:55] [DEBUG] [T:28060] [runner._check_one:483] [asst.log] 0e7b6a1b: pos 97078 → 99920, changed=True
[2026-06-11 16:27:55] [DEBUG] [T:28060] [runner._check_one:489] [asst.log] head='[2026-06-11 16:27:53.657][INF][Px25272][Tx4126] Call ` D:\\Xiach\\MuMuPlayer\\nx_main\\adb.exe -s 127.0.0.1:16384 exec-out "screencap | gzip -1" ` ret 0 , cost 204 ms , stdout size: 391528 , socket size: '
[2026-06-11 16:27:55] [DEBUG] [T:28060] [runner._check_one:483] [asst.log] 0e7b6a1b: pos 99920 → 99920, changed=False
[2026-06-11 16:27:57] [DEBUG] [T:28060] [runner._check_one:483] [asst.log] 0e7b6a1b: pos 99920 → 102972, changed=True
[2026-06-11 16:27:57] [DEBUG] [T:28060] [runner._check_one:489] [asst.log] head='[2026-06-11 16:27:55.584][TRC][Px25272][Tx4126] asst::WordOcr [{ text: -, rect: [ 13 (386), 3 (148), 499, 290 ], score: 0.803772 }, { text: ARKNlCHTs, rect: [ 221 (594), 268 (413), 85, 14 ], score: 0.'
[2026-06-11 16:27:57] [DEBUG] [T:28060] [runner._check_one:483] [asst.log] 0e7b6a1b: pos 102972 → 102972, changed=False
[2026-06-11 16:27:59] [DEBUG] [T:28060] [runner._check_one:483] [asst.log] 0e7b6a1b: pos 102972 → 106644, changed=True
[2026-06-11 16:27:59] [DEBUG] [T:28060] [runner._check_one:489] [asst.log] head='[2026-06-11 16:27:57.550][TRC][Px25272][Tx4126] asst::WordOcr [{ text: PH.Alriehtsreseved, rect: [ 4 (344), 66 (686), 120, 11 ], score: 0.870103 }] by OCR Pipeline , cost 116 ms\n[2026-06-11 16:27:57.6'
[2026-06-11 16:27:59] [DEBUG] [T:28060] [runner._check_one:483] [asst.log] 0e7b6a1b: pos 106644 → 106644, changed=False
[2026-06-11 16:28:01] [DEBUG] [T:28060] [runner._check_one:483] [asst.log] 0e7b6a1b: pos 106644 → 109058, changed=True
[2026-06-11 16:28:01] [DEBUG] [T:28060] [runner._check_one:489] [asst.log] head='[2026-06-11 16:28:00.390][TRC][Px25272][Tx4126] end of sleep 1000\n[2026-06-11 16:28:00.607][INF][Px25272][Tx4126] Call ` D:\\Xiach\\MuMuPlayer\\nx_main\\adb.exe -s 127.0.0.1:16384 exec-out "screencap | gz'
[2026-06-11 16:28:01] [DEBUG] [T:28060] [runner._check_one:483] [asst.log] 0e7b6a1b: pos 109058 → 109058, changed=False
[2026-06-11 16:28:03] [DEBUG] [T:28060] [runner._check_one:483] [asst.log] 0e7b6a1b: pos 109058 → 111469, changed=True
[2026-06-11 16:28:03] [DEBUG] [T:28060] [runner._check_one:489] [asst.log] head='[2026-06-11 16:28:02.100][TRC][Px25272][Tx4126] end of sleep 1000\n[2026-06-11 16:28:02.316][INF][Px25272][Tx4126] Call ` D:\\Xiach\\MuMuPlayer\\nx_main\\adb.exe -s 127.0.0.1:16384 exec-out "screencap | gz'
[2026-06-11 16:28:03] [DEBUG] [T:28060] [runner._check_one:483] [asst.log] 0e7b6a1b: pos 111469 → 111469, changed=False
[2026-06-11 16:28:05] [DEBUG] [T:28060] [runner._check_one:483] [asst.log] 0e7b6a1b: pos 111469 → 113876, changed=True
[2026-06-11 16:28:05] [DEBUG] [T:28060] [runner._check_one:489] [asst.log] head='[2026-06-11 16:28:03.837][TRC][Px25272][Tx4126] end of sleep 1000\n[2026-06-11 16:28:04.044][INF][Px25272][Tx4126] Call ` D:\\Xiach\\MuMuPlayer\\nx_main\\adb.exe -s 127.0.0.1:16384 exec-out "screencap | gz'
[2026-06-11 16:28:05] [DEBUG] [T:28060] [runner._check_one:483] [asst.log] 0e7b6a1b: pos 113876 → 113876, changed=False
[2026-06-11 16:28:07] [DEBUG] [T:28060] [runner._check_one:483] [asst.log] 0e7b6a1b: pos 113876 → 116741, changed=True
[2026-06-11 16:28:07] [DEBUG] [T:28060] [runner._check_one:489] [asst.log] head='[2026-06-11 16:28:05.527][TRC][Px25272][Tx4126] end of sleep 1000\n[2026-06-11 16:28:05.725][INF][Px25272][Tx4126] Call ` D:\\Xiach\\MuMuPlayer\\nx_main\\adb.exe -s 127.0.0.1:16384 exec-out "screencap | gz'
[2026-06-11 16:28:07] [DEBUG] [T:28060] [runner._check_one:483] [asst.log] 0e7b6a1b: pos 116741 → 116741, changed=False
[2026-06-11 16:28:09] [DEBUG] [T:28060] [runner._check_one:483] [asst.log] 0e7b6a1b: pos 116741 → 120206, changed=True
[2026-06-11 16:28:09] [DEBUG] [T:28060] [runner._check_one:489] [asst.log] head='[2026-06-11 16:28:07.508][TRC][Px25272][Tx4126] asst::WordOcr [{ text: 账+, rect: [ 394 (594), 69 (499), 35, 28 ], score: 0.929161 }, { text: , rect: [ 0 (200), 235 (665), 22, 17 ], score: 0.000000 }] '
[2026-06-11 16:28:09] [DEBUG] [T:28060] [runner._check_one:483] [asst.log] 0e7b6a1b: pos 120206 → 120206, changed=False
[2026-06-11 16:28:11] [DEBUG] [T:28060] [runner._check_one:483] [asst.log] 0e7b6a1b: pos 120206 → 123698, changed=True
[2026-06-11 16:28:11] [DEBUG] [T:28060] [runner._check_one:489] [asst.log] head='[2026-06-11 16:28:09.573][TRC][Px25272][Tx4126] asst::WordOcr [{ text: PH.Alriehtsreseved, rect: [ 4 (344), 66 (686), 120, 11 ], score: 0.870103 }] by OCR Pipeline , cost 96 ms\n[2026-06-11 16:28:09.58'
[2026-06-11 16:28:11] [DEBUG] [T:28060] [runner._check_one:483] [asst.log] 0e7b6a1b: pos 123698 → 123698, changed=False
[2026-06-11 16:28:13] [DEBUG] [T:28060] [runner._check_one:483] [asst.log] 0e7b6a1b: pos 123698 → 126112, changed=True
[2026-06-11 16:28:13] [DEBUG] [T:28060] [runner._check_one:489] [asst.log] head='[2026-06-11 16:28:12.267][TRC][Px25272][Tx4126] end of sleep 1000\n[2026-06-11 16:28:12.625][INF][Px25272][Tx4126] Call ` D:\\Xiach\\MuMuPlayer\\nx_main\\adb.exe -s 127.0.0.1:16384 exec-out "screencap | gz'
[2026-06-11 16:28:13] [DEBUG] [T:28060] [runner._check_one:483] [asst.log] 0e7b6a1b: pos 126112 → 126112, changed=False
[2026-06-11 16:28:15] [DEBUG] [T:28060] [runner._check_one:483] [asst.log] 0e7b6a1b: pos 126112 → 128519, changed=True
[2026-06-11 16:28:15] [DEBUG] [T:28060] [runner._check_one:489] [asst.log] head='[2026-06-11 16:28:14.204][TRC][Px25272][Tx4126] end of sleep 1000\n[2026-06-11 16:28:14.416][INF][Px25272][Tx4126] Call ` D:\\Xiach\\MuMuPlayer\\nx_main\\adb.exe -s 127.0.0.1:16384 exec-out "screencap | gz'
[2026-06-11 16:28:15] [DEBUG] [T:28060] [runner._check_one:483] [asst.log] 0e7b6a1b: pos 128519 → 128519, changed=False
[2026-06-11 16:28:17] [DEBUG] [T:28060] [runner._check_one:483] [asst.log] 0e7b6a1b: pos 128519 → 130933, changed=True
[2026-06-11 16:28:17] [DEBUG] [T:28060] [runner._check_one:489] [asst.log] head='[2026-06-11 16:28:15.880][TRC][Px25272][Tx4126] end of sleep 1000\n[2026-06-11 16:28:16.097][INF][Px25272][Tx4126] Call ` D:\\Xiach\\MuMuPlayer\\nx_main\\adb.exe -s 127.0.0.1:16384 exec-out "screencap | gz'
[2026-06-11 16:28:17] [DEBUG] [T:28060] [runner._check_one:483] [asst.log] 0e7b6a1b: pos 130933 → 130933, changed=False
[2026-06-11 16:28:19] [DEBUG] [T:28060] [runner._check_one:483] [asst.log] 0e7b6a1b: pos 130933 → 133411, changed=True
[2026-06-11 16:28:19] [DEBUG] [T:28060] [runner._check_one:489] [asst.log] head='[2026-06-11 16:28:17.628][TRC][Px25272][Tx4126] end of sleep 1000\n[2026-06-11 16:28:17.818][INF][Px25272][Tx4126] Call ` D:\\Xiach\\MuMuPlayer\\nx_main\\adb.exe -s 127.0.0.1:16384 exec-out "screencap | gz'
[2026-06-11 16:28:19] [DEBUG] [T:28060] [runner._check_one:483] [asst.log] 0e7b6a1b: pos 133411 → 133411, changed=False
[2026-06-11 16:28:21] [DEBUG] [T:28060] [runner._check_one:483] [asst.log] 0e7b6a1b: pos 133411 → 136741, changed=True
[2026-06-11 16:28:21] [DEBUG] [T:28060] [runner._check_one:489] [asst.log] head='[2026-06-11 16:28:19.583][INF][Px25272][Tx4126] Call ` D:\\Xiach\\MuMuPlayer\\nx_main\\adb.exe -s 127.0.0.1:16384 exec-out "screencap | gzip -1" ` ret 0 , cost 193 ms , stdout size: 387395 , socket size: '
[2026-06-11 16:28:21] [DEBUG] [T:28060] [runner._check_one:483] [asst.log] 0e7b6a1b: pos 136741 → 136741, changed=False
[2026-06-11 16:28:23] [DEBUG] [T:28060] [runner._check_one:483] [asst.log] 0e7b6a1b: pos 136741 → 140574, changed=True
[2026-06-11 16:28:23] [DEBUG] [T:28060] [runner._check_one:489] [asst.log] head='[2026-06-11 16:28:21.497][TRC][Px25272][Tx4126] asst::WordOcr [{ text: , rect: [ 0 (500), 0 (50), 300, 150 ], score: 0.000000 }] by OCR Pipeline , cost 56 ms\n[2026-06-11 16:28:21.612][TRC][Px25272][Tx'
[2026-06-11 16:28:23] [DEBUG] [T:28060] [runner._check_one:483] [asst.log] 0e7b6a1b: pos 140574 → 140574, changed=False
[2026-06-11 16:28:25] [DEBUG] [T:28060] [runner._check_one:483] [asst.log] 0e7b6a1b: pos 140574 → 143171, changed=True
[2026-06-11 16:28:25] [DEBUG] [T:28060] [runner._check_one:489] [asst.log] head='[2026-06-11 16:28:24.434][TRC][Px25272][Tx4126] end of sleep 1000\n[2026-06-11 16:28:24.633][INF][Px25272][Tx4126] Call ` D:\\Xiach\\MuMuPlayer\\nx_main\\adb.exe -s 127.0.0.1:16384 exec-out "screencap | gz'
[2026-06-11 16:28:25] [DEBUG] [T:28060] [runner._check_one:483] [asst.log] 0e7b6a1b: pos 143171 → 143171, changed=False
[2026-06-11 16:28:27] [DEBUG] [T:28060] [runner._check_one:483] [asst.log] 0e7b6a1b: pos 143171 → 145583, changed=True
[2026-06-11 16:28:27] [DEBUG] [T:28060] [runner._check_one:489] [asst.log] head='[2026-06-11 16:28:26.117][TRC][Px25272][Tx4126] end of sleep 1000\n[2026-06-11 16:28:26.305][INF][Px25272][Tx4126] Call ` D:\\Xiach\\MuMuPlayer\\nx_main\\adb.exe -s 127.0.0.1:16384 exec-out "screencap | gz'
[2026-06-11 16:28:27] [DEBUG] [T:28060] [runner._check_one:483] [asst.log] 0e7b6a1b: pos 145583 → 145583, changed=False
[2026-06-11 16:28:29] [DEBUG] [T:28060] [runner._check_one:483] [asst.log] 0e7b6a1b: pos 145583 → 147996, changed=True
[2026-06-11 16:28:29] [DEBUG] [T:28060] [runner._check_one:489] [asst.log] head='[2026-06-11 16:28:27.789][TRC][Px25272][Tx4126] end of sleep 1000\n[2026-06-11 16:28:28.002][INF][Px25272][Tx4126] Call ` D:\\Xiach\\MuMuPlayer\\nx_main\\adb.exe -s 127.0.0.1:16384 exec-out "screencap | gz'
[2026-06-11 16:28:29] [DEBUG] [T:28060] [runner._check_one:483] [asst.log] 0e7b6a1b: pos 147996 → 147996, changed=False
[2026-06-11 16:28:31] [DEBUG] [T:28060] [runner._check_one:483] [asst.log] 0e7b6a1b: pos 147996 → 150675, changed=True
[2026-06-11 16:28:31] [DEBUG] [T:28060] [runner._check_one:489] [asst.log] head='[2026-06-11 16:28:29.554][TRC][Px25272][Tx4126] end of sleep 1000\n[2026-06-11 16:28:29.753][INF][Px25272][Tx4126] Call ` D:\\Xiach\\MuMuPlayer\\nx_main\\adb.exe -s 127.0.0.1:16384 exec-out "screencap | gz'
[2026-06-11 16:28:31] [DEBUG] [T:28060] [runner._check_one:483] [asst.log] 0e7b6a1b: pos 150675 → 150906, changed=True
[2026-06-11 16:28:31] [DEBUG] [T:28060] [runner._check_one:489] [asst.log] head='[2026-06-11 16:28:31.490][TRC][Px25272][Tx4126] asst::WordOcr [{ text: 账+, rect: [ 394 (594), 69 (499), 35, 28 ], score: 0.929161 }, { text: , rect: [ 0 (200), 235 (665), 22, 17 ], score: 0.000000 }] '
[2026-06-11 16:28:33] [DEBUG] [T:28060] [runner._check_one:483] [asst.log] 0e7b6a1b: pos 150906 → 154138, changed=True
[2026-06-11 16:28:33] [DEBUG] [T:28060] [runner._check_one:489] [asst.log] head='[2026-06-11 16:28:31.616][TRC][Px25272][Tx4126] asst::WordOcr [{ text: ;-, rect: [ 16 (389), 10 (155), 493, 282 ], score: 0.656645 }, { text: ARKNlCHTs, rect: [ 221 (594), 268 (413), 85, 14 ], score: '
[2026-06-11 16:28:33] [DEBUG] [T:28060] [runner._check_one:483] [asst.log] 0e7b6a1b: pos 154138 → 154138, changed=False
[2026-06-11 16:28:35] [DEBUG] [T:28060] [runner._check_one:483] [asst.log] 0e7b6a1b: pos 154138 → 157635, changed=True
[2026-06-11 16:28:35] [DEBUG] [T:28060] [runner._check_one:489] [asst.log] head='[2026-06-11 16:28:33.587][TRC][Px25272][Tx4126] asst::WordOcr [{ text: PH.Alriehtsreseved, rect: [ 4 (344), 66 (686), 120, 11 ], score: 0.870103 }] by OCR Pipeline , cost 118 ms\n[2026-06-11 16:28:33.5'
[2026-06-11 16:28:35] [DEBUG] [T:28060] [runner._check_one:483] [asst.log] 0e7b6a1b: pos 157635 → 157635, changed=False
[2026-06-11 16:28:37] [DEBUG] [T:28060] [runner._check_one:483] [asst.log] 0e7b6a1b: pos 157635 → 160044, changed=True
[2026-06-11 16:28:37] [DEBUG] [T:28060] [runner._check_one:489] [asst.log] head='[2026-06-11 16:28:36.306][TRC][Px25272][Tx4126] end of sleep 1000\n[2026-06-11 16:28:36.493][INF][Px25272][Tx4126] Call ` D:\\Xiach\\MuMuPlayer\\nx_main\\adb.exe -s 127.0.0.1:16384 exec-out "screencap | gz'
[2026-06-11 16:28:37] [DEBUG] [T:28060] [runner._check_one:483] [asst.log] 0e7b6a1b: pos 160044 → 160044, changed=False
[2026-06-11 16:28:39] [DEBUG] [T:28060] [runner._check_one:483] [asst.log] 0e7b6a1b: pos 160044 → 162458, changed=True
[2026-06-11 16:28:39] [DEBUG] [T:28060] [runner._check_one:489] [asst.log] head='[2026-06-11 16:28:37.988][TRC][Px25272][Tx4126] end of sleep 1000\n[2026-06-11 16:28:38.188][INF][Px25272][Tx4126] Call ` D:\\Xiach\\MuMuPlayer\\nx_main\\adb.exe -s 127.0.0.1:16384 exec-out "screencap | gz'
[2026-06-11 16:28:39] [DEBUG] [T:28060] [runner._check_one:483] [asst.log] 0e7b6a1b: pos 162458 → 162458, changed=False
[2026-06-11 16:28:41] [DEBUG] [T:28060] [runner._check_one:483] [asst.log] 0e7b6a1b: pos 162458 → 164932, changed=True
[2026-06-11 16:28:41] [DEBUG] [T:28060] [runner._check_one:489] [asst.log] head='[2026-06-11 16:28:39.665][TRC][Px25272][Tx4126] end of sleep 1000\n[2026-06-11 16:28:39.863][INF][Px25272][Tx4126] Call ` D:\\Xiach\\MuMuPlayer\\nx_main\\adb.exe -s 127.0.0.1:16384 exec-out "screencap | gz'
[2026-06-11 16:28:41] [DEBUG] [T:28060] [runner._check_one:483] [asst.log] 0e7b6a1b: pos 164932 → 164932, changed=False
[2026-06-11 16:28:43] [DEBUG] [T:28060] [runner._check_one:483] [asst.log] 0e7b6a1b: pos 164932 → 167960, changed=True
[2026-06-11 16:28:43] [DEBUG] [T:28060] [runner._check_one:489] [asst.log] head='[2026-06-11 16:28:41.553][INF][Px25272][Tx4126] Call ` D:\\Xiach\\MuMuPlayer\\nx_main\\adb.exe -s 127.0.0.1:16384 exec-out "screencap | gzip -1" ` ret 0 , cost 216 ms , stdout size: 380476 , socket size: '
[2026-06-11 16:28:43] [DEBUG] [T:28060] [runner._check_one:483] [asst.log] 0e7b6a1b: pos 167960 → 168283, changed=True
[2026-06-11 16:28:43] [DEBUG] [T:28060] [runner._check_one:489] [asst.log] head='[2026-06-11 16:28:43.496][TRC][Px25272][Tx4126] asst::WordOcr [{ text: ;N-, rect: [ 13 (386), 7 (152), 498, 285 ], score: 0.635400 }, { text: ARKNlCHTs, rect: [ 221 (594), 268 (413), 85, 14 ], score: '
[2026-06-11 16:28:45] [DEBUG] [T:28060] [runner._check_one:483] [asst.log] 0e7b6a1b: pos 168283 → 172282, changed=True
[2026-06-11 16:28:45] [DEBUG] [T:28060] [runner._check_one:489] [asst.log] head='[2026-06-11 16:28:43.506][TRC][Px25272][Tx4126] match_templ | StartUpConnectingFlag.png [opencv] score: 0.600944 rect: [ 6, 637, 440, 83 ] roi: [ 0, 635, 450, 85 ]\n[2026-06-11 16:28:43.569][TRC][Px252'
[2026-06-11 16:28:45] [DEBUG] [T:28060] [runner._check_one:483] [asst.log] 0e7b6a1b: pos 172282 → 172282, changed=False
[2026-06-11 16:28:47] [DEBUG] [T:28060] [runner._check_one:483] [asst.log] 0e7b6a1b: pos 172282 → 174692, changed=True
[2026-06-11 16:28:47] [DEBUG] [T:28060] [runner._check_one:489] [asst.log] head='[2026-06-11 16:28:46.423][TRC][Px25272][Tx4126] end of sleep 1000\n[2026-06-11 16:28:46.609][INF][Px25272][Tx4126] Call ` D:\\Xiach\\MuMuPlayer\\nx_main\\adb.exe -s 127.0.0.1:16384 exec-out "screencap | gz'
[2026-06-11 16:28:47] [DEBUG] [T:28060] [runner._check_one:483] [asst.log] 0e7b6a1b: pos 174692 → 174692, changed=False
[2026-06-11 16:28:49] [DEBUG] [T:28060] [runner._check_one:483] [asst.log] 0e7b6a1b: pos 174692 → 177099, changed=True
[2026-06-11 16:28:49] [DEBUG] [T:28060] [runner._check_one:489] [asst.log] head='[2026-06-11 16:28:48.092][TRC][Px25272][Tx4126] end of sleep 1000\n[2026-06-11 16:28:48.300][INF][Px25272][Tx4126] Call ` D:\\Xiach\\MuMuPlayer\\nx_main\\adb.exe -s 127.0.0.1:16384 exec-out "screencap | gz'
[2026-06-11 16:28:49] [DEBUG] [T:28060] [runner._check_one:483] [asst.log] 0e7b6a1b: pos 177099 → 177099, changed=False
[2026-06-11 16:28:51] [DEBUG] [T:28060] [runner._check_one:483] [asst.log] 0e7b6a1b: pos 177099 → 179574, changed=True
[2026-06-11 16:28:51] [DEBUG] [T:28060] [runner._check_one:489] [asst.log] head='[2026-06-11 16:28:49.781][TRC][Px25272][Tx4126] end of sleep 1000\n[2026-06-11 16:28:49.973][INF][Px25272][Tx4126] Call ` D:\\Xiach\\MuMuPlayer\\nx_main\\adb.exe -s 127.0.0.1:16384 exec-out "screencap | gz'
[2026-06-11 16:28:51] [DEBUG] [T:28060] [runner._check_one:483] [asst.log] 0e7b6a1b: pos 179574 → 179574, changed=False
[2026-06-11 16:28:53] [DEBUG] [T:28060] [runner._check_one:483] [asst.log] 0e7b6a1b: pos 179574 → 182418, changed=True
[2026-06-11 16:28:53] [DEBUG] [T:28060] [runner._check_one:489] [asst.log] head='[2026-06-11 16:28:51.614][INF][Px25272][Tx4126] Call ` D:\\Xiach\\MuMuPlayer\\nx_main\\adb.exe -s 127.0.0.1:16384 exec-out "screencap | gzip -1" ` ret 0 , cost 187 ms , stdout size: 385773 , socket size: '
[2026-06-11 16:28:53] [DEBUG] [T:28060] [runner._check_one:483] [asst.log] 0e7b6a1b: pos 182418 → 182745, changed=True
[2026-06-11 16:28:53] [DEBUG] [T:28060] [runner._check_one:489] [asst.log] head='[2026-06-11 16:28:53.489][TRC][Px25272][Tx4126] asst::WordOcr [{ text: 咖;N-, rect: [ 18 (391), 19 (164), 488, 270 ], score: 0.651462 }, { text: ARKNlCHTs, rect: [ 221 (594), 268 (413), 85, 14 ], score'
[2026-06-11 16:28:55] [DEBUG] [T:28060] [runner._check_one:483] [asst.log] 0e7b6a1b: pos 182745 → 186737, changed=True
[2026-06-11 16:28:55] [DEBUG] [T:28060] [runner._check_one:489] [asst.log] head='[2026-06-11 16:28:53.501][TRC][Px25272][Tx4126] match_templ | StartUpConnectingFlag.png [opencv] score: 0.600944 rect: [ 6, 637, 440, 83 ] roi: [ 0, 635, 450, 85 ]\n[2026-06-11 16:28:53.569][TRC][Px252'
[2026-06-11 16:28:55] [DEBUG] [T:28060] [runner._check_one:483] [asst.log] 0e7b6a1b: pos 186737 → 186737, changed=False
[2026-06-11 16:28:57] [DEBUG] [T:28060] [runner._check_one:483] [asst.log] 0e7b6a1b: pos 186737 → 189150, changed=True
[2026-06-11 16:28:57] [DEBUG] [T:28060] [runner._check_one:489] [asst.log] head='[2026-06-11 16:28:56.461][TRC][Px25272][Tx4126] end of sleep 1000\n[2026-06-11 16:28:56.652][INF][Px25272][Tx4126] Call ` D:\\Xiach\\MuMuPlayer\\nx_main\\adb.exe -s 127.0.0.1:16384 exec-out "screencap | gz'
[2026-06-11 16:28:57] [DEBUG] [T:28060] [runner._check_one:483] [asst.log] 0e7b6a1b: pos 189150 → 189150, changed=False
[2026-06-11 16:28:59] [DEBUG] [T:28060] [runner._check_one:483] [asst.log] 0e7b6a1b: pos 189150 → 191747, changed=True
[2026-06-11 16:28:59] [DEBUG] [T:28060] [runner._check_one:489] [asst.log] head='[2026-06-11 16:28:58.128][TRC][Px25272][Tx4126] end of sleep 1000\n[2026-06-11 16:28:58.311][INF][Px25272][Tx4126] Call ` D:\\Xiach\\MuMuPlayer\\nx_main\\adb.exe -s 127.0.0.1:16384 exec-out "screencap | gz'
[2026-06-11 16:28:59] [DEBUG] [T:28060] [runner._check_one:483] [asst.log] 0e7b6a1b: pos 191747 → 191747, changed=False
[2026-06-11 16:29:01] [DEBUG] [T:28060] [runner._check_one:483] [asst.log] 0e7b6a1b: pos 191747 → 194153, changed=True
[2026-06-11 16:29:01] [DEBUG] [T:28060] [runner._check_one:489] [asst.log] head='[2026-06-11 16:28:59.837][TRC][Px25272][Tx4126] end of sleep 1000\n[2026-06-11 16:29:00.033][INF][Px25272][Tx4126] Call ` D:\\Xiach\\MuMuPlayer\\nx_main\\adb.exe -s 127.0.0.1:16384 exec-out "screencap | gz'
[2026-06-11 16:29:01] [DEBUG] [T:28060] [runner._check_one:483] [asst.log] 0e7b6a1b: pos 194153 → 194219, changed=True
[2026-06-11 16:29:01] [DEBUG] [T:28060] [runner._check_one:489] [asst.log] head='[2026-06-11 16:29:01.488][TRC][Px25272][Tx4126] end of sleep 1000\n'
[2026-06-11 16:29:03] [DEBUG] [T:28060] [runner._check_one:483] [asst.log] 0e7b6a1b: pos 194219 → 200224, changed=True
[2026-06-11 16:29:03] [DEBUG] [T:28060] [runner._check_one:489] [asst.log] head='[2026-06-11 16:29:01.686][INF][Px25272][Tx4126] Call ` D:\\Xiach\\MuMuPlayer\\nx_main\\adb.exe -s 127.0.0.1:16384 exec-out "screencap | gzip -1" ` ret 0 , cost 197 ms , stdout size: 384997 , socket size: '
[2026-06-11 16:29:03] [DEBUG] [T:28060] [runner._check_one:483] [asst.log] 0e7b6a1b: pos 200224 → 200224, changed=False
[2026-06-11 16:29:05] [DEBUG] [T:28060] [runner._check_one:483] [asst.log] 0e7b6a1b: pos 200224 → 202308, changed=True
[2026-06-11 16:29:05] [DEBUG] [T:28060] [runner._check_one:489] [asst.log] head='[2026-06-11 16:29:03.977][TRC][Px25272][Tx4126] end of sleep 500\n[2026-06-11 16:29:04.180][INF][Px25272][Tx4126] Call ` D:\\Xiach\\MuMuPlayer\\nx_main\\adb.exe -s 127.0.0.1:16384 exec-out "screencap | gzi'
[2026-06-11 16:29:05] [DEBUG] [T:28060] [runner._check_one:483] [asst.log] 0e7b6a1b: pos 202308 → 202308, changed=False
[2026-06-11 16:29:07] [DEBUG] [T:28060] [runner._check_one:483] [asst.log] 0e7b6a1b: pos 202308 → 204659, changed=True
[2026-06-11 16:29:07] [DEBUG] [T:28060] [runner._check_one:489] [asst.log] head='[2026-06-11 16:29:05.618][TRC][Px25272][Tx4126] end of sleep 500\n[2026-06-11 16:29:05.806][INF][Px25272][Tx4126] Call ` D:\\Xiach\\MuMuPlayer\\nx_main\\adb.exe -s 127.0.0.1:16384 exec-out "screencap | gzi'
[2026-06-11 16:29:07] [DEBUG] [T:28060] [runner._check_one:483] [asst.log] 0e7b6a1b: pos 204659 → 204659, changed=False
[2026-06-11 16:29:09] [DEBUG] [T:28060] [runner._check_one:483] [asst.log] 0e7b6a1b: pos 204659 → 209592, changed=True
[2026-06-11 16:29:09] [DEBUG] [T:28060] [runner._check_one:489] [asst.log] head='[2026-06-11 16:29:07.554][TRC][Px25272][Tx4126] asst::WordOcr [{ text: , rect: [ 0 (500), 0 (50), 300, 150 ], score: 0.000000 }] by OCR Pipeline , cost 65 ms\n[2026-06-11 16:29:07.554][INF][Px25272][Tx'
[2026-06-11 16:29:09] [DEBUG] [T:28060] [runner._check_one:483] [asst.log] 0e7b6a1b: pos 209592 → 209592, changed=False
[2026-06-11 16:29:11] [DEBUG] [T:28060] [runner._check_one:483] [asst.log] 0e7b6a1b: pos 209592 → 212656, changed=True
[2026-06-11 16:29:11] [DEBUG] [T:28060] [runner._check_one:489] [asst.log] head='[2026-06-11 16:29:09.585][INF][Px25272][Tx4126] Call ` D:\\Xiach\\MuMuPlayer\\nx_main\\adb.exe -s 127.0.0.1:16384 exec-out "screencap | gzip -1" ` ret 0 , cost 203 ms , stdout size: 384890 , socket size: '
[2026-06-11 16:29:11] [DEBUG] [T:28060] [runner._check_one:483] [asst.log] 0e7b6a1b: pos 212656 → 212656, changed=False
[2026-06-11 16:29:13] [DEBUG] [T:28060] [runner._cleanup:622] [完成] 阿仄仄仄 MAA 自行退出 (PostActions=6)
[2026-06-11 16:29:13] [INFO ] [T:28060] [app._log:192] [完成] 阿仄仄仄 退出码=0 耗时=2m20s 🧠 StartUp,Award,Annihilation,Fight
[2026-06-11 16:29:13] [INFO ] [T:28060] [app._log:192] [账号] 阿仄仄仄 状态: completed (exit=0)
[2026-06-11 16:29:15] [INFO ] [T:28060] [app._log:192] [资源] 内存已恢复 (6.3GB 可用)，继续启动
[2026-06-11 16:29:32] [INFO ] [T:28060] [app._log:192] [队列] 阿仄仄仄 入队 (force)
[2026-06-11 16:29:32] [INFO ] [T:28060] [app._log:192] [队列] 樄耳东c 入队 (force)
[2026-06-11 16:29:32] [INFO ] [T:28060] [app._log:192] ▶ 强制调度刷关: 2 个账号已入队
[2026-06-11 16:29:34] [INFO ] [T:28060] [app._log:192] [启动] ADB(127.0.0.1:16384) Emu(0) 实例#1
[2026-06-11 16:29:34] [INFO ] [T:28060] [app._log:192] [启动] 阿仄仄仄
[2026-06-11 16:29:34] [INFO ] [T:28060] [app._log:192] 启动模拟器 #0
[2026-06-11 16:29:34] [INFO ] [T:28060] [app._log:192] 等待模拟器就绪 (最长 30s)...
[2026-06-11 16:29:38] [INFO ] [T:28060] [app._log:192] 模拟器 #0 已就绪
[2026-06-11 16:29:39] [INFO ] [T:28060] [app._log:192] [启动] ADB(127.0.0.1:16416) Emu(1) 实例#1
[2026-06-11 16:29:39] [INFO ] [T:28060] [app._log:192] [启动] 樄耳东c
[2026-06-11 16:29:39] [INFO ] [T:28060] [app._log:192] 模拟器 #1 已在运行
[2026-06-11 16:29:39] [INFO ] [T:28060] [app._log:192] 等待模拟器就绪 (最长 30s)...
[2026-06-11 16:29:39] [INFO ] [T:28060] [app._log:192] 模拟器 #1 已就绪
[2026-06-11 16:29:39] [INFO ] [T:28060] [app._log:192] 🧠 智能调度: StartUp,Award,Fight,Infrast,Recruit,Mall
[2026-06-11 16:29:39] [INFO ] [T:13996] [injector._write:567] 写入 gui.json (use_v6=False, tasks=0, infra_mode=Normal)
[2026-06-11 16:29:39] [INFO ] [T:13996] [injector._write:567] 写入 gui.new.json (use_v6=True, tasks=9, infra_mode=Normal)
[2026-06-11 16:29:39] [INFO ] [T:28060] [app._log:192] 注入配置: D:\1-2\MAAOrch\services\maa\instances\1\config/
[2026-06-11 16:29:39] [INFO ] [T:28060] [app._log:192] ✓ 启动 MAA PID=29320
[2026-06-11 16:29:40] [INFO ] [T:28060] [app._log:192] 🧠 智能调度: StartUp,Award,Fight,Infrast,Recruit,Mall
[2026-06-11 16:29:40] [INFO ] [T:27908] [injector._write:567] 写入 gui.json (use_v6=False, tasks=0, infra_mode=Normal)
[2026-06-11 16:29:40] [INFO ] [T:27908] [injector._write:567] 写入 gui.new.json (use_v6=True, tasks=9, infra_mode=Normal)
[2026-06-11 16:29:40] [INFO ] [T:28060] [app._log:192] 注入配置: D:\1-2\MAAOrch\services\maa\instances\1\config/
[2026-06-11 16:29:40] [INFO ] [T:28060] [app._log:192] ✓ 启动 MAA PID=27084
[2026-06-11 16:29:41] [DEBUG] [T:28060] [runner._check_one:483] [asst.log] 0e7b6a1b: pos 0 → 0, changed=False
[2026-06-11 16:29:41] [DEBUG] [T:28060] [runner._check_one:483] [asst.log] 4f9d5e58: pos 0 → 0, changed=False
[2026-06-11 16:29:41] [DEBUG] [T:28060] [runner._check_one:483] [asst.log] 0e7b6a1b: pos 0 → 0, changed=False
[2026-06-11 16:29:41] [DEBUG] [T:28060] [runner._check_one:483] [asst.log] 4f9d5e58: pos 0 → 0, changed=False
[2026-06-11 16:29:43] [DEBUG] [T:28060] [runner._check_one:483] [asst.log] 0e7b6a1b: pos 0 → 6963, changed=True
[2026-06-11 16:29:43] [DEBUG] [T:28060] [runner._check_one:489] [asst.log] head='[2026-06-11 16:29:42.950][TRC][Px29320][Tx44308] -----------------------------\n[2026-06-11 16:29:42.950][TRC][Px29320][Tx44308] MaaCore Process Start\n[2026-06-11 16:29:42.950][TRC][Px29320][Tx44308] V'
[2026-06-11 16:29:43] [DEBUG] [T:28060] [runner._check_one:483] [asst.log] 4f9d5e58: pos 0 → 7042, changed=True
[2026-06-11 16:29:43] [DEBUG] [T:28060] [runner._check_one:489] [asst.log] head='[2026-06-11 16:29:42.950][TRC][Px29320][Tx44308] -----------------------------\n[2026-06-11 16:29:42.950][TRC][Px29320][Tx44308] MaaCore Process Start\n[2026-06-11 16:29:42.950][TRC][Px29320][Tx44308] V'
[2026-06-11 16:29:43] [DEBUG] [T:28060] [runner._check_one:483] [asst.log] 0e7b6a1b: pos 6963 → 7328, changed=True
[2026-06-11 16:29:43] [DEBUG] [T:28060] [runner._check_one:489] [asst.log] head='[2026-06-11 16:29:43.491][TRC][Px29320][Tx44308] asst::TilePack::parse | enter\n[2026-06-11 16:29:43.502][TRC][Px29320][Tx44308] asst::TilePack::parse | leave, 9 ms\n[2026-06-11 16:29:43.507][TRC][Px293'
[2026-06-11 16:29:43] [DEBUG] [T:28060] [runner._check_one:483] [asst.log] 4f9d5e58: pos 7042 → 7328, changed=True
[2026-06-11 16:29:43] [DEBUG] [T:28060] [runner._check_one:489] [asst.log] head='[2026-06-11 16:29:43.502][TRC][Px29320][Tx44308] asst::TilePack::parse | leave, 9 ms\n[2026-06-11 16:29:43.507][TRC][Px29320][Tx44308] asst::TilePack :: asst::AbstractConfig::load | leave, 33 ms\n[2026-'
[2026-06-11 16:29:45] [DEBUG] [T:28060] [runner._check_one:483] [asst.log] 0e7b6a1b: pos 7328 → 24284, changed=True
[2026-06-11 16:29:45] [DEBUG] [T:28060] [runner._check_one:489] [asst.log] head='[2026-06-11 16:29:43.524][TRC][Px29320][Tx44308] asst::RoguelikeCopilotConfig::load | leave, 15 ms\n[2026-06-11 16:29:43.524][TRC][Px29320][Tx44308] asst::RoguelikeCopilotConfig::load | enter\n[2026-06-'
[2026-06-11 16:29:45] [DEBUG] [T:28060] [runner._cleanup:622] [完成] 樄耳东c MAA 自行退出 (PostActions=6)
[2026-06-11 16:29:45] [INFO ] [T:28060] [app._log:192] [完成] 樄耳东c 退出码=0 耗时=0m5s 🧠 StartUp,Award,Fight,Infrast,Recruit,Mall
[2026-06-11 16:29:45] [INFO ] [T:28060] [app._log:192] [账号] 樄耳东c 状态: completed (exit=0)
[2026-06-11 16:29:45] [DEBUG] [T:28060] [runner._check_one:483] [asst.log] 0e7b6a1b: pos 24284 → 24284, changed=False
[2026-06-11 16:29:47] [DEBUG] [T:28060] [runner._check_one:483] [asst.log] 0e7b6a1b: pos 24284 → 25779, changed=True
[2026-06-11 16:29:47] [DEBUG] [T:28060] [runner._check_one:489] [asst.log] head='[2026-06-11 16:29:47.269][INF][Px29320][Tx16703] MuMuEmulator12 {\n}\n[2026-06-11 16:29:47.269][INF][Px29320][Tx16703] asst::Assistant::set_instance_option | key 6 value \n[2026-06-11 16:29:47.269][TRC]['
[2026-06-11 16:29:47] [DEBUG] [T:28060] [runner._check_one:483] [asst.log] 0e7b6a1b: pos 25779 → 25779, changed=False
[2026-06-11 16:29:49] [DEBUG] [T:28060] [runner._check_one:483] [asst.log] 0e7b6a1b: pos 25779 → 30980, changed=True
[2026-06-11 16:29:49] [DEBUG] [T:28060] [runner._check_one:489] [asst.log] head='[2026-06-11 16:29:47.677][INF][Px29320][Tx16703] Call ` D:\\Xiach\\MuMuPlayer\\nx_main\\adb.exe -s 127.0.0.1:16384 shell settings get secure android_id ` ret 0 , cost 225 ms , stdout size: 18 , socket siz'
[2026-06-11 16:29:49] [DEBUG] [T:28060] [runner._check_one:483] [asst.log] 0e7b6a1b: pos 30980 → 30980, changed=False
[2026-06-11 16:29:51] [DEBUG] [T:28060] [runner._check_one:483] [asst.log] 0e7b6a1b: pos 30980 → 31699, changed=True
[2026-06-11 16:29:51] [DEBUG] [T:28060] [runner._check_one:489] [asst.log] head='[2026-06-11 16:29:50.171][INF][Px29320][Tx16703] Call ` D:\\Xiach\\MuMuPlayer\\nx_main\\adb.exe -s 127.0.0.1:16384 exec-out "screencap | nc -w 3 10.0.2.2 54818" ` ret 0 , cost 970 ms , stdout size: 0 , so'
[2026-06-11 16:29:51] [DEBUG] [T:28060] [runner._check_one:483] [asst.log] 0e7b6a1b: pos 31699 → 31699, changed=False
[2026-06-11 16:29:53] [DEBUG] [T:28060] [runner._check_one:483] [asst.log] 0e7b6a1b: pos 31699 → 41197, changed=True
[2026-06-11 16:29:53] [DEBUG] [T:28060] [runner._check_one:489] [asst.log] head='[2026-06-11 16:29:52.091][INF][Px29320][Tx16703] Call ` D:\\Xiach\\MuMuPlayer\\nx_main\\adb.exe -s 127.0.0.1:16384 exec-out screencap -p ` ret 0 , cost 1251 ms , stdout size: 890243 , socket size: 0\n[2026'
[2026-06-11 16:29:53] [DEBUG] [T:28060] [runner._check_one:483] [asst.log] 0e7b6a1b: pos 41197 → 41197, changed=False
[2026-06-11 16:29:55] [DEBUG] [T:28060] [runner._check_one:483] [asst.log] 0e7b6a1b: pos 41197 → 43878, changed=True
[2026-06-11 16:29:55] [DEBUG] [T:28060] [runner._check_one:489] [asst.log] head='[2026-06-11 16:29:54.103][TRC][Px29320][Tx29406] end of sleep 1500\n[2026-06-11 16:29:54.271][INF][Px29320][Tx29406] Call ` D:\\Xiach\\MuMuPlayer\\nx_main\\adb.exe -s 127.0.0.1:16384 shell am start -n com.'
[2026-06-11 16:29:55] [DEBUG] [T:28060] [runner._check_one:483] [asst.log] 0e7b6a1b: pos 43878 → 43878, changed=False
[2026-06-11 16:29:57] [INFO ] [T:28060] [app._log:192] [资源] 系统可用内存 3.7GB 不足，暂停新启动
[2026-06-11 16:29:57] [DEBUG] [T:28060] [runner._check_one:483] [asst.log] 0e7b6a1b: pos 43878 → 45392, changed=True
[2026-06-11 16:29:57] [DEBUG] [T:28060] [runner._check_one:489] [asst.log] head='[2026-06-11 16:29:56.255][TRC][Px29320][Tx29406] end of sleep 1000\n[2026-06-11 16:29:56.255][INF][Px29320][Tx29406] {"class":"asst::ProcessTask","cur_task":"StartUpBegin","details":{"cur_retry":0,"ret'
[2026-06-11 16:29:57] [DEBUG] [T:28060] [runner._check_one:483] [asst.log] 0e7b6a1b: pos 45392 → 45392, changed=False
[2026-06-11 16:29:59] [DEBUG] [T:28060] [runner._check_one:483] [asst.log] 0e7b6a1b: pos 45392 → 47745, changed=True
[2026-06-11 16:29:59] [DEBUG] [T:28060] [runner._check_one:489] [asst.log] head='[2026-06-11 16:29:57.743][TRC][Px29320][Tx29406] asst::WordOcr [{ text: ., rect: [ 0 (200), 0 (430), 430, 260 ], score: 0.578920 }] by OCR Pipeline , cost 608 ms\n[2026-06-11 16:29:57.866][TRC][Px29320'
[2026-06-11 16:29:59] [DEBUG] [T:28060] [runner._check_one:483] [asst.log] 0e7b6a1b: pos 47745 → 47745, changed=False
[2026-06-11 16:30:01] [DEBUG] [T:28060] [runner._check_one:483] [asst.log] 0e7b6a1b: pos 47745 → 50365, changed=True
[2026-06-11 16:30:01] [DEBUG] [T:28060] [runner._check_one:489] [asst.log] head='[2026-06-11 16:29:59.507][TRC][Px29320][Tx29406] end of sleep 1000\n[2026-06-11 16:29:59.790][INF][Px29320][Tx29406] Call ` D:\\Xiach\\MuMuPlayer\\nx_main\\adb.exe -s 127.0.0.1:16384 exec-out "screencap | '
[2026-06-11 16:30:01] [DEBUG] [T:28060] [runner._check_one:483] [asst.log] 0e7b6a1b: pos 50365 → 50365, changed=False
[2026-06-11 16:30:03] [DEBUG] [T:28060] [runner._check_one:483] [asst.log] 0e7b6a1b: pos 50365 → 54492, changed=True
[2026-06-11 16:30:03] [DEBUG] [T:28060] [runner._check_one:489] [asst.log] head='[2026-06-11 16:30:01.554][TRC][Px29320][Tx29406] end of sleep 1000\n[2026-06-11 16:30:01.755][INF][Px29320][Tx29406] Call ` D:\\Xiach\\MuMuPlayer\\nx_main\\adb.exe -s 127.0.0.1:16384 exec-out "screencap | '
[2026-06-11 16:30:03] [DEBUG] [T:28060] [runner._check_one:483] [asst.log] 0e7b6a1b: pos 54492 → 54492, changed=False
[2026-06-11 16:30:05] [DEBUG] [T:28060] [runner._check_one:483] [asst.log] 0e7b6a1b: pos 54492 → 58620, changed=True
[2026-06-11 16:30:05] [DEBUG] [T:28060] [runner._check_one:489] [asst.log] head='[2026-06-11 16:30:03.793][TRC][Px29320][Tx29406] end of sleep 1000\n[2026-06-11 16:30:03.994][INF][Px29320][Tx29406] Call ` D:\\Xiach\\MuMuPlayer\\nx_main\\adb.exe -s 127.0.0.1:16384 exec-out "screencap | '
[2026-06-11 16:30:05] [DEBUG] [T:28060] [runner._check_one:483] [asst.log] 0e7b6a1b: pos 58620 → 58620, changed=False
[2026-06-11 16:30:07] [DEBUG] [T:28060] [runner._check_one:483] [asst.log] 0e7b6a1b: pos 58620 → 61629, changed=True
[2026-06-11 16:30:07] [DEBUG] [T:28060] [runner._check_one:489] [asst.log] head='[2026-06-11 16:30:06.107][TRC][Px29320][Tx29406] end of sleep 1000\n[2026-06-11 16:30:06.303][INF][Px29320][Tx29406] Call ` D:\\Xiach\\MuMuPlayer\\nx_main\\adb.exe -s 127.0.0.1:16384 exec-out "screencap | '
[2026-06-11 16:30:07] [DEBUG] [T:28060] [runner._check_one:483] [asst.log] 0e7b6a1b: pos 61629 → 61629, changed=False
[2026-06-11 16:30:09] [DEBUG] [T:28060] [runner._check_one:483] [asst.log] 0e7b6a1b: pos 61629 → 65385, changed=True
[2026-06-11 16:30:09] [DEBUG] [T:28060] [runner._check_one:489] [asst.log] head='[2026-06-11 16:30:07.510][TRC][Px29320][Tx29406] asst::WordOcr [{ text: 玄、眼睛或面部抽搐, rect: [ 0 (900), 5 (505), 193, 21 ], score: 0.984043 }, { text: 识只丧失疼辈,进, rect: [ 2 (902), 33 (533), 211, 16 ], score'
[2026-06-11 16:30:09] [DEBUG] [T:28060] [runner._check_one:483] [asst.log] 0e7b6a1b: pos 65385 → 65385, changed=False
[2026-06-11 16:30:11] [DEBUG] [T:28060] [runner._check_one:483] [asst.log] 0e7b6a1b: pos 65385 → 69228, changed=True
[2026-06-11 16:30:11] [DEBUG] [T:28060] [runner._check_one:489] [asst.log] head='[2026-06-11 16:30:09.527][TRC][Px29320][Tx29406] asst::WordOcr [{ text: ., rect: [ 0 (36), 0 (226), 482, 269 ], score: 0.837759 }] by OCR Pipeline , cost 55 ms\n[2026-06-11 16:30:09.528][INF][Px29320]['
[2026-06-11 16:30:11] [DEBUG] [T:28060] [runner._check_one:483] [asst.log] 0e7b6a1b: pos 69228 → 69228, changed=False
[2026-06-11 16:30:13] [DEBUG] [T:28060] [runner._check_one:483] [asst.log] 0e7b6a1b: pos 69228 → 71846, changed=True
[2026-06-11 16:30:13] [DEBUG] [T:28060] [runner._check_one:489] [asst.log] head='[2026-06-11 16:30:12.419][TRC][Px29320][Tx29406] end of sleep 1000\n[2026-06-11 16:30:12.633][INF][Px29320][Tx29406] Call ` D:\\Xiach\\MuMuPlayer\\nx_main\\adb.exe -s 127.0.0.1:16384 exec-out "screencap | '
[2026-06-11 16:30:13] [DEBUG] [T:28060] [runner._check_one:483] [asst.log] 0e7b6a1b: pos 71846 → 71846, changed=False
[2026-06-11 16:30:15] [DEBUG] [T:28060] [runner._check_one:483] [asst.log] 0e7b6a1b: pos 71846 → 74652, changed=True
[2026-06-11 16:30:15] [DEBUG] [T:28060] [runner._check_one:489] [asst.log] head='[2026-06-11 16:30:14.313][TRC][Px29320][Tx29406] end of sleep 1000\n[2026-06-11 16:30:14.549][INF][Px29320][Tx29406] Call ` D:\\Xiach\\MuMuPlayer\\nx_main\\adb.exe -s 127.0.0.1:16384 exec-out "screencap | '
[2026-06-11 16:30:15] [DEBUG] [T:28060] [runner._check_one:483] [asst.log] 0e7b6a1b: pos 74652 → 74652, changed=False
[2026-06-11 16:30:17] [DEBUG] [T:28060] [runner._check_one:483] [asst.log] 0e7b6a1b: pos 74652 → 77273, changed=True
[2026-06-11 16:30:17] [DEBUG] [T:28060] [runner._check_one:489] [asst.log] head='[2026-06-11 16:30:16.257][TRC][Px29320][Tx29406] end of sleep 1000\n[2026-06-11 16:30:16.487][INF][Px29320][Tx29406] Call ` D:\\Xiach\\MuMuPlayer\\nx_main\\adb.exe -s 127.0.0.1:16384 exec-out "screencap | '
[2026-06-11 16:30:17] [DEBUG] [T:28060] [runner._check_one:483] [asst.log] 0e7b6a1b: pos 77273 → 77273, changed=False
[2026-06-11 16:30:19] [DEBUG] [T:28060] [runner._check_one:483] [asst.log] 0e7b6a1b: pos 77273 → 79385, changed=True
[2026-06-11 16:30:19] [DEBUG] [T:28060] [runner._check_one:489] [asst.log] head='[2026-06-11 16:30:18.278][TRC][Px29320][Tx29406] end of sleep 1000\n[2026-06-11 16:30:18.604][INF][Px29320][Tx29406] Call ` D:\\Xiach\\MuMuPlayer\\nx_main\\adb.exe -s 127.0.0.1:16384 exec-out "screencap | '
[2026-06-11 16:30:19] [DEBUG] [T:28060] [runner._check_one:483] [asst.log] 0e7b6a1b: pos 79385 → 79385, changed=False
[2026-06-11 16:30:21] [DEBUG] [T:28060] [runner._check_one:483] [asst.log] 0e7b6a1b: pos 79385 → 83800, changed=True
[2026-06-11 16:30:21] [DEBUG] [T:28060] [runner._check_one:489] [asst.log] head='[2026-06-11 16:30:19.521][TRC][Px29320][Tx29406] asst::WordOcr [{ text: 广袤,资源丰富,与多个核心, rect: [ 2 (902), 31 (531), 255, 16 ], score: 0.847521 }, { text: 旨在泰拉大地上建立自己主导, rect: [ 13 (913), 57 (557), 246, '
[2026-06-11 16:30:21] [DEBUG] [T:28060] [runner._check_one:483] [asst.log] 0e7b6a1b: pos 83800 → 83800, changed=False
[2026-06-11 16:30:23] [DEBUG] [T:28060] [runner._check_one:483] [asst.log] 0e7b6a1b: pos 83800 → 83800, changed=False
[2026-06-11 16:30:23] [DEBUG] [T:28060] [runner._check_one:483] [asst.log] 0e7b6a1b: pos 83800 → 83800, changed=False
[2026-06-11 16:30:25] [DEBUG] [T:28060] [runner._check_one:483] [asst.log] 0e7b6a1b: pos 83800 → 83800, changed=False
[2026-06-11 16:30:25] [DEBUG] [T:28060] [runner._check_one:483] [asst.log] 0e7b6a1b: pos 83800 → 83800, changed=False
[2026-06-11 16:30:27] [DEBUG] [T:28060] [runner._check_one:483] [asst.log] 0e7b6a1b: pos 83800 → 85338, changed=True
[2026-06-11 16:30:27] [DEBUG] [T:28060] [runner._check_one:489] [asst.log] head='[2026-06-11 16:30:26.483][TRC][Px29320][Tx29406] end of sleep 5000\n[2026-06-11 16:30:26.483][INF][Px29320][Tx29406] Assistant::append_callback | SubTaskCompleted {"class":"asst::ProcessTask","details"'
[2026-06-11 16:30:27] [DEBUG] [T:28060] [runner._check_one:483] [asst.log] 0e7b6a1b: pos 85338 → 85338, changed=False
[2026-06-11 16:30:29] [DEBUG] [T:28060] [runner._check_one:483] [asst.log] 0e7b6a1b: pos 85338 → 87297, changed=True
[2026-06-11 16:30:29] [DEBUG] [T:28060] [runner._check_one:489] [asst.log] head='[2026-06-11 16:30:27.733][INF][Px29320][Tx29406] Call ` D:\\Xiach\\MuMuPlayer\\nx_main\\adb.exe -s 127.0.0.1:16384 exec-out "screencap | gzip -1" ` ret 0 , cost 249 ms , stdout size: 585709 , socket size:'
[2026-06-11 16:30:29] [DEBUG] [T:28060] [runner._check_one:483] [asst.log] 0e7b6a1b: pos 87297 → 87297, changed=False
[2026-06-11 16:30:31] [DEBUG] [T:28060] [runner._check_one:483] [asst.log] 0e7b6a1b: pos 87297 → 87974, changed=True
[2026-06-11 16:30:31] [DEBUG] [T:28060] [runner._check_one:489] [asst.log] head='[2026-06-11 16:30:31.084][TRC][Px29320][Tx29406] end of sleep 3000\n[2026-06-11 16:30:31.084][INF][Px29320][Tx29406] Assistant::append_callback | SubTaskCompleted {"class":"asst::ProcessTask","details"'
[2026-06-11 16:30:31] [DEBUG] [T:28060] [runner._check_one:483] [asst.log] 0e7b6a1b: pos 87974 → 87974, changed=False
[2026-06-11 16:30:33] [DEBUG] [T:28060] [runner._check_one:483] [asst.log] 0e7b6a1b: pos 87974 → 90798, changed=True
[2026-06-11 16:30:33] [DEBUG] [T:28060] [runner._check_one:489] [asst.log] head='[2026-06-11 16:30:32.085][TRC][Px29320][Tx29406] end of sleep 1000\n[2026-06-11 16:30:32.085][INF][Px29320][Tx29406] {"class":"asst::ProcessTask","cur_task":"StartUp@GameStart","details":{"cur_retry":0'
[2026-06-11 16:30:33] [DEBUG] [T:28060] [runner._check_one:483] [asst.log] 0e7b6a1b: pos 90798 → 90798, changed=False
[2026-06-11 16:30:35] [DEBUG] [T:28060] [runner._check_one:483] [asst.log] 0e7b6a1b: pos 90798 → 92847, changed=True
[2026-06-11 16:30:35] [DEBUG] [T:28060] [runner._check_one:489] [asst.log] head='[2026-06-11 16:30:33.781][TRC][Px29320][Tx29406] end of sleep 1000\n[2026-06-11 16:30:34.016][INF][Px29320][Tx29406] Call ` D:\\Xiach\\MuMuPlayer\\nx_main\\adb.exe -s 127.0.0.1:16384 exec-out "screencap | '
[2026-06-11 16:30:35] [DEBUG] [T:28060] [runner._check_one:483] [asst.log] 0e7b6a1b: pos 92847 → 92847, changed=False
[2026-06-11 16:30:37] [DEBUG] [T:28060] [runner._check_one:483] [asst.log] 0e7b6a1b: pos 92847 → 95353, changed=True
[2026-06-11 16:30:37] [DEBUG] [T:28060] [runner._check_one:489] [asst.log] head='[2026-06-11 16:30:35.659][INF][Px29320][Tx29406] Call ` D:\\Xiach\\MuMuPlayer\\nx_main\\adb.exe -s 127.0.0.1:16384 exec-out "screencap | gzip -1" ` ret 0 , cost 175 ms , stdout size: 17908 , socket size: '
[2026-06-11 16:30:37] [DEBUG] [T:28060] [runner._check_one:483] [asst.log] 0e7b6a1b: pos 95353 → 95353, changed=False
[2026-06-11 16:30:39] [DEBUG] [T:28060] [runner._check_one:483] [asst.log] 0e7b6a1b: pos 95353 → 98893, changed=True
[2026-06-11 16:30:39] [DEBUG] [T:28060] [runner._check_one:489] [asst.log] head='[2026-06-11 16:30:37.528][TRC][Px29320][Tx29406] asst::WordOcr [{ text: ., rect: [ 0 (500), 0 (50), 300, 150 ], score: 0.669308 }] by OCR Pipeline , cost 74 ms\n[2026-06-11 16:30:37.646][TRC][Px29320]['
[2026-06-11 16:30:39] [DEBUG] [T:28060] [runner._check_one:483] [asst.log] 0e7b6a1b: pos 98893 → 98893, changed=False
[2026-06-11 16:30:41] [DEBUG] [T:28060] [runner._check_one:483] [asst.log] 0e7b6a1b: pos 98893 → 101312, changed=True
[2026-06-11 16:30:41] [DEBUG] [T:28060] [runner._check_one:489] [asst.log] head='[2026-06-11 16:30:40.456][TRC][Px29320][Tx29406] end of sleep 1000\n[2026-06-11 16:30:40.689][INF][Px29320][Tx29406] Call ` D:\\Xiach\\MuMuPlayer\\nx_main\\adb.exe -s 127.0.0.1:16384 exec-out "screencap | '
[2026-06-11 16:30:41] [DEBUG] [T:28060] [runner._check_one:483] [asst.log] 0e7b6a1b: pos 101312 → 101312, changed=False
[2026-06-11 16:30:43] [DEBUG] [T:28060] [runner._check_one:483] [asst.log] 0e7b6a1b: pos 101312 → 103545, changed=True
[2026-06-11 16:30:43] [DEBUG] [T:28060] [runner._check_one:489] [asst.log] head='[2026-06-11 16:30:42.101][TRC][Px29320][Tx29406] end of sleep 1000\n[2026-06-11 16:30:42.291][INF][Px29320][Tx29406] Call ` D:\\Xiach\\MuMuPlayer\\nx_main\\adb.exe -s 127.0.0.1:16384 exec-out "screencap | '
[2026-06-11 16:30:43] [DEBUG] [T:28060] [runner._check_one:483] [asst.log] 0e7b6a1b: pos 103545 → 103545, changed=False
[2026-06-11 16:30:45] [DEBUG] [T:28060] [runner._check_one:483] [asst.log] 0e7b6a1b: pos 103545 → 106012, changed=True
[2026-06-11 16:30:45] [DEBUG] [T:28060] [runner._check_one:489] [asst.log] head='[2026-06-11 16:30:43.710][TRC][Px29320][Tx29406] end of sleep 1000\n[2026-06-11 16:30:43.999][INF][Px29320][Tx29406] Call ` D:\\Xiach\\MuMuPlayer\\nx_main\\adb.exe -s 127.0.0.1:16384 exec-out "screencap | '
[2026-06-11 16:30:45] [DEBUG] [T:28060] [runner._check_one:483] [asst.log] 0e7b6a1b: pos 106012 → 106012, changed=False
[2026-06-11 16:30:47] [DEBUG] [T:28060] [runner._check_one:483] [asst.log] 0e7b6a1b: pos 106012 → 108618, changed=True
[2026-06-11 16:30:47] [DEBUG] [T:28060] [runner._check_one:489] [asst.log] head='[2026-06-11 16:30:45.639][TRC][Px29320][Tx29406] end of sleep 1000\n[2026-06-11 16:30:45.951][INF][Px29320][Tx29406] Call ` D:\\Xiach\\MuMuPlayer\\nx_main\\adb.exe -s 127.0.0.1:16384 exec-out "screencap | '
[2026-06-11 16:30:47] [DEBUG] [T:28060] [runner._check_one:483] [asst.log] 0e7b6a1b: pos 108618 → 108685, changed=True
[2026-06-11 16:30:47] [DEBUG] [T:28060] [runner._check_one:489] [asst.log] head='[2026-06-11 16:30:47.491][TRC][Px29320][Tx29406] end of sleep 1000\n'
[2026-06-11 16:30:49] [DEBUG] [T:28060] [runner._check_one:483] [asst.log] 0e7b6a1b: pos 108685 → 111374, changed=True
[2026-06-11 16:30:49] [DEBUG] [T:28060] [runner._check_one:489] [asst.log] head='[2026-06-11 16:30:47.742][INF][Px29320][Tx29406] Call ` D:\\Xiach\\MuMuPlayer\\nx_main\\adb.exe -s 127.0.0.1:16384 exec-out "screencap | gzip -1" ` ret 0 , cost 251 ms , stdout size: 355774 , socket size:'
[2026-06-11 16:30:49] [DEBUG] [T:28060] [runner._check_one:483] [asst.log] 0e7b6a1b: pos 111374 → 111374, changed=False
[2026-06-11 16:30:51] [DEBUG] [T:28060] [runner._check_one:483] [asst.log] 0e7b6a1b: pos 111374 → 114336, changed=True
[2026-06-11 16:30:51] [DEBUG] [T:28060] [runner._check_one:489] [asst.log] head='[2026-06-11 16:30:49.579][INF][Px29320][Tx29406] Call ` D:\\Xiach\\MuMuPlayer\\nx_main\\adb.exe -s 127.0.0.1:16384 exec-out "screencap | gzip -1" ` ret 0 , cost 288 ms , stdout size: 349032 , socket size:'
[2026-06-11 16:30:51] [DEBUG] [T:28060] [runner._check_one:483] [asst.log] 0e7b6a1b: pos 114336 → 114336, changed=False
[2026-06-11 16:30:53] [DEBUG] [T:28060] [runner._check_one:483] [asst.log] 0e7b6a1b: pos 114336 → 117275, changed=True
[2026-06-11 16:30:53] [DEBUG] [T:28060] [runner._check_one:489] [asst.log] head='[2026-06-11 16:30:51.525][TRC][Px29320][Tx29406] asst::WordOcr [{ text: 正在尝试与Rhode, rect: [ 311 (511), 162 (592), 116, 14 ], score: 0.924421 }, { text: o, rect: [ 2 (202), 238 (668), 19, 12 ], score: '
[2026-06-11 16:30:53] [DEBUG] [T:28060] [runner._check_one:483] [asst.log] 0e7b6a1b: pos 117275 → 117275, changed=False
[2026-06-11 16:30:55] [DEBUG] [T:28060] [runner._check_one:483] [asst.log] 0e7b6a1b: pos 117275 → 120817, changed=True
[2026-06-11 16:30:55] [DEBUG] [T:28060] [runner._check_one:489] [asst.log] head='[2026-06-11 16:30:53.539][TRC][Px29320][Tx29406] asst::WordOcr [{ text: 服务器, rect: [ 244 (617), 114 (259), 44, 15 ], score: 0.948391 }, { text: 泰拉, rect: [ 240 (613), 129 (274), 54, 28 ], score: 0.998'
[2026-06-11 16:30:55] [DEBUG] [T:28060] [runner._check_one:483] [asst.log] 0e7b6a1b: pos 120817 → 120817, changed=False
[2026-06-11 16:30:57] [DEBUG] [T:28060] [runner._check_one:483] [asst.log] 0e7b6a1b: pos 120817 → 124963, changed=True
[2026-06-11 16:30:57] [DEBUG] [T:28060] [runner._check_one:489] [asst.log] head='[2026-06-11 16:30:55.559][TRC][Px29320][Tx29406] asst::WordOcr [{ text: E, rect: [ 1 (341), 66 (686), 23, 9 ], score: 0.725514 }, { text: ghsresend, rect: [ 52 (392), 66 (686), 72, 11 ], score: 0.8598'
[2026-06-11 16:30:57] [DEBUG] [T:28060] [runner._check_one:483] [asst.log] 0e7b6a1b: pos 124963 → 124963, changed=False
[2026-06-11 16:30:59] [DEBUG] [T:28060] [runner._check_one:483] [asst.log] 0e7b6a1b: pos 124963 → 127978, changed=True
[2026-06-11 16:30:59] [DEBUG] [T:28060] [runner._check_one:489] [asst.log] head='[2026-06-11 16:30:58.451][TRC][Px29320][Tx29406] end of sleep 1000\n[2026-06-11 16:30:58.760][INF][Px29320][Tx29406] Call ` D:\\Xiach\\MuMuPlayer\\nx_main\\adb.exe -s 127.0.0.1:16384 exec-out "screencap | '
[2026-06-11 16:30:59] [DEBUG] [T:28060] [runner._check_one:483] [asst.log] 0e7b6a1b: pos 127978 → 127978, changed=False
[2026-06-11 16:31:01] [DEBUG] [T:28060] [runner._check_one:483] [asst.log] 0e7b6a1b: pos 127978 → 130599, changed=True
[2026-06-11 16:31:01] [DEBUG] [T:28060] [runner._check_one:489] [asst.log] head='[2026-06-11 16:31:00.391][TRC][Px29320][Tx29406] end of sleep 1000\n[2026-06-11 16:31:00.615][INF][Px29320][Tx29406] Call ` D:\\Xiach\\MuMuPlayer\\nx_main\\adb.exe -s 127.0.0.1:16384 exec-out "screencap | '
[2026-06-11 16:31:01] [DEBUG] [T:28060] [runner._check_one:483] [asst.log] 0e7b6a1b: pos 130599 → 130599, changed=False
[2026-06-11 16:31:03] [DEBUG] [T:28060] [runner._check_one:483] [asst.log] 0e7b6a1b: pos 130599 → 133535, changed=True
[2026-06-11 16:31:03] [DEBUG] [T:28060] [runner._check_one:489] [asst.log] head='[2026-06-11 16:31:02.115][TRC][Px29320][Tx29406] end of sleep 1000\n[2026-06-11 16:31:02.377][INF][Px29320][Tx29406] Call ` D:\\Xiach\\MuMuPlayer\\nx_main\\adb.exe -s 127.0.0.1:16384 exec-out "screencap | '
[2026-06-11 16:31:03] [DEBUG] [T:28060] [runner._check_one:483] [asst.log] 0e7b6a1b: pos 133535 → 133535, changed=False
[2026-06-11 16:31:05] [DEBUG] [T:28060] [runner._check_one:483] [asst.log] 0e7b6a1b: pos 133535 → 136998, changed=True
[2026-06-11 16:31:05] [DEBUG] [T:28060] [runner._check_one:489] [asst.log] head='[2026-06-11 16:31:03.979][TRC][Px29320][Tx29406] end of sleep 1000\n[2026-06-11 16:31:03.979][INF][Px29320][Tx29406] {"class":"asst::ProcessTask","cur_task":"StartUp@GameStart@LoadingIcon","details":{"'
[2026-06-11 16:31:05] [DEBUG] [T:28060] [runner._check_one:483] [asst.log] 0e7b6a1b: pos 136998 → 136998, changed=False
[2026-06-11 16:31:07] [DEBUG] [T:28060] [runner._check_one:483] [asst.log] 0e7b6a1b: pos 136998 → 141200, changed=True
[2026-06-11 16:31:07] [DEBUG] [T:28060] [runner._check_one:489] [asst.log] head='[2026-06-11 16:31:05.659][INF][Px29320][Tx29406] Call ` D:\\Xiach\\MuMuPlayer\\nx_main\\adb.exe -s 127.0.0.1:16384 exec-out "screencap | gzip -1" ` ret 0 , cost 322 ms , stdout size: 1301945 , socket size'
[2026-06-11 16:31:07] [DEBUG] [T:28060] [runner._check_one:483] [asst.log] 0e7b6a1b: pos 141200 → 141200, changed=False
[2026-06-11 16:31:09] [DEBUG] [T:28060] [runner._check_one:483] [asst.log] 0e7b6a1b: pos 141200 → 144675, changed=True
[2026-06-11 16:31:09] [DEBUG] [T:28060] [runner._check_one:489] [asst.log] head='[2026-06-11 16:31:08.053][TRC][Px29320][Tx29406] end of sleep 1000\n[2026-06-11 16:31:08.053][INF][Px29320][Tx29406] {"class":"asst::ProcessTask","cur_task":"StartUp@GameStart@LoadingIcon","details":{"'
[2026-06-11 16:31:09] [DEBUG] [T:28060] [runner._check_one:483] [asst.log] 0e7b6a1b: pos 144675 → 144675, changed=False
[2026-06-11 16:31:11] [DEBUG] [T:28060] [runner._check_one:483] [asst.log] 0e7b6a1b: pos 144675 → 148877, changed=True
[2026-06-11 16:31:11] [DEBUG] [T:28060] [runner._check_one:489] [asst.log] head='[2026-06-11 16:31:09.679][INF][Px29320][Tx29406] Call ` D:\\Xiach\\MuMuPlayer\\nx_main\\adb.exe -s 127.0.0.1:16384 exec-out "screencap | gzip -1" ` ret 0 , cost 304 ms , stdout size: 1301945 , socket size'
[2026-06-11 16:31:11] [DEBUG] [T:28060] [runner._check_one:483] [asst.log] 0e7b6a1b: pos 148877 → 148877, changed=False
[2026-06-11 16:31:13] [DEBUG] [T:28060] [runner._check_one:483] [asst.log] 0e7b6a1b: pos 148877 → 152352, changed=True
[2026-06-11 16:31:13] [DEBUG] [T:28060] [runner._check_one:489] [asst.log] head='[2026-06-11 16:31:12.029][TRC][Px29320][Tx29406] end of sleep 1000\n[2026-06-11 16:31:12.029][INF][Px29320][Tx29406] {"class":"asst::ProcessTask","cur_task":"StartUp@GameStart@LoadingIcon","details":{"'
[2026-06-11 16:31:13] [DEBUG] [T:28060] [runner._check_one:483] [asst.log] 0e7b6a1b: pos 152352 → 152352, changed=False
[2026-06-11 16:31:15] [DEBUG] [T:28060] [runner._check_one:483] [asst.log] 0e7b6a1b: pos 152352 → 156742, changed=True
[2026-06-11 16:31:15] [DEBUG] [T:28060] [runner._check_one:489] [asst.log] head='[2026-06-11 16:31:13.642][INF][Px29320][Tx29406] Call ` D:\\Xiach\\MuMuPlayer\\nx_main\\adb.exe -s 127.0.0.1:16384 exec-out "screencap | gzip -1" ` ret 0 , cost 293 ms , stdout size: 1301945 , socket size'
[2026-06-11 16:31:15] [DEBUG] [T:28060] [runner._check_one:483] [asst.log] 0e7b6a1b: pos 156742 → 156742, changed=False
[2026-06-11 16:31:17] [DEBUG] [T:28060] [runner._check_one:483] [asst.log] 0e7b6a1b: pos 156742 → 160219, changed=True
[2026-06-11 16:31:17] [DEBUG] [T:28060] [runner._check_one:489] [asst.log] head='[2026-06-11 16:31:16.051][TRC][Px29320][Tx29406] end of sleep 1000\n[2026-06-11 16:31:16.051][INF][Px29320][Tx29406] {"class":"asst::ProcessTask","cur_task":"StartUp@GameStart@LoadingIcon","details":{"'
[2026-06-11 16:31:17] [DEBUG] [T:28060] [runner._check_one:483] [asst.log] 0e7b6a1b: pos 160219 → 160219, changed=False
[2026-06-11 16:31:19] [DEBUG] [T:28060] [runner._check_one:483] [asst.log] 0e7b6a1b: pos 160219 → 164425, changed=True
[2026-06-11 16:31:19] [DEBUG] [T:28060] [runner._check_one:489] [asst.log] head='[2026-06-11 16:31:17.691][INF][Px29320][Tx29406] Call ` D:\\Xiach\\MuMuPlayer\\nx_main\\adb.exe -s 127.0.0.1:16384 exec-out "screencap | gzip -1" ` ret 0 , cost 327 ms , stdout size: 1301945 , socket size'
[2026-06-11 16:31:19] [DEBUG] [T:28060] [runner._check_one:483] [asst.log] 0e7b6a1b: pos 164425 → 164425, changed=False
[2026-06-11 16:31:21] [DEBUG] [T:28060] [runner._check_one:483] [asst.log] 0e7b6a1b: pos 164425 → 167902, changed=True
[2026-06-11 16:31:21] [DEBUG] [T:28060] [runner._check_one:489] [asst.log] head='[2026-06-11 16:31:20.052][TRC][Px29320][Tx29406] end of sleep 1000\n[2026-06-11 16:31:20.052][INF][Px29320][Tx29406] {"class":"asst::ProcessTask","cur_task":"StartUp@GameStart@LoadingIcon","details":{"'
[2026-06-11 16:31:21] [DEBUG] [T:28060] [runner._check_one:483] [asst.log] 0e7b6a1b: pos 167902 → 167902, changed=False
[2026-06-11 16:31:23] [DEBUG] [T:28060] [runner._check_one:483] [asst.log] 0e7b6a1b: pos 167902 → 172107, changed=True
[2026-06-11 16:31:23] [DEBUG] [T:28060] [runner._check_one:489] [asst.log] head='[2026-06-11 16:31:21.840][INF][Px29320][Tx29406] Call ` D:\\Xiach\\MuMuPlayer\\nx_main\\adb.exe -s 127.0.0.1:16384 exec-out "screencap | gzip -1" ` ret 0 , cost 387 ms , stdout size: 1301945 , socket size'
[2026-06-11 16:31:23] [DEBUG] [T:28060] [runner._check_one:483] [asst.log] 0e7b6a1b: pos 172107 → 172107, changed=False
[2026-06-11 16:31:25] [DEBUG] [T:28060] [runner._check_one:483] [asst.log] 0e7b6a1b: pos 172107 → 174951, changed=True
[2026-06-11 16:31:25] [DEBUG] [T:28060] [runner._check_one:489] [asst.log] head='[2026-06-11 16:31:24.221][TRC][Px29320][Tx29406] end of sleep 1000\n[2026-06-11 16:31:24.221][INF][Px29320][Tx29406] {"class":"asst::ProcessTask","cur_task":"StartUp@GameStart@LoadingIcon","details":{"'
[2026-06-11 16:31:25] [DEBUG] [T:28060] [runner._check_one:483] [asst.log] 0e7b6a1b: pos 174951 → 174951, changed=False
[2026-06-11 16:31:27] [DEBUG] [T:28060] [runner._check_one:483] [asst.log] 0e7b6a1b: pos 174951 → 178985, changed=True
[2026-06-11 16:31:27] [DEBUG] [T:28060] [runner._check_one:489] [asst.log] head='[2026-06-11 16:31:26.219][TRC][Px29320][Tx29406] end of sleep 1000\n[2026-06-11 16:31:26.542][INF][Px29320][Tx29406] Call ` D:\\Xiach\\MuMuPlayer\\nx_main\\adb.exe -s 127.0.0.1:16384 exec-out "screencap | '
[2026-06-11 16:31:27] [DEBUG] [T:28060] [runner._check_one:483] [asst.log] 0e7b6a1b: pos 178985 → 178985, changed=False
[2026-06-11 16:31:29] [DEBUG] [T:28060] [runner._check_one:483] [asst.log] 0e7b6a1b: pos 178985 → 180829, changed=True
[2026-06-11 16:31:29] [DEBUG] [T:28060] [runner._check_one:489] [asst.log] head='[2026-06-11 16:31:28.236][TRC][Px29320][Tx29406] end of sleep 1000\n[2026-06-11 16:31:28.236][INF][Px29320][Tx29406] {"class":"asst::ProcessTask","cur_task":"StartUp@CloseAnno","details":{"cur_retry":0'
[2026-06-11 16:31:29] [DEBUG] [T:28060] [runner._check_one:483] [asst.log] 0e7b6a1b: pos 180829 → 180829, changed=False
[2026-06-11 16:31:31] [DEBUG] [T:28060] [runner._check_one:483] [asst.log] 0e7b6a1b: pos 180829 → 183148, changed=True
[2026-06-11 16:31:31] [DEBUG] [T:28060] [runner._check_one:489] [asst.log] head='[2026-06-11 16:31:29.625][TRC][Px29320][Tx29406] end of sleep 1000\n[2026-06-11 16:31:29.625][INF][Px29320][Tx29406] Assistant::append_callback | SubTaskCompleted {"class":"asst::ProcessTask","details"'
[2026-06-11 16:31:31] [DEBUG] [T:28060] [runner._check_one:483] [asst.log] 0e7b6a1b: pos 183148 → 183148, changed=False
[2026-06-11 16:31:33] [DEBUG] [T:28060] [runner._check_one:483] [asst.log] 0e7b6a1b: pos 183148 → 185447, changed=True
[2026-06-11 16:31:33] [DEBUG] [T:28060] [runner._check_one:489] [asst.log] head='[2026-06-11 16:31:32.015][TRC][Px29320][Tx29406] end of sleep 1000\n[2026-06-11 16:31:32.015][INF][Px29320][Tx29406] Assistant::append_callback | SubTaskCompleted {"class":"asst::ProcessTask","details"'
[2026-06-11 16:31:33] [DEBUG] [T:28060] [runner._check_one:483] [asst.log] 0e7b6a1b: pos 185447 → 185447, changed=False
[2026-06-11 16:31:35] [DEBUG] [T:28060] [runner._check_one:483] [asst.log] 0e7b6a1b: pos 185447 → 186669, changed=True
[2026-06-11 16:31:35] [DEBUG] [T:28060] [runner._check_one:489] [asst.log] head='[2026-06-11 16:31:34.364][TRC][Px29320][Tx29406] end of sleep 1000\n[2026-06-11 16:31:34.364][INF][Px29320][Tx29406] Assistant::append_callback | SubTaskCompleted {"class":"asst::ProcessTask","details"'
[2026-06-11 16:31:35] [DEBUG] [T:28060] [runner._check_one:483] [asst.log] 0e7b6a1b: pos 186669 → 186669, changed=False
[2026-06-11 16:31:37] [DEBUG] [T:28060] [runner._check_one:483] [asst.log] 0e7b6a1b: pos 186669 → 192592, changed=True
[2026-06-11 16:31:37] [DEBUG] [T:28060] [runner._check_one:489] [asst.log] head='[2026-06-11 16:31:35.752][INF][Px29320][Tx29406] Call ` D:\\Xiach\\MuMuPlayer\\nx_main\\adb.exe -s 127.0.0.1:16384 exec-out "screencap | gzip -1" ` ret 0 , cost 387 ms , stdout size: 2153763 , socket size'
[2026-06-11 16:31:37] [DEBUG] [T:28060] [runner._check_one:483] [asst.log] 0e7b6a1b: pos 192592 → 192592, changed=False
[2026-06-11 16:31:39] [DEBUG] [T:28060] [runner._check_one:483] [asst.log] 0e7b6a1b: pos 192592 → 194408, changed=True
[2026-06-11 16:31:39] [DEBUG] [T:28060] [runner._check_one:489] [asst.log] head='[2026-06-11 16:31:37.747][TRC][Px29320][Tx29406] end of sleep 500\n[2026-06-11 16:31:37.747][INF][Px29320][Tx29406] {"class":"asst::ProcessTask","cur_task":"Terminal-Entry","details":{"cur_retry":0,"re'
[2026-06-11 16:31:39] [DEBUG] [T:28060] [runner._check_one:483] [asst.log] 0e7b6a1b: pos 194408 → 194408, changed=False
[2026-06-11 16:31:41] [DEBUG] [T:28060] [runner._check_one:483] [asst.log] 0e7b6a1b: pos 194408 → 195014, changed=True
[2026-06-11 16:31:41] [DEBUG] [T:28060] [runner._check_one:489] [asst.log] head='[2026-06-11 16:31:41.230][TRC][Px29320][Tx29406] end of sleep 3000\n[2026-06-11 16:31:41.230][INF][Px29320][Tx29406] Assistant::append_callback | SubTaskCompleted {"class":"asst::ProcessTask","details"'
[2026-06-11 16:31:41] [DEBUG] [T:28060] [runner._check_one:483] [asst.log] 0e7b6a1b: pos 195014 → 195014, changed=False
[2026-06-11 16:31:43] [DEBUG] [T:28060] [runner._check_one:483] [asst.log] 0e7b6a1b: pos 195014 → 198951, changed=True
[2026-06-11 16:31:43] [DEBUG] [T:28060] [runner._check_one:489] [asst.log] head='[2026-06-11 16:31:41.731][TRC][Px29320][Tx29406] end of sleep 500\n[2026-06-11 16:31:41.731][INF][Px29320][Tx29406] {"class":"asst::ProcessTask","cur_task":"TerminalDefault","details":{"cur_retry":0,"r'
[2026-06-11 16:31:43] [DEBUG] [T:28060] [runner._check_one:483] [asst.log] 0e7b6a1b: pos 198951 → 198951, changed=False
[2026-06-11 16:31:45] [DEBUG] [T:28060] [runner._check_one:483] [asst.log] 0e7b6a1b: pos 198951 → 204392, changed=True
[2026-06-11 16:31:45] [DEBUG] [T:28060] [runner._check_one:489] [asst.log] head='[2026-06-11 16:31:43.513][TRC][Px29320][Tx29406] end of sleep 500\n[2026-06-11 16:31:43.520][TRC][Px29320][Tx29406] asst::PackageTask::run | run subtask 2 / 4 {"class":"asst::StageNavigationTask","deta'
[2026-06-11 16:31:45] [DEBUG] [T:28060] [runner._check_one:483] [asst.log] 0e7b6a1b: pos 204392 → 204392, changed=False
[2026-06-11 16:31:47] [DEBUG] [T:28060] [runner._check_one:483] [asst.log] 0e7b6a1b: pos 204392 → 205775, changed=True
[2026-06-11 16:31:47] [DEBUG] [T:28060] [runner._check_one:489] [asst.log] head='[2026-06-11 16:31:46.452][TRC][Px29320][Tx29406] end of sleep 1000\n[2026-06-11 16:31:46.452][INF][Px29320][Tx29406] Assistant::append_callback | SubTaskCompleted {"class":"asst::ProcessTask","details"'
[2026-06-11 16:31:47] [DEBUG] [T:28060] [runner._check_one:483] [asst.log] 0e7b6a1b: pos 205775 → 205775, changed=False
[2026-06-11 16:31:49] [DEBUG] [T:28060] [runner._check_one:483] [asst.log] 0e7b6a1b: pos 205775 → 207755, changed=True
[2026-06-11 16:31:49] [DEBUG] [T:28060] [runner._check_one:489] [asst.log] head='[2026-06-11 16:31:47.810][INF][Px29320][Tx29406] det 1 rec 1 ocr 1\n[2026-06-11 16:31:47.810][TRC][Px29320][Tx29406] asst::OcrPack::check_and_load | leave, 520 ms\n[2026-06-11 16:31:48.024][TRC][Px29320'
[2026-06-11 16:31:49] [DEBUG] [T:28060] [runner._check_one:483] [asst.log] 0e7b6a1b: pos 207755 → 207755, changed=False
[2026-06-11 16:31:51] [DEBUG] [T:28060] [runner._check_one:483] [asst.log] 0e7b6a1b: pos 207755 → 212969, changed=True
[2026-06-11 16:31:51] [DEBUG] [T:28060] [runner._check_one:489] [asst.log] head='[2026-06-11 16:31:49.628][TRC][Px29320][Tx29406] end of sleep 500\n[2026-06-11 16:31:49.628][INF][Px29320][Tx29406] {"class":"asst::ProcessTask","cur_task":"CE6@Stage","details":{"cur_retry":0,"retry_t'
[2026-06-11 16:31:51] [DEBUG] [T:28060] [runner._check_one:483] [asst.log] 0e7b6a1b: pos 212969 → 212969, changed=False
[2026-06-11 16:31:53] [DEBUG] [T:28060] [runner._check_one:483] [asst.log] 0e7b6a1b: pos 212969 → 220764, changed=True
[2026-06-11 16:31:53] [DEBUG] [T:28060] [runner._check_one:489] [asst.log] head='[2026-06-11 16:31:51.905][TRC][Px29320][Tx29406] end of sleep 500\n[2026-06-11 16:31:51.905][INF][Px29320][Tx29406] {"class":"asst::ProcessTask","cur_task":"Fight@UsePrts","details":{"cur_retry":0,"ret'
[2026-06-11 16:31:53] [DEBUG] [T:28060] [runner._check_one:483] [asst.log] 0e7b6a1b: pos 220764 → 220764, changed=False
[2026-06-11 16:31:55] [DEBUG] [T:28060] [runner._check_one:483] [asst.log] 0e7b6a1b: pos 220764 → 226001, changed=True
[2026-06-11 16:31:55] [DEBUG] [T:28060] [runner._check_one:489] [asst.log] head='[2026-06-11 16:31:53.908][TRC][Px29320][Tx29406] end of sleep 500\n[2026-06-11 16:31:53.908][INF][Px29320][Tx29406] {"class":"asst::ProcessTask","cur_task":"FightSeries-Open","details":{"cur_retry":0,"'
[2026-06-11 16:31:55] [DEBUG] [T:28060] [runner._check_one:483] [asst.log] 0e7b6a1b: pos 226001 → 226001, changed=False
[2026-06-11 16:31:57] [DEBUG] [T:28060] [runner._check_one:483] [asst.log] 0e7b6a1b: pos 226001 → 227390, changed=True
[2026-06-11 16:31:57] [DEBUG] [T:28060] [runner._check_one:489] [asst.log] head='[2026-06-11 16:31:55.683][TRC][Px29320][Tx29406] end of sleep 500\n[2026-06-11 16:31:55.683][TRC][Px29320][Tx29406] Click with scaled coordinates (1166, 661) 1\n[2026-06-11 16:31:55.683][TRC][Px29320][T'
[2026-06-11 16:31:57] [DEBUG] [T:28060] [runner._check_one:483] [asst.log] 0e7b6a1b: pos 227390 → 227390, changed=False
[2026-06-11 16:31:59] [DEBUG] [T:28060] [runner._check_one:483] [asst.log] 0e7b6a1b: pos 227390 → 233140, changed=True
[2026-06-11 16:31:59] [DEBUG] [T:28060] [runner._check_one:489] [asst.log] head='[2026-06-11 16:31:57.534][INF][Px29320][Tx29406] Call ` D:\\Xiach\\MuMuPlayer\\nx_main\\adb.exe -s 127.0.0.1:16384 exec-out "screencap | gzip -1" ` ret 0 , cost 248 ms , stdout size: 918003 , socket size:'
[2026-06-11 16:31:59] [DEBUG] [T:28060] [runner._check_one:483] [asst.log] 0e7b6a1b: pos 233140 → 233140, changed=False
[2026-06-11 16:32:01] [DEBUG] [T:28060] [runner._check_one:483] [asst.log] 0e7b6a1b: pos 233140 → 241968, changed=True
[2026-06-11 16:32:01] [DEBUG] [T:28060] [runner._check_one:489] [asst.log] head='[2026-06-11 16:31:59.684][INF][Px29320][Tx29406] Call ` D:\\Xiach\\MuMuPlayer\\nx_main\\adb.exe -s 127.0.0.1:16384 exec-out "screencap | gzip -1" ` ret 0 , cost 256 ms , stdout size: 1075121 , socket size'
[2026-06-11 16:32:01] [DEBUG] [T:28060] [runner._check_one:483] [asst.log] 0e7b6a1b: pos 241968 → 241968, changed=False
[2026-06-11 16:32:03] [DEBUG] [T:28060] [runner._check_one:483] [asst.log] 0e7b6a1b: pos 241968 → 245072, changed=True
[2026-06-11 16:32:03] [DEBUG] [T:28060] [runner._check_one:489] [asst.log] head='[2026-06-11 16:32:01.505][TRC][Px29320][Tx29406] ready to sleep 500\n[2026-06-11 16:32:02.006][TRC][Px29320][Tx29406] end of sleep 500\n[2026-06-11 16:32:02.250][INF][Px29320][Tx29406] Call ` D:\\Xiach\\M'
[2026-06-11 16:32:03] [DEBUG] [T:28060] [runner._check_one:483] [asst.log] 0e7b6a1b: pos 245072 → 245072, changed=False
[2026-06-11 16:32:05] [DEBUG] [T:28060] [runner._check_one:483] [asst.log] 0e7b6a1b: pos 245072 → 247184, changed=True
[2026-06-11 16:32:05] [DEBUG] [T:28060] [runner._check_one:489] [asst.log] head='[2026-06-11 16:32:03.967][TRC][Px29320][Tx29406] end of sleep 1000\n[2026-06-11 16:32:03.967][INF][Px29320][Tx29406] Assistant::append_callback | SubTaskCompleted {"class":"asst::ProcessTask","details"'
[2026-06-11 16:32:05] [DEBUG] [T:28060] [runner._check_one:483] [asst.log] 0e7b6a1b: pos 247184 → 247184, changed=False
[2026-06-11 16:32:07] [DEBUG] [T:28060] [runner._check_one:483] [asst.log] 0e7b6a1b: pos 247184 → 251256, changed=True
[2026-06-11 16:32:07] [DEBUG] [T:28060] [runner._check_one:489] [asst.log] head='[2026-06-11 16:32:05.793][TRC][Px29320][Tx29406] end of sleep 1000\n[2026-06-11 16:32:05.793][TRC][Px29320][Tx29406] Click with scaled coordinates (1089, 452) 1\n[2026-06-11 16:32:05.793][TRC][Px29320]['
[2026-06-11 16:32:07] [DEBUG] [T:28060] [runner._check_one:483] [asst.log] 0e7b6a1b: pos 251256 → 251256, changed=False
[2026-06-11 16:32:09] [DEBUG] [T:28060] [runner._check_one:483] [asst.log] 0e7b6a1b: pos 251256 → 251256, changed=False
[2026-06-11 16:32:09] [DEBUG] [T:28060] [runner._check_one:483] [asst.log] 0e7b6a1b: pos 251256 → 251256, changed=False
[2026-06-11 16:32:11] [DEBUG] [T:28060] [runner._check_one:483] [asst.log] 0e7b6a1b: pos 251256 → 251256, changed=False
[2026-06-11 16:32:11] [DEBUG] [T:28060] [runner._check_one:483] [asst.log] 0e7b6a1b: pos 251256 → 251256, changed=False
[2026-06-11 16:32:13] [DEBUG] [T:28060] [runner._check_one:483] [asst.log] 0e7b6a1b: pos 251256 → 251256, changed=False
[2026-06-11 16:32:13] [DEBUG] [T:28060] [runner._check_one:483] [asst.log] 0e7b6a1b: pos 251256 → 251256, changed=False
[2026-06-11 16:32:15] [DEBUG] [T:28060] [runner._check_one:483] [asst.log] 0e7b6a1b: pos 251256 → 251256, changed=False
[2026-06-11 16:32:15] [DEBUG] [T:28060] [runner._check_one:483] [asst.log] 0e7b6a1b: pos 251256 → 251256, changed=False
[2026-06-11 16:32:17] [DEBUG] [T:28060] [runner._check_one:483] [asst.log] 0e7b6a1b: pos 251256 → 251256, changed=False
[2026-06-11 16:32:17] [DEBUG] [T:28060] [runner._check_one:483] [asst.log] 0e7b6a1b: pos 251256 → 251256, changed=False
[2026-06-11 16:32:19] [DEBUG] [T:28060] [runner._check_one:483] [asst.log] 0e7b6a1b: pos 251256 → 251256, changed=False
[2026-06-11 16:32:19] [DEBUG] [T:28060] [runner._check_one:483] [asst.log] 0e7b6a1b: pos 251256 → 251256, changed=False
[2026-06-11 16:32:21] [DEBUG] [T:28060] [runner._check_one:483] [asst.log] 0e7b6a1b: pos 251256 → 251256, changed=False
[2026-06-11 16:32:21] [DEBUG] [T:28060] [runner._check_one:483] [asst.log] 0e7b6a1b: pos 251256 → 251256, changed=False
[2026-06-11 16:32:23] [DEBUG] [T:28060] [runner._check_one:483] [asst.log] 0e7b6a1b: pos 251256 → 251256, changed=False
[2026-06-11 16:32:23] [DEBUG] [T:28060] [runner._check_one:483] [asst.log] 0e7b6a1b: pos 251256 → 251256, changed=False
[2026-06-11 16:32:25] [DEBUG] [T:28060] [runner._check_one:483] [asst.log] 0e7b6a1b: pos 251256 → 251256, changed=False
[2026-06-11 16:32:25] [DEBUG] [T:28060] [runner._check_one:483] [asst.log] 0e7b6a1b: pos 251256 → 251256, changed=False
[2026-06-11 16:32:27] [DEBUG] [T:28060] [runner._check_one:483] [asst.log] 0e7b6a1b: pos 251256 → 251256, changed=False
[2026-06-11 16:32:27] [DEBUG] [T:28060] [runner._check_one:483] [asst.log] 0e7b6a1b: pos 251256 → 251256, changed=False
[2026-06-11 16:32:29] [DEBUG] [T:28060] [runner._check_one:483] [asst.log] 0e7b6a1b: pos 251256 → 251256, changed=False
[2026-06-11 16:32:29] [DEBUG] [T:28060] [runner._check_one:483] [asst.log] 0e7b6a1b: pos 251256 → 251256, changed=False
[2026-06-11 16:32:31] [DEBUG] [T:28060] [runner._check_one:483] [asst.log] 0e7b6a1b: pos 251256 → 251256, changed=False
[2026-06-11 16:32:31] [DEBUG] [T:28060] [runner._check_one:483] [asst.log] 0e7b6a1b: pos 251256 → 251256, changed=False
[2026-06-11 16:32:33] [DEBUG] [T:28060] [runner._check_one:483] [asst.log] 0e7b6a1b: pos 251256 → 251256, changed=False
[2026-06-11 16:32:33] [DEBUG] [T:28060] [runner._check_one:483] [asst.log] 0e7b6a1b: pos 251256 → 251256, changed=False
[2026-06-11 16:32:35] [DEBUG] [T:28060] [runner._check_one:483] [asst.log] 0e7b6a1b: pos 251256 → 251256, changed=False
[2026-06-11 16:32:35] [DEBUG] [T:28060] [runner._check_one:483] [asst.log] 0e7b6a1b: pos 251256 → 251256, changed=False
[2026-06-11 16:32:37] [DEBUG] [T:28060] [runner._check_one:483] [asst.log] 0e7b6a1b: pos 251256 → 251256, changed=False
[2026-06-11 16:32:37] [DEBUG] [T:28060] [runner._check_one:483] [asst.log] 0e7b6a1b: pos 251256 → 251256, changed=False
[2026-06-11 16:32:39] [DEBUG] [T:28060] [runner._check_one:483] [asst.log] 0e7b6a1b: pos 251256 → 251256, changed=False
[2026-06-11 16:32:39] [DEBUG] [T:28060] [runner._check_one:483] [asst.log] 0e7b6a1b: pos 251256 → 251256, changed=False
[2026-06-11 16:32:41] [DEBUG] [T:28060] [runner._check_one:483] [asst.log] 0e7b6a1b: pos 251256 → 251256, changed=False
[2026-06-11 16:32:41] [DEBUG] [T:28060] [runner._check_one:483] [asst.log] 0e7b6a1b: pos 251256 → 251256, changed=False
[2026-06-11 16:32:43] [DEBUG] [T:28060] [runner._check_one:483] [asst.log] 0e7b6a1b: pos 251256 → 251256, changed=False
[2026-06-11 16:32:43] [DEBUG] [T:28060] [runner._check_one:483] [asst.log] 0e7b6a1b: pos 251256 → 251256, changed=False
[2026-06-11 16:32:45] [DEBUG] [T:28060] [runner._check_one:483] [asst.log] 0e7b6a1b: pos 251256 → 251256, changed=False
[2026-06-11 16:32:45] [DEBUG] [T:28060] [runner._check_one:483] [asst.log] 0e7b6a1b: pos 251256 → 251256, changed=False
[2026-06-11 16:32:47] [DEBUG] [T:28060] [runner._check_one:483] [asst.log] 0e7b6a1b: pos 251256 → 251799, changed=True
[2026-06-11 16:32:47] [DEBUG] [T:28060] [runner._check_one:489] [asst.log] head='[2026-06-11 16:32:47.451][TRC][Px29320][Tx29406] end of sleep 40000\n[2026-06-11 16:32:47.451][INF][Px29320][Tx29406] Assistant::append_callback | SubTaskCompleted {"class":"asst::ProcessTask","details'
[2026-06-11 16:32:47] [DEBUG] [T:28060] [runner._check_one:483] [asst.log] 0e7b6a1b: pos 251799 → 251799, changed=False
[2026-06-11 16:32:49] [DEBUG] [T:28060] [runner._check_one:483] [asst.log] 0e7b6a1b: pos 251799 → 253561, changed=True
[2026-06-11 16:32:49] [DEBUG] [T:28060] [runner._check_one:489] [asst.log] head='[2026-06-11 16:32:47.952][TRC][Px29320][Tx29406] end of sleep 500\n[2026-06-11 16:32:47.952][INF][Px29320][Tx29406] {"class":"asst::ProcessTask","cur_task":"Fight@StartButton2WaitTime","details":{"cur_'
[2026-06-11 16:32:49] [DEBUG] [T:28060] [runner._check_one:483] [asst.log] 0e7b6a1b: pos 253561 → 253561, changed=False
[2026-06-11 16:32:51] [DEBUG] [T:28060] [runner._check_one:483] [asst.log] 0e7b6a1b: pos 253561 → 253561, changed=False
[2026-06-11 16:32:51] [DEBUG] [T:28060] [runner._check_one:483] [asst.log] 0e7b6a1b: pos 253561 → 253561, changed=False
[2026-06-11 16:32:53] [DEBUG] [T:28060] [runner._check_one:483] [asst.log] 0e7b6a1b: pos 253561 → 254169, changed=True
[2026-06-11 16:32:53] [DEBUG] [T:28060] [runner._check_one:489] [asst.log] head='[2026-06-11 16:32:53.330][TRC][Px29320][Tx29406] end of sleep 5000\n[2026-06-11 16:32:53.330][INF][Px29320][Tx29406] Assistant::append_callback | SubTaskCompleted {"class":"asst::ProcessTask","details"'
[2026-06-11 16:32:53] [DEBUG] [T:28060] [runner._check_one:483] [asst.log] 0e7b6a1b: pos 254169 → 254169, changed=False
[2026-06-11 16:32:55] [DEBUG] [T:28060] [runner._check_one:483] [asst.log] 0e7b6a1b: pos 254169 → 255686, changed=True
[2026-06-11 16:32:55] [DEBUG] [T:28060] [runner._check_one:489] [asst.log] head='[2026-06-11 16:32:53.831][TRC][Px29320][Tx29406] end of sleep 500\n[2026-06-11 16:32:53.831][INF][Px29320][Tx29406] {"class":"asst::ProcessTask","cur_task":"Fight@PRTS1","details":{"cur_retry":0,"retry'
[2026-06-11 16:32:55] [DEBUG] [T:28060] [runner._check_one:483] [asst.log] 0e7b6a1b: pos 255686 → 255686, changed=False
[2026-06-11 16:32:57] [DEBUG] [T:28060] [runner._check_one:483] [asst.log] 0e7b6a1b: pos 255686 → 255686, changed=False
[2026-06-11 16:32:57] [DEBUG] [T:28060] [runner._check_one:483] [asst.log] 0e7b6a1b: pos 255686 → 255686, changed=False
[2026-06-11 16:32:59] [DEBUG] [T:28060] [runner._check_one:483] [asst.log] 0e7b6a1b: pos 255686 → 256279, changed=True
[2026-06-11 16:32:59] [DEBUG] [T:28060] [runner._check_one:489] [asst.log] head='[2026-06-11 16:32:59.148][TRC][Px29320][Tx29406] end of sleep 5000\n[2026-06-11 16:32:59.148][INF][Px29320][Tx29406] Assistant::append_callback | SubTaskCompleted {"class":"asst::ProcessTask","details"'
[2026-06-11 16:32:59] [DEBUG] [T:28060] [runner._check_one:483] [asst.log] 0e7b6a1b: pos 256279 → 256279, changed=False
[2026-06-11 16:33:01] [DEBUG] [T:28060] [runner._check_one:483] [asst.log] 0e7b6a1b: pos 256279 → 257781, changed=True
[2026-06-11 16:33:01] [DEBUG] [T:28060] [runner._check_one:489] [asst.log] head='[2026-06-11 16:32:59.648][TRC][Px29320][Tx29406] end of sleep 500\n[2026-06-11 16:32:59.648][INF][Px29320][Tx29406] {"class":"asst::ProcessTask","cur_task":"Fight@PRTS1","details":{"cur_retry":0,"retry'
[2026-06-11 16:33:01] [DEBUG] [T:28060] [runner._check_one:483] [asst.log] 0e7b6a1b: pos 257781 → 257781, changed=False
[2026-06-11 16:33:03] [DEBUG] [T:28060] [runner._check_one:483] [asst.log] 0e7b6a1b: pos 257781 → 257781, changed=False
[2026-06-11 16:33:03] [DEBUG] [T:28060] [runner._check_one:483] [asst.log] 0e7b6a1b: pos 257781 → 257781, changed=False
[2026-06-11 16:33:05] [DEBUG] [T:28060] [runner._check_one:483] [asst.log] 0e7b6a1b: pos 257781 → 258374, changed=True
[2026-06-11 16:33:05] [DEBUG] [T:28060] [runner._check_one:489] [asst.log] head='[2026-06-11 16:33:04.994][TRC][Px29320][Tx29406] end of sleep 5000\n[2026-06-11 16:33:04.994][INF][Px29320][Tx29406] Assistant::append_callback | SubTaskCompleted {"class":"asst::ProcessTask","details"'
[2026-06-11 16:33:05] [DEBUG] [T:28060] [runner._check_one:483] [asst.log] 0e7b6a1b: pos 258374 → 258870, changed=True
[2026-06-11 16:33:05] [DEBUG] [T:28060] [runner._check_one:489] [asst.log] head='[2026-06-11 16:33:05.495][TRC][Px29320][Tx29406] end of sleep 500\n[2026-06-11 16:33:05.495][INF][Px29320][Tx29406] {"class":"asst::ProcessTask","cur_task":"Fight@PRTS1","details":{"cur_retry":0,"retry'
[2026-06-11 16:33:07] [DEBUG] [T:28060] [runner._check_one:483] [asst.log] 0e7b6a1b: pos 258870 → 259876, changed=True
[2026-06-11 16:33:07] [DEBUG] [T:28060] [runner._check_one:489] [asst.log] head='[2026-06-11 16:33:05.810][INF][Px29320][Tx29406] Call ` D:\\Xiach\\MuMuPlayer\\nx_main\\adb.exe -s 127.0.0.1:16384 exec-out "screencap | gzip -1" ` ret 0 , cost 314 ms , stdout size: 1484428 , socket size'
[2026-06-11 16:33:07] [DEBUG] [T:28060] [runner._check_one:483] [asst.log] 0e7b6a1b: pos 259876 → 259876, changed=False
[2026-06-11 16:33:09] [DEBUG] [T:28060] [runner._check_one:483] [asst.log] 0e7b6a1b: pos 259876 → 259876, changed=False
[2026-06-11 16:33:09] [DEBUG] [T:28060] [runner._check_one:483] [asst.log] 0e7b6a1b: pos 259876 → 259876, changed=False
[2026-06-11 16:33:11] [DEBUG] [T:28060] [runner._check_one:483] [asst.log] 0e7b6a1b: pos 259876 → 260965, changed=True
[2026-06-11 16:33:11] [DEBUG] [T:28060] [runner._check_one:489] [asst.log] head='[2026-06-11 16:33:10.831][TRC][Px29320][Tx29406] end of sleep 5000\n[2026-06-11 16:33:10.831][INF][Px29320][Tx29406] Assistant::append_callback | SubTaskCompleted {"class":"asst::ProcessTask","details"'
[2026-06-11 16:33:11] [DEBUG] [T:28060] [runner._check_one:483] [asst.log] 0e7b6a1b: pos 260965 → 260965, changed=False
[2026-06-11 16:33:13] [DEBUG] [T:28060] [runner._check_one:483] [asst.log] 0e7b6a1b: pos 260965 → 261971, changed=True
[2026-06-11 16:33:13] [DEBUG] [T:28060] [runner._check_one:489] [asst.log] head='[2026-06-11 16:33:11.654][INF][Px29320][Tx29406] Call ` D:\\Xiach\\MuMuPlayer\\nx_main\\adb.exe -s 127.0.0.1:16384 exec-out "screencap | gzip -1" ` ret 0 , cost 321 ms , stdout size: 1487363 , socket size'
[2026-06-11 16:33:13] [DEBUG] [T:28060] [runner._check_one:483] [asst.log] 0e7b6a1b: pos 261971 → 261971, changed=False
[2026-06-11 16:33:15] [DEBUG] [T:28060] [runner._check_one:483] [asst.log] 0e7b6a1b: pos 261971 → 261971, changed=False
[2026-06-11 16:33:15] [DEBUG] [T:28060] [runner._check_one:483] [asst.log] 0e7b6a1b: pos 261971 → 261971, changed=False
[2026-06-11 16:33:17] [DEBUG] [T:28060] [runner._check_one:483] [asst.log] 0e7b6a1b: pos 261971 → 263264, changed=True
[2026-06-11 16:33:17] [DEBUG] [T:28060] [runner._check_one:489] [asst.log] head='[2026-06-11 16:33:16.677][TRC][Px29320][Tx29406] end of sleep 5000\n[2026-06-11 16:33:16.677][INF][Px29320][Tx29406] Assistant::append_callback | SubTaskCompleted {"class":"asst::ProcessTask","details"'
[2026-06-11 16:33:17] [DEBUG] [T:28060] [runner._check_one:483] [asst.log] 0e7b6a1b: pos 263264 → 264066, changed=True
[2026-06-11 16:33:17] [DEBUG] [T:28060] [runner._check_one:489] [asst.log] head='[2026-06-11 16:33:17.497][TRC][Px29320][Tx29406] match_templ | BattleOfficiallyBegin.png [optimized] score: 0.931865 rect: [ 1185, 36, 47, 36 ] roi: [ 1165, 20, 75, 65 ]\n[2026-06-11 16:33:17.497][TRC]'
[2026-06-11 16:33:19] [DEBUG] [T:28060] [runner._check_one:483] [asst.log] 0e7b6a1b: pos 264066 → 264066, changed=False
[2026-06-11 16:33:19] [DEBUG] [T:28060] [runner._check_one:483] [asst.log] 0e7b6a1b: pos 264066 → 264066, changed=False
[2026-06-11 16:33:21] [DEBUG] [T:28060] [runner._check_one:483] [asst.log] 0e7b6a1b: pos 264066 → 264066, changed=False
[2026-06-11 16:33:21] [DEBUG] [T:28060] [runner._check_one:483] [asst.log] 0e7b6a1b: pos 264066 → 264066, changed=False
[2026-06-11 16:33:23] [DEBUG] [T:28060] [runner._check_one:483] [asst.log] 0e7b6a1b: pos 264066 → 266161, changed=True
[2026-06-11 16:33:23] [DEBUG] [T:28060] [runner._check_one:489] [asst.log] head='[2026-06-11 16:33:22.499][TRC][Px29320][Tx29406] end of sleep 5000\n[2026-06-11 16:33:22.499][INF][Px29320][Tx29406] Assistant::append_callback | SubTaskCompleted {"class":"asst::ProcessTask","details"'
[2026-06-11 16:33:23] [DEBUG] [T:28060] [runner._check_one:483] [asst.log] 0e7b6a1b: pos 266161 → 266161, changed=False
[2026-06-11 16:33:25] [DEBUG] [T:28060] [runner._check_one:483] [asst.log] 0e7b6a1b: pos 266161 → 266161, changed=False
[2026-06-11 16:33:25] [DEBUG] [T:28060] [runner._check_one:483] [asst.log] 0e7b6a1b: pos 266161 → 266161, changed=False
[2026-06-11 16:33:27] [DEBUG] [T:28060] [runner._check_one:483] [asst.log] 0e7b6a1b: pos 266161 → 266161, changed=False
[2026-06-11 16:33:27] [DEBUG] [T:28060] [runner._check_one:483] [asst.log] 0e7b6a1b: pos 266161 → 266161, changed=False
[2026-06-11 16:33:29] [DEBUG] [T:28060] [runner._check_one:483] [asst.log] 0e7b6a1b: pos 266161 → 268256, changed=True
[2026-06-11 16:33:29] [DEBUG] [T:28060] [runner._check_one:489] [asst.log] head='[2026-06-11 16:33:28.352][TRC][Px29320][Tx29406] end of sleep 5000\n[2026-06-11 16:33:28.352][INF][Px29320][Tx29406] Assistant::append_callback | SubTaskCompleted {"class":"asst::ProcessTask","details"'
[2026-06-11 16:33:29] [DEBUG] [T:28060] [runner._check_one:483] [asst.log] 0e7b6a1b: pos 268256 → 268256, changed=False
[2026-06-11 16:33:31] [DEBUG] [T:28060] [runner._check_one:483] [asst.log] 0e7b6a1b: pos 268256 → 268256, changed=False
[2026-06-11 16:33:31] [DEBUG] [T:28060] [runner._check_one:483] [asst.log] 0e7b6a1b: pos 268256 → 268256, changed=False
[2026-06-11 16:33:33] [DEBUG] [T:28060] [runner._check_one:483] [asst.log] 0e7b6a1b: pos 268256 → 268256, changed=False
[2026-06-11 16:33:33] [DEBUG] [T:28060] [runner._check_one:483] [asst.log] 0e7b6a1b: pos 268256 → 268256, changed=False
[2026-06-11 16:33:35] [DEBUG] [T:28060] [runner._check_one:483] [asst.log] 0e7b6a1b: pos 268256 → 270351, changed=True
[2026-06-11 16:33:35] [DEBUG] [T:28060] [runner._check_one:489] [asst.log] head='[2026-06-11 16:33:34.205][TRC][Px29320][Tx29406] end of sleep 5000\n[2026-06-11 16:33:34.205][INF][Px29320][Tx29406] Assistant::append_callback | SubTaskCompleted {"class":"asst::ProcessTask","details"'
[2026-06-11 16:33:35] [DEBUG] [T:28060] [runner._check_one:483] [asst.log] 0e7b6a1b: pos 270351 → 270351, changed=False
[2026-06-11 16:33:37] [DEBUG] [T:28060] [runner._check_one:483] [asst.log] 0e7b6a1b: pos 270351 → 270351, changed=False
[2026-06-11 16:33:37] [DEBUG] [T:28060] [runner._check_one:483] [asst.log] 0e7b6a1b: pos 270351 → 270351, changed=False
[2026-06-11 16:33:39] [DEBUG] [T:28060] [runner._check_one:483] [asst.log] 0e7b6a1b: pos 270351 → 270351, changed=False
[2026-06-11 16:33:39] [DEBUG] [T:28060] [runner._check_one:483] [asst.log] 0e7b6a1b: pos 270351 → 270351, changed=False
[2026-06-11 16:33:41] [DEBUG] [T:28060] [runner._check_one:483] [asst.log] 0e7b6a1b: pos 270351 → 272447, changed=True
[2026-06-11 16:33:41] [DEBUG] [T:28060] [runner._check_one:489] [asst.log] head='[2026-06-11 16:33:40.038][TRC][Px29320][Tx29406] end of sleep 5000\n[2026-06-11 16:33:40.038][INF][Px29320][Tx29406] Assistant::append_callback | SubTaskCompleted {"class":"asst::ProcessTask","details"'
[2026-06-11 16:33:41] [DEBUG] [T:28060] [runner._check_one:483] [asst.log] 0e7b6a1b: pos 272447 → 272447, changed=False
[2026-06-11 16:33:43] [DEBUG] [T:28060] [runner._check_one:483] [asst.log] 0e7b6a1b: pos 272447 → 272447, changed=False
[2026-06-11 16:33:43] [DEBUG] [T:28060] [runner._check_one:483] [asst.log] 0e7b6a1b: pos 272447 → 272447, changed=False
[2026-06-11 16:33:45] [DEBUG] [T:28060] [runner._check_one:483] [asst.log] 0e7b6a1b: pos 272447 → 272447, changed=False
[2026-06-11 16:33:45] [DEBUG] [T:28060] [runner._check_one:483] [asst.log] 0e7b6a1b: pos 272447 → 272447, changed=False
[2026-06-11 16:33:47] [DEBUG] [T:28060] [runner._check_one:483] [asst.log] 0e7b6a1b: pos 272447 → 274730, changed=True
[2026-06-11 16:33:47] [DEBUG] [T:28060] [runner._check_one:489] [asst.log] head='[2026-06-11 16:33:45.873][TRC][Px29320][Tx29406] end of sleep 5000\n[2026-06-11 16:33:45.873][INF][Px29320][Tx29406] Assistant::append_callback | SubTaskCompleted {"class":"asst::ProcessTask","details"'
[2026-06-11 16:33:47] [DEBUG] [T:28060] [runner._check_one:483] [asst.log] 0e7b6a1b: pos 274730 → 274730, changed=False
[2026-06-11 16:33:49] [DEBUG] [T:28060] [runner._check_one:483] [asst.log] 0e7b6a1b: pos 274730 → 274730, changed=False
[2026-06-11 16:33:49] [DEBUG] [T:28060] [runner._check_one:483] [asst.log] 0e7b6a1b: pos 274730 → 274730, changed=False
[2026-06-11 16:33:51] [DEBUG] [T:28060] [runner._check_one:483] [asst.log] 0e7b6a1b: pos 274730 → 274730, changed=False
[2026-06-11 16:33:51] [DEBUG] [T:28060] [runner._check_one:483] [asst.log] 0e7b6a1b: pos 274730 → 274730, changed=False
[2026-06-11 16:33:53] [DEBUG] [T:28060] [runner._check_one:483] [asst.log] 0e7b6a1b: pos 274730 → 276827, changed=True
[2026-06-11 16:33:53] [DEBUG] [T:28060] [runner._check_one:489] [asst.log] head='[2026-06-11 16:33:51.749][TRC][Px29320][Tx29406] end of sleep 5000\n[2026-06-11 16:33:51.749][INF][Px29320][Tx29406] Assistant::append_callback | SubTaskCompleted {"class":"asst::ProcessTask","details"'
[2026-06-11 16:33:53] [DEBUG] [T:28060] [runner._check_one:483] [asst.log] 0e7b6a1b: pos 276827 → 276827, changed=False
[2026-06-11 16:33:55] [DEBUG] [T:28060] [runner._check_one:483] [asst.log] 0e7b6a1b: pos 276827 → 276827, changed=False
[2026-06-11 16:33:55] [DEBUG] [T:28060] [runner._check_one:483] [asst.log] 0e7b6a1b: pos 276827 → 276827, changed=False
[2026-06-11 16:33:57] [DEBUG] [T:28060] [runner._check_one:483] [asst.log] 0e7b6a1b: pos 276827 → 276827, changed=False
[2026-06-11 16:33:57] [DEBUG] [T:28060] [runner._check_one:483] [asst.log] 0e7b6a1b: pos 276827 → 276827, changed=False
[2026-06-11 16:33:59] [DEBUG] [T:28060] [runner._check_one:483] [asst.log] 0e7b6a1b: pos 276827 → 279648, changed=True
[2026-06-11 16:33:59] [DEBUG] [T:28060] [runner._check_one:489] [asst.log] head='[2026-06-11 16:33:57.602][TRC][Px29320][Tx29406] end of sleep 5000\n[2026-06-11 16:33:57.602][INF][Px29320][Tx29406] Assistant::append_callback | SubTaskCompleted {"class":"asst::ProcessTask","details"'
[2026-06-11 16:33:59] [DEBUG] [T:28060] [runner._check_one:483] [asst.log] 0e7b6a1b: pos 279648 → 279648, changed=False
[2026-06-11 16:34:01] [DEBUG] [T:28060] [runner._check_one:483] [asst.log] 0e7b6a1b: pos 279648 → 279648, changed=False
[2026-06-11 16:34:01] [DEBUG] [T:28060] [runner._check_one:483] [asst.log] 0e7b6a1b: pos 279648 → 279648, changed=False
[2026-06-11 16:34:03] [DEBUG] [T:28060] [runner._check_one:483] [asst.log] 0e7b6a1b: pos 279648 → 279648, changed=False
[2026-06-11 16:34:03] [DEBUG] [T:28060] [runner._check_one:483] [asst.log] 0e7b6a1b: pos 279648 → 279648, changed=False
[2026-06-11 16:34:05] [DEBUG] [T:28060] [runner._check_one:483] [asst.log] 0e7b6a1b: pos 279648 → 295232, changed=True
[2026-06-11 16:34:05] [DEBUG] [T:28060] [runner._check_one:489] [asst.log] head='[2026-06-11 16:34:03.727][TRC][Px29320][Tx29406] end of sleep 5000\n[2026-06-11 16:34:04.097][INF][Px29320][Tx29406] Call ` D:\\Xiach\\MuMuPlayer\\nx_main\\adb.exe -s 127.0.0.1:16384 exec-out "screencap | '
[2026-06-11 16:34:05] [DEBUG] [T:28060] [runner._check_one:483] [asst.log] 0e7b6a1b: pos 295232 → 295232, changed=False
[2026-06-11 16:34:07] [DEBUG] [T:28060] [runner._check_one:483] [asst.log] 0e7b6a1b: pos 295232 → 300921, changed=True
[2026-06-11 16:34:07] [DEBUG] [T:28060] [runner._check_one:489] [asst.log] head='[2026-06-11 16:34:05.771][INF][Px29320][Tx29406] Call ` D:\\Xiach\\MuMuPlayer\\nx_main\\adb.exe -s 127.0.0.1:16384 exec-out "screencap | gzip -1" ` ret 0 , cost 290 ms , stdout size: 1299169 , socket size'
[2026-06-11 16:34:07] [DEBUG] [T:28060] [runner._check_one:483] [asst.log] 0e7b6a1b: pos 300921 → 300921, changed=False
[2026-06-11 16:34:09] [DEBUG] [T:28060] [runner._check_one:483] [asst.log] 0e7b6a1b: pos 300921 → 304969, changed=True
[2026-06-11 16:34:09] [DEBUG] [T:28060] [runner._check_one:489] [asst.log] head='[2026-06-11 16:34:07.974][TRC][Px29320][Tx29406] end of sleep 500\n[2026-06-11 16:34:07.974][INF][Px29320][Tx29406] {"class":"asst::ProcessTask","cur_task":"Fight@ClickCorner@LoadingIcon","details":{"c'
[2026-06-11 16:34:09] [DEBUG] [T:28060] [runner._check_one:483] [asst.log] 0e7b6a1b: pos 304969 → 304969, changed=False
[2026-06-11 16:34:11] [DEBUG] [T:28060] [runner._check_one:483] [asst.log] 0e7b6a1b: pos 304969 → 311370, changed=True
[2026-06-11 16:34:11] [DEBUG] [T:28060] [runner._check_one:489] [asst.log] head='[2026-06-11 16:34:09.607][TRC][Px29320][Tx29406] end of sleep 500\n[2026-06-11 16:34:09.607][INF][Px29320][Tx29406] {"class":"asst::ProcessTask","cur_task":"Fight@ClickCorner@LoadingIcon","details":{"c'
[2026-06-11 16:34:11] [DEBUG] [T:28060] [runner._check_one:483] [asst.log] 0e7b6a1b: pos 311370 → 311370, changed=False
[2026-06-11 16:34:13] [DEBUG] [T:28060] [runner._check_one:483] [asst.log] 0e7b6a1b: pos 311370 → 318963, changed=True
[2026-06-11 16:34:13] [DEBUG] [T:28060] [runner._check_one:489] [asst.log] head='[2026-06-11 16:34:11.577][INF][Px29320][Tx29406] Call ` D:\\Xiach\\MuMuPlayer\\nx_main\\adb.exe -s 127.0.0.1:16384 exec-out "screencap | gzip -1" ` ret 0 , cost 308 ms , stdout size: 1059809 , socket size'
[2026-06-11 16:34:13] [DEBUG] [T:28060] [runner._check_one:483] [asst.log] 0e7b6a1b: pos 318963 → 318963, changed=False
[2026-06-11 16:34:15] [DEBUG] [T:28060] [runner._check_one:483] [asst.log] 0e7b6a1b: pos 318963 → 324267, changed=True
[2026-06-11 16:34:15] [DEBUG] [T:28060] [runner._check_one:489] [asst.log] head='[2026-06-11 16:34:13.534][INF][Px29320][Tx29406] Call ` D:\\Xiach\\MuMuPlayer\\nx_main\\adb.exe -s 127.0.0.1:16384 exec-out "screencap | gzip -1" ` ret 0 , cost 280 ms , stdout size: 1036934 , socket size'
[2026-06-11 16:34:15] [DEBUG] [T:28060] [runner._check_one:483] [asst.log] 0e7b6a1b: pos 324267 → 324267, changed=False
[2026-06-11 16:34:17] [DEBUG] [T:28060] [runner._check_one:483] [asst.log] 0e7b6a1b: pos 324267 → 330097, changed=True
[2026-06-11 16:34:17] [DEBUG] [T:28060] [runner._check_one:489] [asst.log] head='[2026-06-11 16:34:15.783][INF][Px29320][Tx29406] Call ` D:\\Xiach\\MuMuPlayer\\nx_main\\adb.exe -s 127.0.0.1:16384 exec-out "screencap | gzip -1" ` ret 0 , cost 337 ms , stdout size: 1060131 , socket size'
[2026-06-11 16:34:17] [DEBUG] [T:28060] [runner._check_one:483] [asst.log] 0e7b6a1b: pos 330097 → 330097, changed=False
[2026-06-11 16:34:17] [DEBUG] [T:27996] [queue._tick:227] 跳过 a1: 已在运行
[2026-06-11 16:34:17] [DEBUG] [T:27996] [queue._tick:240] 跳过 a2: 模拟器 0 被占用
[2026-06-11 16:34:19] [DEBUG] [T:28060] [runner._check_one:483] [asst.log] 0e7b6a1b: pos 330097 → 333063, changed=True
[2026-06-11 16:34:19] [DEBUG] [T:28060] [runner._check_one:489] [asst.log] head='[2026-06-11 16:34:17.818][TRC][Px29320][Tx29406] end of sleep 500\n[2026-06-11 16:34:17.818][INF][Px29320][Tx29406] {"class":"asst::ProcessTask","cur_task":"InfrastBegin","details":{"cur_retry":0,"retr'
[2026-06-11 16:34:19] [DEBUG] [T:28060] [runner._check_one:483] [asst.log] 0e7b6a1b: pos 333063 → 333063, changed=False
[2026-06-11 16:34:21] [DEBUG] [T:28060] [runner._check_one:483] [asst.log] 0e7b6a1b: pos 333063 → 336986, changed=True
[2026-06-11 16:34:21] [DEBUG] [T:28060] [runner._check_one:489] [asst.log] head='[2026-06-11 16:34:19.542][INF][Px29320][Tx29406] Call ` D:\\Xiach\\MuMuPlayer\\nx_main\\adb.exe -s 127.0.0.1:16384 exec-out "screencap | gzip -1" ` ret 0 , cost 268 ms , stdout size: 775202 , socket size:'
[2026-06-11 16:34:21] [DEBUG] [T:28060] [runner._check_one:483] [asst.log] 0e7b6a1b: pos 336986 → 336986, changed=False
[2026-06-11 16:34:23] [DEBUG] [T:28060] [runner._check_one:483] [asst.log] 0e7b6a1b: pos 336986 → 340161, changed=True
[2026-06-11 16:34:23] [DEBUG] [T:28060] [runner._check_one:489] [asst.log] head='[2026-06-11 16:34:21.619][TRC][Px29320][Tx29406] end of sleep 500\n[2026-06-11 16:34:21.619][INF][Px29320][Tx29406] {"class":"asst::ProcessTask","cur_task":"Infrast@MainThemes","details":{"cur_retry":0'
[2026-06-11 16:34:23] [DEBUG] [T:28060] [runner._check_one:483] [asst.log] 0e7b6a1b: pos 340161 → 340161, changed=False
[2026-06-11 16:34:25] [DEBUG] [T:28060] [runner._check_one:483] [asst.log] 0e7b6a1b: pos 340161 → 342671, changed=True
[2026-06-11 16:34:25] [DEBUG] [T:28060] [runner._check_one:489] [asst.log] head='[2026-06-11 16:34:23.715][INF][Px29320][Tx29406] Call ` D:\\Xiach\\MuMuPlayer\\nx_main\\adb.exe -s 127.0.0.1:16384 exec-out "screencap | gzip -1" ` ret 0 , cost 269 ms , stdout size: 1391063 , socket size'
[2026-06-11 16:34:25] [DEBUG] [T:28060] [runner._check_one:483] [asst.log] 0e7b6a1b: pos 342671 → 342671, changed=False
[2026-06-11 16:34:27] [DEBUG] [T:28060] [runner._check_one:483] [asst.log] 0e7b6a1b: pos 342671 → 347170, changed=True
[2026-06-11 16:34:27] [DEBUG] [T:28060] [runner._check_one:489] [asst.log] head='[2026-06-11 16:34:25.528][INF][Px29320][Tx29406] Call ` D:\\Xiach\\MuMuPlayer\\nx_main\\adb.exe -s 127.0.0.1:16384 exec-out "screencap | gzip -1" ` ret 0 , cost 258 ms , stdout size: 707830 , socket size:'
[2026-06-11 16:34:27] [DEBUG] [T:28060] [runner._check_one:483] [asst.log] 0e7b6a1b: pos 347170 → 347170, changed=False
[2026-06-11 16:34:29] [DEBUG] [T:28060] [runner._check_one:483] [asst.log] 0e7b6a1b: pos 347170 → 350340, changed=True
[2026-06-11 16:34:29] [DEBUG] [T:28060] [runner._check_one:489] [asst.log] head='[2026-06-11 16:34:27.707][TRC][Px29320][Tx29406] end of sleep 1000\n[2026-06-11 16:34:27.707][INF][Px29320][Tx29406] Assistant::append_callback | SubTaskCompleted {"class":"asst::ProcessTask","details"'
[2026-06-11 16:34:29] [DEBUG] [T:28060] [runner._check_one:483] [asst.log] 0e7b6a1b: pos 350340 → 350340, changed=False
[2026-06-11 16:34:31] [DEBUG] [T:28060] [runner._check_one:483] [asst.log] 0e7b6a1b: pos 350340 → 353423, changed=True
[2026-06-11 16:34:31] [DEBUG] [T:28060] [runner._check_one:489] [asst.log] head='[2026-06-11 16:34:29.841][TRC][Px29320][Tx29406] end of sleep 1000\n[2026-06-11 16:34:29.841][INF][Px29320][Tx29406] Assistant::append_callback | SubTaskCompleted {"class":"asst::ProcessTask","details"'
[2026-06-11 16:34:31] [DEBUG] [T:28060] [runner._check_one:483] [asst.log] 0e7b6a1b: pos 353423 → 353423, changed=False
[2026-06-11 16:34:33] [DEBUG] [T:28060] [runner._check_one:483] [asst.log] 0e7b6a1b: pos 353423 → 356170, changed=True
[2026-06-11 16:34:33] [DEBUG] [T:28060] [runner._check_one:489] [asst.log] head='[2026-06-11 16:34:31.916][TRC][Px29320][Tx29406] end of sleep 1000\n[2026-06-11 16:34:31.916][INF][Px29320][Tx29406] Assistant::append_callback | SubTaskCompleted {"class":"asst::ProcessTask","details"'
[2026-06-11 16:34:33] [DEBUG] [T:28060] [runner._check_one:483] [asst.log] 0e7b6a1b: pos 356170 → 357123, changed=True
[2026-06-11 16:34:33] [DEBUG] [T:28060] [runner._check_one:489] [asst.log] head='[2026-06-11 16:34:33.495][TRC][Px29320][Tx29406] end of sleep 500\n[2026-06-11 16:34:33.495][INF][Px29320][Tx29406] {"class":"asst::ProcessTask","cur_task":"InfrastExitReward","details":{"cur_retry":0,'
[2026-06-11 16:34:35] [DEBUG] [T:28060] [runner._check_one:483] [asst.log] 0e7b6a1b: pos 357123 → 360127, changed=True
[2026-06-11 16:34:35] [DEBUG] [T:28060] [runner._check_one:489] [asst.log] head='[2026-06-11 16:34:33.996][TRC][Px29320][Tx29406] end of sleep 500\n[2026-06-11 16:34:33.998][TRC][Px29320][Tx29406] asst::PackageTask::run | run subtask 2 / 20 {"class":"asst::InfrastInfoTask","details'
[2026-06-11 16:34:35] [DEBUG] [T:28060] [runner._check_one:483] [asst.log] 0e7b6a1b: pos 360127 → 360127, changed=False
[2026-06-11 16:34:37] [DEBUG] [T:28060] [runner._check_one:483] [asst.log] 0e7b6a1b: pos 360127 → 364230, changed=True
[2026-06-11 16:34:37] [DEBUG] [T:28060] [runner._check_one:489] [asst.log] head='[2026-06-11 16:34:35.510][TRC][Px29320][Tx29406] multi_match |  result: [{ template: TradeMini.png, rect: [ 119, 290, 71, 63 ], score: 0.974684 }, { template: TradeMini.png, rect: [ 270, 441, 71, 63 ]'
[2026-06-11 16:34:37] [DEBUG] [T:28060] [runner._check_one:483] [asst.log] 0e7b6a1b: pos 364230 → 364230, changed=False
[2026-06-11 16:34:39] [DEBUG] [T:28060] [runner._check_one:483] [asst.log] 0e7b6a1b: pos 364230 → 364997, changed=True
[2026-06-11 16:34:39] [DEBUG] [T:28060] [runner._check_one:489] [asst.log] head='[2026-06-11 16:34:37.559][TRC][Px29320][Tx29406] multi_match |  result: [{ template: TradeMini.png, rect: [ 119, 290, 71, 63 ], score: 0.974684 }, { template: TradeMini.png, rect: [ 270, 441, 71, 63 ]'
[2026-06-11 16:34:39] [DEBUG] [T:28060] [runner._check_one:483] [asst.log] 0e7b6a1b: pos 364997 → 364997, changed=False
[2026-06-11 16:34:41] [DEBUG] [T:28060] [runner._check_one:483] [asst.log] 0e7b6a1b: pos 364997 → 366400, changed=True
[2026-06-11 16:34:41] [DEBUG] [T:28060] [runner._check_one:489] [asst.log] head='[2026-06-11 16:34:39.662][TRC][Px29320][Tx29406] end of sleep 2000\n[2026-06-11 16:34:39.662][TRC][Px29320][Tx29406] asst::InfrastAbstractTask::enter_facility | leave, 2650 ms\n[2026-06-11 16:34:39.662]'
[2026-06-11 16:34:41] [DEBUG] [T:28060] [runner._check_one:483] [asst.log] 0e7b6a1b: pos 366400 → 366400, changed=False
[2026-06-11 16:34:43] [DEBUG] [T:28060] [runner._check_one:483] [asst.log] 0e7b6a1b: pos 366400 → 367932, changed=True
[2026-06-11 16:34:43] [DEBUG] [T:28060] [runner._check_one:489] [asst.log] head='[2026-06-11 16:34:42.765][TRC][Px29320][Tx29406] end of sleep 2000\n[2026-06-11 16:34:42.765][INF][Px29320][Tx29406] Assistant::append_callback | SubTaskCompleted {"class":"asst::ProcessTask","details"'
[2026-06-11 16:34:43] [DEBUG] [T:28060] [runner._check_one:483] [asst.log] 0e7b6a1b: pos 367932 → 367932, changed=False
[2026-06-11 16:34:45] [DEBUG] [T:28060] [runner._check_one:483] [asst.log] 0e7b6a1b: pos 367932 → 368373, changed=True
[2026-06-11 16:34:45] [DEBUG] [T:28060] [runner._check_one:489] [asst.log] head='[2026-06-11 16:34:44.197][TRC][Px29320][Tx29406] end of sleep 1000\n[2026-06-11 16:34:44.197][TRC][Px29320][Tx29406] Click with scaled coordinates (103, 222) 1\n[2026-06-11 16:34:44.197][TRC][Px29320][T'
[2026-06-11 16:34:45] [DEBUG] [T:28060] [runner._check_one:483] [asst.log] 0e7b6a1b: pos 368373 → 368373, changed=False
[2026-06-11 16:34:47] [DEBUG] [T:28060] [runner._check_one:483] [asst.log] 0e7b6a1b: pos 368373 → 368745, changed=True
[2026-06-11 16:34:47] [DEBUG] [T:28060] [runner._check_one:489] [asst.log] head='[2026-06-11 16:34:46.301][TRC][Px29320][Tx29406] end of sleep 1000\n[2026-06-11 16:34:46.301][TRC][Px29320][Tx29406] Click with scaled coordinates (190, 220) 1\n[2026-06-11 16:34:46.301][TRC][Px29320][T'
[2026-06-11 16:34:47] [DEBUG] [T:28060] [runner._check_one:483] [asst.log] 0e7b6a1b: pos 368745 → 368745, changed=False
[2026-06-11 16:34:49] [DEBUG] [T:28060] [runner._check_one:483] [asst.log] 0e7b6a1b: pos 368745 → 373345, changed=True
[2026-06-11 16:34:49] [DEBUG] [T:28060] [runner._check_one:489] [asst.log] head='[2026-06-11 16:34:47.662][INF][Px29320][Tx29406] Call ` D:\\Xiach\\MuMuPlayer\\nx_main\\adb.exe -s 127.0.0.1:16384 exec-out "screencap | gzip -1" ` ret 0 , cost 259 ms , stdout size: 1061551 , socket size'
[2026-06-11 16:34:49] [DEBUG] [T:28060] [runner._check_one:483] [asst.log] 0e7b6a1b: pos 373345 → 373345, changed=False
[2026-06-11 16:34:51] [DEBUG] [T:28060] [runner._check_one:483] [asst.log] 0e7b6a1b: pos 373345 → 378420, changed=True
[2026-06-11 16:34:51] [DEBUG] [T:28060] [runner._check_one:489] [asst.log] head='[2026-06-11 16:34:50.438][TRC][Px29320][Tx29406] end of sleep 1500\n[2026-06-11 16:34:50.438][TRC][Px29320][Tx29406] asst::InfrastAbstractTask::close_quick_formation_expand_role | enter\n[2026-06-11 16:'
[2026-06-11 16:34:51] [DEBUG] [T:28060] [runner._check_one:483] [asst.log] 0e7b6a1b: pos 378420 → 378420, changed=False
[2026-06-11 16:34:53] [DEBUG] [T:28060] [runner._check_one:483] [asst.log] 0e7b6a1b: pos 378420 → 437311, changed=True
[2026-06-11 16:34:53] [DEBUG] [T:28060] [runner._check_one:489] [asst.log] head='[2026-06-11 16:34:51.601][TRC][Px29320][Tx29406] bskill_tra_par&per1 白手起家·α\n[2026-06-11 16:34:51.601][TRC][Px29320][Tx29406] [ bskill_tra_par&per1 - 白手起家·α;  ]\n[2026-06-11 16:34:51.602][TRC][Px29320]['
[2026-06-11 16:34:53] [DEBUG] [T:28060] [runner._check_one:483] [asst.log] 0e7b6a1b: pos 437311 → 437311, changed=False
[2026-06-11 16:34:55] [DEBUG] [T:28060] [runner._check_one:483] [asst.log] 0e7b6a1b: pos 437311 → 454974, changed=True
[2026-06-11 16:34:55] [DEBUG] [T:28060] [runner._check_one:489] [asst.log] head='[2026-06-11 16:34:53.812][TRC][Px29320][Tx29406] ready to sleep 200\n[2026-06-11 16:34:54.013][TRC][Px29320][Tx29406] end of sleep 200\n[2026-06-11 16:34:54.013][INF][Px29320][Tx29406] Assistant::append'
[2026-06-11 16:34:55] [DEBUG] [T:28060] [runner._check_one:483] [asst.log] 0e7b6a1b: pos 454974 → 454974, changed=False
[2026-06-11 16:34:57] [DEBUG] [T:28060] [runner._check_one:483] [asst.log] 0e7b6a1b: pos 454974 → 505577, changed=True
[2026-06-11 16:34:57] [DEBUG] [T:28060] [runner._check_one:489] [asst.log] head='[2026-06-11 16:34:55.664][INF][Px29320][Tx29406] Call ` D:\\Xiach\\MuMuPlayer\\nx_main\\adb.exe -s 127.0.0.1:16384 exec-out "screencap | gzip -1" ` ret 0 , cost 259 ms , stdout size: 1300599 , socket size'
[2026-06-11 16:34:57] [DEBUG] [T:28060] [runner._check_one:483] [asst.log] 0e7b6a1b: pos 505577 → 505577, changed=False
[2026-06-11 16:34:59] [DEBUG] [T:28060] [runner._check_one:483] [asst.log] 0e7b6a1b: pos 505577 → 538681, changed=True
[2026-06-11 16:34:59] [DEBUG] [T:28060] [runner._check_one:489] [asst.log] head='[2026-06-11 16:34:57.873][TRC][Px29320][Tx29406] ready to sleep 200\n[2026-06-11 16:34:58.074][TRC][Px29320][Tx29406] end of sleep 200\n[2026-06-11 16:34:58.074][INF][Px29320][Tx29406] Assistant::append'
[2026-06-11 16:34:59] [DEBUG] [T:28060] [runner._check_one:483] [asst.log] 0e7b6a1b: pos 538681 → 539347, changed=True
[2026-06-11 16:34:59] [DEBUG] [T:28060] [runner._check_one:489] [asst.log] head='[2026-06-11 16:34:59.493][TRC][Px29320][Tx29406] end of sleep 200\n[2026-06-11 16:34:59.493][INF][Px29320][Tx29406] Assistant::append_callback | SubTaskCompleted {"class":"asst::ProcessTask","details":'
[2026-06-11 16:35:01] [DEBUG] [T:28060] [runner._check_one:483] [asst.log] 0e7b6a1b: pos 539347 → 562421, changed=True
[2026-06-11 16:35:01] [DEBUG] [T:28060] [runner._check_one:489] [asst.log] head='[2026-06-11 16:34:59.759][INF][Px29320][Tx29406] Call ` D:\\Xiach\\MuMuPlayer\\nx_main\\adb.exe -s 127.0.0.1:16384 exec-out "screencap | gzip -1" ` ret 0 , cost 265 ms , stdout size: 1310707 , socket size'
[2026-06-11 16:35:01] [DEBUG] [T:28060] [runner._check_one:483] [asst.log] 0e7b6a1b: pos 562421 → 562421, changed=False
[2026-06-11 16:35:03] [DEBUG] [T:28060] [runner._check_one:483] [asst.log] 0e7b6a1b: pos 562421 → 570707, changed=True
[2026-06-11 16:35:03] [DEBUG] [T:28060] [runner._check_one:489] [asst.log] head='[2026-06-11 16:35:01.571][INF][Px29320][Tx29406] Assistant::append_callback | SubTaskCompleted {"class":"asst::ProcessTask","details":{"action":"ClickSelf","algorithm":"MatchTemplate","exec_times":1,"'
[2026-06-11 16:35:03] [DEBUG] [T:28060] [runner._check_one:483] [asst.log] 0e7b6a1b: pos 570707 → 570707, changed=False
[2026-06-11 16:35:05] [DEBUG] [T:28060] [runner._check_one:483] [asst.log] 0e7b6a1b: pos 570707 → 581777, changed=True
[2026-06-11 16:35:05] [DEBUG] [T:28060] [runner._check_one:489] [asst.log] head='[2026-06-11 16:35:03.884][TRC][Px29320][Tx29406] end of sleep 500\n[2026-06-11 16:35:03.884][INF][Px29320][Tx29406] {"class":"asst::ProcessTask","cur_task":"BattleQuickFormationRole-All","details":{"cu'
[2026-06-11 16:35:05] [DEBUG] [T:28060] [runner._check_one:483] [asst.log] 0e7b6a1b: pos 581777 → 581777, changed=False
[2026-06-11 16:35:07] [DEBUG] [T:28060] [runner._check_one:483] [asst.log] 0e7b6a1b: pos 581777 → 622554, changed=True
[2026-06-11 16:35:07] [DEBUG] [T:28060] [runner._check_one:489] [asst.log] head='[2026-06-11 16:35:06.150][TRC][Px29320][Tx29406] end of sleep 1000\n[2026-06-11 16:35:06.150][INF][Px29320][Tx29406] Assistant::append_callback | SubTaskCompleted {"class":"asst::ProcessTask","details"'
[2026-06-11 16:35:07] [DEBUG] [T:28060] [runner._check_one:483] [asst.log] 0e7b6a1b: pos 622554 → 622554, changed=False
[2026-06-11 16:35:09] [DEBUG] [T:28060] [runner._check_one:483] [asst.log] 0e7b6a1b: pos 622554 → 624865, changed=True
[2026-06-11 16:35:09] [DEBUG] [T:28060] [runner._check_one:489] [asst.log] head='[2026-06-11 16:35:07.731][INF][Px29320][Tx29406] Call ` D:\\Xiach\\MuMuPlayer\\nx_main\\adb.exe -s 127.0.0.1:16384 exec-out "screencap | gzip -1" ` ret 0 , cost 315 ms , stdout size: 1323389 , socket size'
[2026-06-11 16:35:09] [DEBUG] [T:28060] [runner._check_one:483] [asst.log] 0e7b6a1b: pos 624865 → 624865, changed=False
[2026-06-11 16:35:11] [DEBUG] [T:28060] [runner._check_one:483] [asst.log] 0e7b6a1b: pos 624865 → 627109, changed=True
[2026-06-11 16:35:11] [DEBUG] [T:28060] [runner._check_one:489] [asst.log] head='[2026-06-11 16:35:09.654][INF][Px29320][Tx29406] Call ` D:\\Xiach\\MuMuPlayer\\nx_main\\adb.exe -s 127.0.0.1:16384 exec-out "screencap | gzip -1" ` ret 0 , cost 303 ms , stdout size: 1324974 , socket size'
[2026-06-11 16:35:11] [DEBUG] [T:28060] [runner._check_one:483] [asst.log] 0e7b6a1b: pos 627109 → 627109, changed=False
[2026-06-11 16:35:13] [DEBUG] [T:28060] [runner._check_one:483] [asst.log] 0e7b6a1b: pos 627109 → 634054, changed=True
[2026-06-11 16:35:13] [DEBUG] [T:28060] [runner._check_one:489] [asst.log] head='[2026-06-11 16:35:11.779][TRC][Px29320][Tx29406] end of sleep 500\n[2026-06-11 16:35:12.058][INF][Px29320][Tx29406] Call ` D:\\Xiach\\MuMuPlayer\\nx_main\\adb.exe -s 127.0.0.1:16384 exec-out "screencap | g'
[2026-06-11 16:35:13] [DEBUG] [T:28060] [runner._check_one:483] [asst.log] 0e7b6a1b: pos 634054 → 634054, changed=False
[2026-06-11 16:35:15] [DEBUG] [T:28060] [runner._check_one:483] [asst.log] 0e7b6a1b: pos 634054 → 640838, changed=True
[2026-06-11 16:35:15] [DEBUG] [T:28060] [runner._check_one:489] [asst.log] head='[2026-06-11 16:35:13.521][INF][Px29320][Tx29406] Call ` D:\\Xiach\\MuMuPlayer\\nx_main\\adb.exe -s 127.0.0.1:16384 exec-out "screencap | gzip -1" ` ret 0 , cost 238 ms , stdout size: 1061666 , socket size'
[2026-06-11 16:35:15] [DEBUG] [T:28060] [runner._check_one:483] [asst.log] 0e7b6a1b: pos 640838 → 640838, changed=False
[2026-06-11 16:35:17] [DEBUG] [T:28060] [runner._check_one:483] [asst.log] 0e7b6a1b: pos 640838 → 642010, changed=True
[2026-06-11 16:35:17] [DEBUG] [T:28060] [runner._check_one:489] [asst.log] head='[2026-06-11 16:35:15.617][INF][Px29320][Tx29406] Call ` D:\\Xiach\\MuMuPlayer\\nx_main\\adb.exe -s 127.0.0.1:16384 exec-out "screencap | gzip -1" ` ret 0 , cost 231 ms , stdout size: 755564 , socket size:'
[2026-06-11 16:35:17] [DEBUG] [T:28060] [runner._check_one:483] [asst.log] 0e7b6a1b: pos 642010 → 642010, changed=False
[2026-06-11 16:35:19] [DEBUG] [T:28060] [runner._check_one:483] [asst.log] 0e7b6a1b: pos 642010 → 642607, changed=True
[2026-06-11 16:35:19] [DEBUG] [T:28060] [runner._check_one:489] [asst.log] head='[2026-06-11 16:35:19.243][TRC][Px29320][Tx29406] end of sleep 3500\n[2026-06-11 16:35:19.243][INF][Px29320][Tx29406] Assistant::append_callback | SubTaskCompleted {"class":"asst::ProcessTask","details"'
[2026-06-11 16:35:19] [DEBUG] [T:28060] [runner._check_one:483] [asst.log] 0e7b6a1b: pos 642607 → 642607, changed=False
[2026-06-11 16:35:21] [DEBUG] [T:28060] [runner._cleanup:622] [完成] 阿仄仄仄 MAA 自行退出 (PostActions=6)
[2026-06-11 16:35:21] [INFO ] [T:28060] [app._log:192] [完成] 阿仄仄仄 退出码=0 耗时=5m41s 🧠 StartUp,Award,Fight,Infrast,Recruit,Mall
[2026-06-11 16:35:21] [INFO ] [T:28060] [app._log:192] [账号] 阿仄仄仄 状态: completed (exit=0)
[2026-06-11 16:35:23] [INFO ] [T:28060] [app._log:192] [资源] 内存已恢复 (7.2GB 可用)，继续启动
[2026-06-11 16:35:34] [INFO ] [T:27280] [app._log:192] ══ 启动 ══
[2026-06-11 16:35:34] [INFO ] [T:27280] [app._log:192] [队列] 从历史恢复 0 个等待项
[2026-06-11 16:35:34] [INFO ] [T:27280] [app._log:192] 账号: 2 | 仓库: 0 | 分组: 0
[2026-06-11 16:35:35] [INFO ] [T:27280] [app._log:192] API 服务已启动: http://127.0.0.1:19999
[2026-06-11 16:35:39] [INFO ] [T:27280] [app._log:192] [队列] 阿仄仄仄 入队 (force)
[2026-06-11 16:35:39] [INFO ] [T:27280] [app._log:192] [队列] 樄耳东c 入队 (force)
[2026-06-11 16:35:39] [INFO ] [T:27280] [app._log:192] ▶ 强制调度刷关: 2 个账号已入队
[2026-06-11 16:35:39] [INFO ] [T:27280] [app._log:192] ⚠ 环境检测: 0 个错误, 1 个警告
[2026-06-11 16:35:40] [INFO ] [T:27280] [app._log:192] [启动] ADB(127.0.0.1:16384) Emu(0) 实例#1
[2026-06-11 16:35:40] [INFO ] [T:27280] [app._log:192] [启动] 阿仄仄仄
[2026-06-11 16:35:40] [ERROR] [T:27280] [crash._write_crash:10] Traceback (most recent call last):
  File "D:\1-2\MAAOrch\app\main_window.py", line 672, in _poll
    self.maint.poll()
  File "D:\1-2\MAAOrch\services\instance_pool.py", line 366, in poll
    self.ctx._mw.runner.check_processes()
  File "D:\1-2\MAAOrch\services\runner.py", line 469, in check_processes
    self._check_resources()
  File "D:\1-2\MAAOrch\services\runner.py", line 447, in _check_resources
    pp = psutil.Process(p.pid)
                        ^^^^^
AttributeError: 'str' object has no attribute 'pid'

[2026-06-11 16:35:40] [INFO ] [T:27280] [app._log:192] 启动模拟器 #0
[2026-06-11 16:35:41] [INFO ] [T:27280] [app._log:192] 等待模拟器就绪 (最长 30s)...
[2026-06-11 16:35:45] [INFO ] [T:27280] [app._log:192] 模拟器 #0 已就绪
[2026-06-11 16:35:45] [INFO ] [T:27280] [app._log:192] [启动] ADB(127.0.0.1:16416) Emu(1) 实例#2
[2026-06-11 16:35:45] [INFO ] [T:27280] [app._log:192] [启动] 樄耳东c
[2026-06-11 16:35:45] [INFO ] [T:27280] [app._log:192] 启动模拟器 #1
[2026-06-11 16:35:46] [INFO ] [T:27280] [app._log:192] 等待模拟器就绪 (最长 30s)...
[2026-06-11 16:35:46] [INFO ] [T:27280] [app._log:192] 🧠 智能调度: StartUp,Award,Fight,Infrast,Recruit,Mall
[2026-06-11 16:35:46] [INFO ] [T:8320] [injector._write:567] 写入 gui.json (use_v6=False, tasks=0, infra_mode=Normal)
[2026-06-11 16:35:46] [INFO ] [T:8320] [injector._write:567] 写入 gui.new.json (use_v6=True, tasks=9, infra_mode=Normal)
[2026-06-11 16:35:46] [INFO ] [T:27280] [app._log:192] 注入配置: D:\1-2\MAAOrch\services\maa\instances\1\config/
[2026-06-11 16:35:46] [INFO ] [T:27280] [app._log:192] ✓ 启动 MAA PID=5564
[2026-06-11 16:35:50] [INFO ] [T:27280] [app._log:192] 模拟器 #1 已就绪
[2026-06-11 16:35:51] [INFO ] [T:27280] [app._log:192] 🧠 智能调度: StartUp,Award,Fight,Infrast,Recruit,Mall
[2026-06-11 16:35:51] [INFO ] [T:25500] [injector._write:567] 写入 gui.json (use_v6=False, tasks=0, infra_mode=Normal)
[2026-06-11 16:35:51] [INFO ] [T:25500] [injector._write:567] 写入 gui.new.json (use_v6=True, tasks=9, infra_mode=Normal)
[2026-06-11 16:35:51] [INFO ] [T:27280] [app._log:192] 注入配置: D:\1-2\MAAOrch\services\maa\instances\2\config/
[2026-06-11 16:35:51] [INFO ] [T:27280] [app._log:192] ✓ 启动 MAA PID=26256
[2026-06-11 16:36:18] [INFO ] [T:27280] [app._log:192] [资源] 系统可用内存 1.9GB 不足，暂停新启动
[2026-06-11 16:36:18] [DEBUG] [T:27280] [runner._check_one:487] [asst.log] 0e7b6a1b: pos 0 → 54155, changed=True
[2026-06-11 16:36:18] [DEBUG] [T:27280] [runner._check_one:493] [asst.log] head='[2026-06-11 16:35:50.259][TRC][Px5564][Tx16614] -----------------------------\n[2026-06-11 16:35:50.260][TRC][Px5564][Tx16614] MaaCore Process Start\n[2026-06-11 16:35:50.260][TRC][Px5564][Tx16614] Vers'
[2026-06-11 16:36:18] [DEBUG] [T:27280] [runner._check_one:487] [asst.log] 4f9d5e58: pos 0 → 47794, changed=True
[2026-06-11 16:36:18] [DEBUG] [T:27280] [runner._check_one:493] [asst.log] head='[2026-06-11 16:35:57.344][TRC][Px26256][Tx57240] -----------------------------\n[2026-06-11 16:35:57.345][TRC][Px26256][Tx57240] MaaCore Process Start\n[2026-06-11 16:35:57.345][TRC][Px26256][Tx57240] V'
[2026-06-11 16:36:18] [DEBUG] [T:27280] [runner._check_one:487] [asst.log] 0e7b6a1b: pos 54155 → 54155, changed=False
[2026-06-11 16:36:18] [DEBUG] [T:27280] [runner._check_one:487] [asst.log] 4f9d5e58: pos 47794 → 47794, changed=False
[2026-06-11 16:36:20] [DEBUG] [T:27280] [runner._check_one:487] [asst.log] 0e7b6a1b: pos 54155 → 56536, changed=True
[2026-06-11 16:36:20] [DEBUG] [T:27280] [runner._check_one:493] [asst.log] head='[2026-06-11 16:36:19.358][TRC][Px5564][Tx11946] end of sleep 1000\n[2026-06-11 16:36:19.669][INF][Px5564][Tx11946] Call ` D:\\Xiach\\MuMuPlayer\\nx_main\\adb.exe -s 127.0.0.1:16384 exec-out "screencap | gz'
[2026-06-11 16:36:20] [DEBUG] [T:27280] [runner._check_one:487] [asst.log] 4f9d5e58: pos 47794 → 50414, changed=True
[2026-06-11 16:36:20] [DEBUG] [T:27280] [runner._check_one:493] [asst.log] head='[2026-06-11 16:36:18.949][TRC][Px26256][Tx16481] end of sleep 1000\n[2026-06-11 16:36:19.276][INF][Px26256][Tx16481] Call ` D:\\Xiach\\MuMuPlayer\\nx_main\\adb.exe -s 127.0.0.1:16416 exec-out "screencap | '
[2026-06-11 16:36:20] [DEBUG] [T:27280] [runner._check_one:487] [asst.log] 0e7b6a1b: pos 56536 → 56536, changed=False
[2026-06-11 16:36:20] [DEBUG] [T:27280] [runner._check_one:487] [asst.log] 4f9d5e58: pos 50414 → 50414, changed=False
[2026-06-11 16:36:22] [DEBUG] [T:27280] [runner._check_one:487] [asst.log] 0e7b6a1b: pos 56536 → 59360, changed=True
[2026-06-11 16:36:22] [DEBUG] [T:27280] [runner._check_one:493] [asst.log] head='[2026-06-11 16:36:20.988][TRC][Px5564][Tx11946] asst::WordOcr [{ text: , rect: [ 427 (463), 45 (271), 54, 38 ], score: 0.000000 }, { text: , rect: [ 456 (492), 81 (307), 25, 23 ], score: 0.000000 }, {'
[2026-06-11 16:36:22] [DEBUG] [T:27280] [runner._check_one:487] [asst.log] 4f9d5e58: pos 50414 → 52805, changed=True
[2026-06-11 16:36:22] [DEBUG] [T:27280] [runner._check_one:493] [asst.log] head='[2026-06-11 16:36:21.189][TRC][Px26256][Tx16481] end of sleep 1000\n[2026-06-11 16:36:21.439][INF][Px26256][Tx16481] Call ` D:\\Xiach\\MuMuPlayer\\nx_main\\adb.exe -s 127.0.0.1:16416 exec-out "screencap | '
[2026-06-11 16:36:22] [DEBUG] [T:27280] [runner._check_one:487] [asst.log] 0e7b6a1b: pos 59360 → 59360, changed=False
[2026-06-11 16:36:22] [DEBUG] [T:27280] [runner._check_one:487] [asst.log] 4f9d5e58: pos 52805 → 52805, changed=False
[2026-06-11 16:36:24] [DEBUG] [T:27280] [runner._check_one:487] [asst.log] 0e7b6a1b: pos 59360 → 63545, changed=True
[2026-06-11 16:36:24] [DEBUG] [T:27280] [runner._check_one:493] [asst.log] head='[2026-06-11 16:36:22.969][TRC][Px5564][Tx11946] asst::WordOcr [{ text: -年闪, rect: [ 95 (468), 128 (273), 144, 33 ], score: 0.507730 }, { text: SDQ, rect: [ 331 (704), 119 (264), 114, 25 ], score: 0.91'
[2026-06-11 16:36:24] [DEBUG] [T:27280] [runner._check_one:487] [asst.log] 4f9d5e58: pos 52805 → 55350, changed=True
[2026-06-11 16:36:24] [DEBUG] [T:27280] [runner._check_one:493] [asst.log] head='[2026-06-11 16:36:23.040][TRC][Px26256][Tx16481] asst::WordOcr [{ text: , rect: [ 427 (463), 45 (271), 54, 38 ], score: 0.000000 }, { text: , rect: [ 456 (492), 81 (307), 25, 23 ], score: 0.000000 }, '
[2026-06-11 16:36:24] [DEBUG] [T:27280] [runner._check_one:487] [asst.log] 0e7b6a1b: pos 63545 → 63545, changed=False
[2026-06-11 16:36:24] [DEBUG] [T:27280] [runner._check_one:487] [asst.log] 4f9d5e58: pos 55350 → 55350, changed=False
[2026-06-11 16:36:26] [DEBUG] [T:27280] [runner._check_one:487] [asst.log] 0e7b6a1b: pos 63545 → 66153, changed=True
[2026-06-11 16:36:26] [DEBUG] [T:27280] [runner._check_one:493] [asst.log] head='[2026-06-11 16:36:25.035][TRC][Px5564][Tx11946] end of sleep 1000\n[2026-06-11 16:36:25.401][INF][Px5564][Tx11946] Call ` D:\\Xiach\\MuMuPlayer\\nx_main\\adb.exe -s 127.0.0.1:16384 exec-out "screencap | gz'
[2026-06-11 16:36:26] [DEBUG] [T:27280] [runner._check_one:487] [asst.log] 4f9d5e58: pos 55350 → 58847, changed=True
[2026-06-11 16:36:26] [DEBUG] [T:27280] [runner._check_one:493] [asst.log] head='[2026-06-11 16:36:24.888][TRC][Px26256][Tx16481] asst::WordOcr [{ text: 角闪给, rect: [ 94 (467), 126 (271), 145, 36 ], score: 0.691725 }, { text: S1UDQ, rect: [ 329 (702), 117 (262), 116, 28 ], score: 0'
[2026-06-11 16:36:26] [DEBUG] [T:27280] [runner._check_one:487] [asst.log] 0e7b6a1b: pos 66153 → 66153, changed=False
[2026-06-11 16:36:26] [DEBUG] [T:27280] [runner._check_one:487] [asst.log] 4f9d5e58: pos 58847 → 58847, changed=False
[2026-06-11 16:36:28] [DEBUG] [T:27280] [runner._check_one:487] [asst.log] 0e7b6a1b: pos 66153 → 68761, changed=True
[2026-06-11 16:36:28] [DEBUG] [T:27280] [runner._check_one:493] [asst.log] head='[2026-06-11 16:36:27.230][TRC][Px5564][Tx11946] end of sleep 1000\n[2026-06-11 16:36:27.509][INF][Px5564][Tx11946] Call ` D:\\Xiach\\MuMuPlayer\\nx_main\\adb.exe -s 127.0.0.1:16384 exec-out "screencap | gz'
[2026-06-11 16:36:28] [DEBUG] [T:27280] [runner._check_one:487] [asst.log] 4f9d5e58: pos 58847 → 61467, changed=True
[2026-06-11 16:36:28] [DEBUG] [T:27280] [runner._check_one:493] [asst.log] head='[2026-06-11 16:36:27.008][INF][Px26256][Tx16481] Call ` D:\\Xiach\\MuMuPlayer\\nx_main\\adb.exe -s 127.0.0.1:16416 exec-out "screencap | gzip -1" ` ret 0 , cost 309 ms , stdout size: 17908 , socket size: '
[2026-06-11 16:36:28] [DEBUG] [T:27280] [runner._check_one:487] [asst.log] 0e7b6a1b: pos 68761 → 68761, changed=False
[2026-06-11 16:36:28] [DEBUG] [T:27280] [runner._check_one:487] [asst.log] 4f9d5e58: pos 61467 → 61467, changed=False
[2026-06-11 16:36:30] [DEBUG] [T:27280] [runner._check_one:487] [asst.log] 0e7b6a1b: pos 68761 → 71369, changed=True
[2026-06-11 16:36:30] [DEBUG] [T:27280] [runner._check_one:493] [asst.log] head='[2026-06-11 16:36:29.251][TRC][Px5564][Tx11946] end of sleep 1000\n[2026-06-11 16:36:29.670][INF][Px5564][Tx11946] Call ` D:\\Xiach\\MuMuPlayer\\nx_main\\adb.exe -s 127.0.0.1:16384 exec-out "screencap | gz'
[2026-06-11 16:36:30] [DEBUG] [T:27280] [runner._check_one:487] [asst.log] 4f9d5e58: pos 61467 → 64021, changed=True
[2026-06-11 16:36:30] [DEBUG] [T:27280] [runner._check_one:493] [asst.log] head='[2026-06-11 16:36:28.995][INF][Px26256][Tx16481] Call ` D:\\Xiach\\MuMuPlayer\\nx_main\\adb.exe -s 127.0.0.1:16416 exec-out "screencap | gzip -1" ` ret 0 , cost 285 ms , stdout size: 17908 , socket size: '
[2026-06-11 16:36:30] [DEBUG] [T:27280] [runner._check_one:487] [asst.log] 0e7b6a1b: pos 71369 → 71369, changed=False
[2026-06-11 16:36:30] [DEBUG] [T:27280] [runner._check_one:487] [asst.log] 4f9d5e58: pos 64021 → 64021, changed=False
[2026-06-11 16:36:30] [INFO ] [T:27280] [app._log:192] [状态] 运行中: 2/2 | 队列: 0 | 错误: 0
[2026-06-11 16:36:32] [DEBUG] [T:27280] [runner._check_one:487] [asst.log] 0e7b6a1b: pos 71369 → 74163, changed=True
[2026-06-11 16:36:32] [DEBUG] [T:27280] [runner._check_one:493] [asst.log] head='[2026-06-11 16:36:31.607][TRC][Px5564][Tx11946] end of sleep 1000\n[2026-06-11 16:36:31.930][INF][Px5564][Tx11946] Call ` D:\\Xiach\\MuMuPlayer\\nx_main\\adb.exe -s 127.0.0.1:16384 exec-out "screencap | gz'
[2026-06-11 16:36:32] [DEBUG] [T:27280] [runner._check_one:487] [asst.log] 4f9d5e58: pos 64021 → 66641, changed=True
[2026-06-11 16:36:32] [DEBUG] [T:27280] [runner._check_one:493] [asst.log] head='[2026-06-11 16:36:30.930][TRC][Px26256][Tx16481] end of sleep 1000\n[2026-06-11 16:36:31.286][INF][Px26256][Tx16481] Call ` D:\\Xiach\\MuMuPlayer\\nx_main\\adb.exe -s 127.0.0.1:16416 exec-out "screencap | '
[2026-06-11 16:36:32] [DEBUG] [T:27280] [runner._check_one:487] [asst.log] 0e7b6a1b: pos 74163 → 74163, changed=False
[2026-06-11 16:36:32] [DEBUG] [T:27280] [runner._check_one:487] [asst.log] 4f9d5e58: pos 66641 → 66641, changed=False
[2026-06-11 16:36:34] [DEBUG] [T:27280] [runner._check_one:487] [asst.log] 0e7b6a1b: pos 74163 → 75550, changed=True
[2026-06-11 16:36:34] [DEBUG] [T:27280] [runner._check_one:493] [asst.log] head='[2026-06-11 16:36:33.701][TRC][Px5564][Tx11946] end of sleep 1000\n[2026-06-11 16:36:34.088][INF][Px5564][Tx11946] Call ` D:\\Xiach\\MuMuPlayer\\nx_main\\adb.exe -s 127.0.0.1:16384 exec-out "screencap | gz'
[2026-06-11 16:36:34] [DEBUG] [T:27280] [runner._check_one:487] [asst.log] 4f9d5e58: pos 66641 → 69261, changed=True
[2026-06-11 16:36:34] [DEBUG] [T:27280] [runner._check_one:493] [asst.log] head='[2026-06-11 16:36:33.016][TRC][Px26256][Tx16481] end of sleep 1000\n[2026-06-11 16:36:33.309][INF][Px26256][Tx16481] Call ` D:\\Xiach\\MuMuPlayer\\nx_main\\adb.exe -s 127.0.0.1:16416 exec-out "screencap | '
[2026-06-11 16:36:34] [DEBUG] [T:27280] [runner._check_one:487] [asst.log] 0e7b6a1b: pos 75550 → 75550, changed=False
[2026-06-11 16:36:34] [DEBUG] [T:27280] [runner._check_one:487] [asst.log] 4f9d5e58: pos 69261 → 69261, changed=False
[2026-06-11 16:36:36] [DEBUG] [T:27280] [runner._check_one:487] [asst.log] 0e7b6a1b: pos 75550 → 77839, changed=True
[2026-06-11 16:36:36] [DEBUG] [T:27280] [runner._check_one:493] [asst.log] head='[2026-06-11 16:36:34.904][TRC][Px5564][Tx11946] asst::WordOcr [{ text: ., rect: [ 0 (36), 0 (226), 482, 269 ], score: 0.837759 }] by OCR Pipeline , cost 63 ms\n[2026-06-11 16:36:34.904][INF][Px5564][Tx'
[2026-06-11 16:36:36] [DEBUG] [T:27280] [runner._check_one:487] [asst.log] 4f9d5e58: pos 69261 → 72067, changed=True
[2026-06-11 16:36:36] [DEBUG] [T:27280] [runner._check_one:493] [asst.log] head='[2026-06-11 16:36:35.180][TRC][Px26256][Tx16481] end of sleep 1000\n[2026-06-11 16:36:35.458][INF][Px26256][Tx16481] Call ` D:\\Xiach\\MuMuPlayer\\nx_main\\adb.exe -s 127.0.0.1:16416 exec-out "screencap | '
[2026-06-11 16:36:36] [DEBUG] [T:27280] [runner._check_one:487] [asst.log] 0e7b6a1b: pos 77839 → 77999, changed=True
[2026-06-11 16:36:36] [DEBUG] [T:27280] [runner._check_one:493] [asst.log] head='[2026-06-11 16:36:36.840][TRC][Px5564][Tx11946] asst::WordOcr [{ text: ., rect: [ 0 (324), 0 (579), 219, 141 ], score: 0.940316 }] by OCR Pipeline , cost 66 ms\n'
[2026-06-11 16:36:36] [DEBUG] [T:27280] [runner._check_one:487] [asst.log] 4f9d5e58: pos 72067 → 72067, changed=False
[2026-06-11 16:36:38] [DEBUG] [T:27280] [runner._check_one:487] [asst.log] 0e7b6a1b: pos 77999 → 79650, changed=True
[2026-06-11 16:36:38] [DEBUG] [T:27280] [runner._check_one:493] [asst.log] head='[2026-06-11 16:36:36.918][TRC][Px5564][Tx11946] asst::WordOcr [{ text: _, rect: [ 0 (900), 0 (500), 380, 150 ], score: 0.948201 }] by OCR Pipeline , cost 77 ms\n[2026-06-11 16:36:37.047][TRC][Px5564][T'
[2026-06-11 16:36:38] [DEBUG] [T:27280] [runner._check_one:487] [asst.log] 4f9d5e58: pos 72067 → 74192, changed=True
[2026-06-11 16:36:38] [DEBUG] [T:27280] [runner._check_one:493] [asst.log] head='[2026-06-11 16:36:37.273][TRC][Px26256][Tx16481] end of sleep 1000\n[2026-06-11 16:36:37.718][INF][Px26256][Tx16481] Call ` D:\\Xiach\\MuMuPlayer\\nx_main\\adb.exe -s 127.0.0.1:16416 exec-out "screencap | '
[2026-06-11 16:36:38] [DEBUG] [T:27280] [runner._check_one:487] [asst.log] 0e7b6a1b: pos 79650 → 80273, changed=True
[2026-06-11 16:36:38] [DEBUG] [T:27280] [runner._check_one:493] [asst.log] head='[2026-06-11 16:36:38.822][TRC][Px5564][Tx11946] asst::WordOcr [{ text: 由德打克与阿斯兰统治的现代国家占据了素, rect: [ 51 (251), 103 (533), 372, 14 ], score: 0.954708 }, { text: 玉, rect: [ 1 (201), 123 (553), 23, 26 ], '
[2026-06-11 16:36:38] [DEBUG] [T:27280] [runner._check_one:487] [asst.log] 4f9d5e58: pos 74192 → 74192, changed=False
[2026-06-11 16:36:40] [DEBUG] [T:27280] [runner._check_one:487] [asst.log] 0e7b6a1b: pos 80273 → 83258, changed=True
[2026-06-11 16:36:40] [DEBUG] [T:27280] [runner._check_one:493] [asst.log] head='[2026-06-11 16:36:39.036][TRC][Px5564][Tx11946] asst::WordOcr [{ text: 兰统治的现代国家，占据了泰拉大地最为富饶的中央谷地，领, rect: [ 7 (380), 386 (531), 526, 18 ], score: 0.939956 }, { text: 开拓区与飞地。, rect: [ 132 (505), 411 (5'
[2026-06-11 16:36:40] [DEBUG] [T:27280] [runner._check_one:487] [asst.log] 4f9d5e58: pos 74192 → 76289, changed=True
[2026-06-11 16:36:40] [DEBUG] [T:27280] [runner._check_one:493] [asst.log] head='[2026-06-11 16:36:38.952][TRC][Px26256][Tx16481] asst::WordOcr [{ text: 撤离出灾害范围, rect: [ 8 (332), 19 (598), 146, 16 ], score: 0.995737 }] by OCR Pipeline , cost 135 ms\n[2026-06-11 16:36:39.129][TRC][P'
[2026-06-11 16:36:40] [DEBUG] [T:27280] [runner._check_one:487] [asst.log] 0e7b6a1b: pos 83258 → 83258, changed=False
[2026-06-11 16:36:40] [DEBUG] [T:27280] [runner._check_one:487] [asst.log] 4f9d5e58: pos 76289 → 76289, changed=False
[2026-06-11 16:36:42] [DEBUG] [T:27280] [runner._check_one:487] [asst.log] 0e7b6a1b: pos 83258 → 85890, changed=True
[2026-06-11 16:36:42] [DEBUG] [T:27280] [runner._check_one:493] [asst.log] head='[2026-06-11 16:36:40.864][TRC][Px5564][Tx11946] end of sleep 1000\n[2026-06-11 16:36:41.355][INF][Px5564][Tx11946] Call ` D:\\Xiach\\MuMuPlayer\\nx_main\\adb.exe -s 127.0.0.1:16384 exec-out "screencap | gz'
[2026-06-11 16:36:42] [DEBUG] [T:27280] [runner._check_one:487] [asst.log] 4f9d5e58: pos 76289 → 78929, changed=True
[2026-06-11 16:36:42] [DEBUG] [T:27280] [runner._check_one:493] [asst.log] head='[2026-06-11 16:36:40.962][TRC][Px26256][Tx16481] asst::WordOcr [{ text: 建造在可移动设备上的城市。破坏力巨大且频, rect: [ 48 (248), 88 (518), 377, 18 ], score: 0.932301 }, { text: 市, rect: [ 0 (200), 120 (550), 26, 32 ],'
[2026-06-11 16:36:42] [DEBUG] [T:27280] [runner._check_one:487] [asst.log] 0e7b6a1b: pos 85890 → 85890, changed=False
[2026-06-11 16:36:42] [DEBUG] [T:27280] [runner._check_one:487] [asst.log] 4f9d5e58: pos 78929 → 78929, changed=False
[2026-06-11 16:36:44] [DEBUG] [T:27280] [runner._check_one:487] [asst.log] 0e7b6a1b: pos 85890 → 85890, changed=False
[2026-06-11 16:36:44] [DEBUG] [T:27280] [runner._check_one:487] [asst.log] 4f9d5e58: pos 78929 → 78929, changed=False
[2026-06-11 16:36:44] [DEBUG] [T:27280] [runner._check_one:487] [asst.log] 0e7b6a1b: pos 85890 → 85890, changed=False
[2026-06-11 16:36:44] [DEBUG] [T:27280] [runner._check_one:487] [asst.log] 4f9d5e58: pos 78929 → 78929, changed=False
[2026-06-11 16:36:46] [DEBUG] [T:27280] [runner._check_one:487] [asst.log] 0e7b6a1b: pos 85890 → 85890, changed=False
[2026-06-11 16:36:46] [DEBUG] [T:27280] [runner._check_one:487] [asst.log] 4f9d5e58: pos 78929 → 79596, changed=True
[2026-06-11 16:36:46] [DEBUG] [T:27280] [runner._check_one:493] [asst.log] head='[2026-06-11 16:36:46.660][TRC][Px26256][Tx16481] end of sleep 5000\n[2026-06-11 16:36:46.660][INF][Px26256][Tx16481] Assistant::append_callback | SubTaskCompleted {"class":"asst::ProcessTask","details"'
[2026-06-11 16:36:46] [DEBUG] [T:27280] [runner._check_one:487] [asst.log] 0e7b6a1b: pos 85890 → 85890, changed=False
[2026-06-11 16:36:46] [DEBUG] [T:27280] [runner._check_one:487] [asst.log] 4f9d5e58: pos 79596 → 79596, changed=False
[2026-06-11 16:36:48] [DEBUG] [T:27280] [runner._check_one:487] [asst.log] 0e7b6a1b: pos 85890 → 89308, changed=True
[2026-06-11 16:36:48] [DEBUG] [T:27280] [runner._check_one:493] [asst.log] head='[2026-06-11 16:36:47.055][TRC][Px5564][Tx11946] end of sleep 5000\n[2026-06-11 16:36:47.055][INF][Px5564][Tx11946] Assistant::append_callback | SubTaskCompleted {"class":"asst::ProcessTask","details":{'
[2026-06-11 16:36:48] [DEBUG] [T:27280] [runner._check_one:487] [asst.log] 4f9d5e58: pos 79596 → 82531, changed=True
[2026-06-11 16:36:48] [DEBUG] [T:27280] [runner._check_one:493] [asst.log] head='[2026-06-11 16:36:47.660][TRC][Px26256][Tx16481] end of sleep 1000\n[2026-06-11 16:36:47.660][INF][Px26256][Tx16481] {"class":"asst::ProcessTask","cur_task":"StartUp@GameStartCheckResourceOCR","details'
[2026-06-11 16:36:48] [DEBUG] [T:27280] [runner._check_one:487] [asst.log] 0e7b6a1b: pos 89308 → 89308, changed=False
[2026-06-11 16:36:48] [DEBUG] [T:27280] [runner._check_one:487] [asst.log] 4f9d5e58: pos 82531 → 82531, changed=False
[2026-06-11 16:36:50] [DEBUG] [T:27280] [runner._check_one:487] [asst.log] 0e7b6a1b: pos 89308 → 89376, changed=True
[2026-06-11 16:36:50] [DEBUG] [T:27280] [runner._check_one:493] [asst.log] head='[2026-06-11 16:36:48.861][TRC][Px5564][Tx11946] ready to sleep 3000\n'
[2026-06-11 16:36:50] [DEBUG] [T:27280] [runner._check_one:487] [asst.log] 4f9d5e58: pos 82531 → 82531, changed=False
[2026-06-11 16:36:50] [DEBUG] [T:27280] [runner._check_one:487] [asst.log] 0e7b6a1b: pos 89376 → 89376, changed=False
[2026-06-11 16:36:50] [DEBUG] [T:27280] [runner._check_one:487] [asst.log] 4f9d5e58: pos 82531 → 82531, changed=False
[2026-06-11 16:36:52] [DEBUG] [T:27280] [runner._check_one:487] [asst.log] 0e7b6a1b: pos 89376 → 90050, changed=True
[2026-06-11 16:36:52] [DEBUG] [T:27280] [runner._check_one:493] [asst.log] head='[2026-06-11 16:36:51.861][TRC][Px5564][Tx11946] end of sleep 3000\n[2026-06-11 16:36:51.861][INF][Px5564][Tx11946] Assistant::append_callback | SubTaskCompleted {"class":"asst::ProcessTask","details":{'
[2026-06-11 16:36:52] [DEBUG] [T:27280] [runner._check_one:487] [asst.log] 4f9d5e58: pos 82531 → 84116, changed=True
[2026-06-11 16:36:52] [DEBUG] [T:27280] [runner._check_one:493] [asst.log] head='[2026-06-11 16:36:51.740][TRC][Px26256][Tx16481] end of sleep 3000\n[2026-06-11 16:36:51.740][INF][Px26256][Tx16481] Assistant::append_callback | SubTaskCompleted {"class":"asst::ProcessTask","details"'
[2026-06-11 16:36:52] [DEBUG] [T:27280] [runner._check_one:487] [asst.log] 0e7b6a1b: pos 90050 → 90050, changed=False
[2026-06-11 16:36:52] [DEBUG] [T:27280] [runner._check_one:487] [asst.log] 4f9d5e58: pos 84116 → 84116, changed=False
[2026-06-11 16:36:54] [DEBUG] [T:27280] [runner._check_one:487] [asst.log] 0e7b6a1b: pos 90050 → 92930, changed=True
[2026-06-11 16:36:54] [DEBUG] [T:27280] [runner._check_one:493] [asst.log] head='[2026-06-11 16:36:52.863][TRC][Px5564][Tx11946] end of sleep 1000\n[2026-06-11 16:36:52.863][INF][Px5564][Tx11946] {"class":"asst::ProcessTask","cur_task":"StartUp@GameStart","details":{"cur_retry":0,"'
[2026-06-11 16:36:54] [DEBUG] [T:27280] [runner._check_one:487] [asst.log] 4f9d5e58: pos 84116 → 86032, changed=True
[2026-06-11 16:36:54] [DEBUG] [T:27280] [runner._check_one:493] [asst.log] head='[2026-06-11 16:36:53.412][INF][Px26256][Tx16481] Call ` D:\\Xiach\\MuMuPlayer\\nx_main\\adb.exe -s 127.0.0.1:16416 exec-out "screencap | gzip -1" ` ret 0 , cost 670 ms , stdout size: 17908 , socket size: '
[2026-06-11 16:36:54] [DEBUG] [T:27280] [runner._check_one:487] [asst.log] 0e7b6a1b: pos 92930 → 92930, changed=False
[2026-06-11 16:36:54] [DEBUG] [T:27280] [runner._check_one:487] [asst.log] 4f9d5e58: pos 86032 → 86032, changed=False
[2026-06-11 16:36:56] [DEBUG] [T:27280] [runner._check_one:487] [asst.log] 0e7b6a1b: pos 92930 → 95265, changed=True
[2026-06-11 16:36:56] [DEBUG] [T:27280] [runner._check_one:493] [asst.log] head='[2026-06-11 16:36:55.001][INF][Px5564][Tx11946] Call ` D:\\Xiach\\MuMuPlayer\\nx_main\\adb.exe -s 127.0.0.1:16384 exec-out "screencap | gzip -1" ` ret 0 , cost 366 ms , stdout size: 17908 , socket size: 0'
[2026-06-11 16:36:56] [DEBUG] [T:27280] [runner._check_one:487] [asst.log] 4f9d5e58: pos 86032 → 88082, changed=True
[2026-06-11 16:36:56] [DEBUG] [T:27280] [runner._check_one:493] [asst.log] head='[2026-06-11 16:36:54.890][TRC][Px26256][Tx16481] end of sleep 1000\n[2026-06-11 16:36:55.220][INF][Px26256][Tx16481] Call ` D:\\Xiach\\MuMuPlayer\\nx_main\\adb.exe -s 127.0.0.1:16416 exec-out "screencap | '
[2026-06-11 16:36:56] [DEBUG] [T:27280] [runner._check_one:487] [asst.log] 0e7b6a1b: pos 95265 → 95265, changed=False
[2026-06-11 16:36:56] [DEBUG] [T:27280] [runner._check_one:487] [asst.log] 4f9d5e58: pos 88082 → 88082, changed=False
[2026-06-11 16:36:58] [DEBUG] [T:27280] [runner._check_one:487] [asst.log] 0e7b6a1b: pos 95265 → 97623, changed=True
[2026-06-11 16:36:58] [DEBUG] [T:27280] [runner._check_one:493] [asst.log] head='[2026-06-11 16:36:56.904][TRC][Px5564][Tx11946] asst::WordOcr [{ text: -, rect: [ 0 (373), 0 (145), 535, 430 ], score: 0.597695 }] by OCR Pipeline , cost 102 ms\n[2026-06-11 16:36:57.013][TRC][Px5564]['
[2026-06-11 16:36:58] [DEBUG] [T:27280] [runner._check_one:487] [asst.log] 4f9d5e58: pos 88082 → 90627, changed=True
[2026-06-11 16:36:58] [DEBUG] [T:27280] [runner._check_one:493] [asst.log] head='[2026-06-11 16:36:57.028][INF][Px26256][Tx16481] Call ` D:\\Xiach\\MuMuPlayer\\nx_main\\adb.exe -s 127.0.0.1:16416 exec-out "screencap | gzip -1" ` ret 0 , cost 287 ms , stdout size: 17908 , socket size: '
[2026-06-11 16:36:58] [DEBUG] [T:27280] [runner._check_one:487] [asst.log] 0e7b6a1b: pos 97623 → 97623, changed=False
[2026-06-11 16:36:58] [DEBUG] [T:27280] [runner._check_one:487] [asst.log] 4f9d5e58: pos 90627 → 90627, changed=False
[2026-06-11 16:37:00] [DEBUG] [T:27280] [runner._check_one:487] [asst.log] 0e7b6a1b: pos 97623 → 99275, changed=True
[2026-06-11 16:37:00] [DEBUG] [T:27280] [runner._check_one:493] [asst.log] head='[2026-06-11 16:36:58.837][TRC][Px5564][Tx11946] asst::WordOcr [{ text: ., rect: [ 0 (500), 0 (50), 300, 150 ], score: 0.669308 }] by OCR Pipeline , cost 75 ms\n[2026-06-11 16:36:58.985][TRC][Px5564][Tx'
[2026-06-11 16:37:00] [DEBUG] [T:27280] [runner._check_one:487] [asst.log] 4f9d5e58: pos 90627 → 90627, changed=False
[2026-06-11 16:37:00] [DEBUG] [T:27280] [runner._check_one:487] [asst.log] 0e7b6a1b: pos 99275 → 99275, changed=False
[2026-06-11 16:37:00] [DEBUG] [T:27280] [runner._check_one:487] [asst.log] 4f9d5e58: pos 90627 → 90627, changed=False
[2026-06-11 16:37:00] [INFO ] [T:27280] [app._log:192] [状态] 运行中: 2/2 | 队列: 0 | 错误: 0
[2026-06-11 16:37:02] [DEBUG] [T:27280] [runner._check_one:487] [asst.log] 0e7b6a1b: pos 99275 → 99275, changed=False
[2026-06-11 16:37:02] [DEBUG] [T:27280] [runner._check_one:487] [asst.log] 4f9d5e58: pos 90627 → 90627, changed=False
[2026-06-11 16:37:02] [DEBUG] [T:27280] [runner._check_one:487] [asst.log] 0e7b6a1b: pos 99275 → 99275, changed=False
[2026-06-11 16:37:02] [DEBUG] [T:27280] [runner._check_one:487] [asst.log] 4f9d5e58: pos 90627 → 90627, changed=False
[2026-06-11 16:37:04] [DEBUG] [T:27280] [runner._check_one:487] [asst.log] 0e7b6a1b: pos 99275 → 99275, changed=False
[2026-06-11 16:37:04] [DEBUG] [T:27280] [runner._check_one:487] [asst.log] 4f9d5e58: pos 90627 → 90627, changed=False
[2026-06-11 16:37:04] [DEBUG] [T:27280] [runner._check_one:487] [asst.log] 0e7b6a1b: pos 99275 → 99275, changed=False
[2026-06-11 16:37:04] [DEBUG] [T:27280] [runner._check_one:487] [asst.log] 4f9d5e58: pos 90627 → 90627, changed=False
[2026-06-11 16:37:06] [DEBUG] [T:27280] [runner._check_one:487] [asst.log] 0e7b6a1b: pos 99275 → 99275, changed=False
[2026-06-11 16:37:06] [DEBUG] [T:27280] [runner._check_one:487] [asst.log] 4f9d5e58: pos 90627 → 90627, changed=False
[2026-06-11 16:37:06] [DEBUG] [T:27280] [runner._check_one:487] [asst.log] 0e7b6a1b: pos 99275 → 99275, changed=False
[2026-06-11 16:37:06] [DEBUG] [T:27280] [runner._check_one:487] [asst.log] 4f9d5e58: pos 90627 → 90627, changed=False
[2026-06-11 16:37:08] [DEBUG] [T:27280] [runner._check_one:487] [asst.log] 0e7b6a1b: pos 99275 → 99275, changed=False
[2026-06-11 16:37:08] [DEBUG] [T:27280] [runner._check_one:487] [asst.log] 4f9d5e58: pos 90627 → 90627, changed=False
[2026-06-11 16:37:08] [DEBUG] [T:27280] [runner._check_one:487] [asst.log] 0e7b6a1b: pos 99275 → 99275, changed=False
[2026-06-11 16:37:08] [DEBUG] [T:27280] [runner._check_one:487] [asst.log] 4f9d5e58: pos 90627 → 90627, changed=False
[2026-06-11 16:37:10] [DEBUG] [T:27280] [runner._check_one:487] [asst.log] 0e7b6a1b: pos 99275 → 99275, changed=False
[2026-06-11 16:37:10] [DEBUG] [T:27280] [runner._check_one:487] [asst.log] 4f9d5e58: pos 90627 → 90627, changed=False
[2026-06-11 16:37:10] [DEBUG] [T:27280] [runner._check_one:487] [asst.log] 0e7b6a1b: pos 99275 → 99275, changed=False
[2026-06-11 16:37:10] [DEBUG] [T:27280] [runner._check_one:487] [asst.log] 4f9d5e58: pos 90627 → 90627, changed=False
[2026-06-11 16:37:12] [DEBUG] [T:27280] [runner._check_one:487] [asst.log] 0e7b6a1b: pos 99275 → 99275, changed=False
[2026-06-11 16:37:12] [DEBUG] [T:27280] [runner._check_one:487] [asst.log] 4f9d5e58: pos 90627 → 90627, changed=False
[2026-06-11 16:37:12] [DEBUG] [T:27280] [runner._check_one:487] [asst.log] 0e7b6a1b: pos 99275 → 99275, changed=False
[2026-06-11 16:37:12] [DEBUG] [T:27280] [runner._check_one:487] [asst.log] 4f9d5e58: pos 90627 → 90627, changed=False
[2026-06-11 16:37:14] [DEBUG] [T:27280] [runner._check_one:487] [asst.log] 0e7b6a1b: pos 99275 → 99275, changed=False
[2026-06-11 16:37:14] [DEBUG] [T:27280] [runner._check_one:487] [asst.log] 4f9d5e58: pos 90627 → 90627, changed=False
[2026-06-11 16:37:14] [DEBUG] [T:27280] [runner._check_one:487] [asst.log] 0e7b6a1b: pos 99275 → 99275, changed=False
[2026-06-11 16:37:14] [DEBUG] [T:27280] [runner._check_one:487] [asst.log] 4f9d5e58: pos 90627 → 90627, changed=False
[2026-06-11 16:37:16] [DEBUG] [T:27280] [runner._check_one:487] [asst.log] 0e7b6a1b: pos 99275 → 99275, changed=False
[2026-06-11 16:37:16] [DEBUG] [T:27280] [runner._check_one:487] [asst.log] 4f9d5e58: pos 90627 → 90627, changed=False
[2026-06-11 16:37:16] [DEBUG] [T:27280] [runner._check_one:487] [asst.log] 0e7b6a1b: pos 99275 → 99275, changed=False
[2026-06-11 16:37:16] [DEBUG] [T:27280] [runner._check_one:487] [asst.log] 4f9d5e58: pos 90627 → 90627, changed=False
[2026-06-11 16:37:18] [DEBUG] [T:27280] [runner._check_one:487] [asst.log] 0e7b6a1b: pos 99275 → 99275, changed=False
[2026-06-11 16:37:18] [DEBUG] [T:27280] [runner._check_one:487] [asst.log] 4f9d5e58: pos 90627 → 90627, changed=False
[2026-06-11 16:37:18] [DEBUG] [T:27280] [runner._check_one:487] [asst.log] 0e7b6a1b: pos 99275 → 99275, changed=False
[2026-06-11 16:37:18] [DEBUG] [T:27280] [runner._check_one:487] [asst.log] 4f9d5e58: pos 90627 → 90627, changed=False
[2026-06-11 16:37:20] [DEBUG] [T:27280] [runner._check_one:487] [asst.log] 0e7b6a1b: pos 99275 → 99275, changed=False
[2026-06-11 16:37:20] [DEBUG] [T:27280] [runner._check_one:487] [asst.log] 4f9d5e58: pos 90627 → 90627, changed=False
[2026-06-11 16:37:20] [DEBUG] [T:27280] [runner._check_one:487] [asst.log] 0e7b6a1b: pos 99275 → 99275, changed=False
[2026-06-11 16:37:20] [DEBUG] [T:27280] [runner._check_one:487] [asst.log] 4f9d5e58: pos 90627 → 90627, changed=False
[2026-06-11 16:37:22] [DEBUG] [T:27280] [runner._check_one:487] [asst.log] 0e7b6a1b: pos 99275 → 99275, changed=False
[2026-06-11 16:37:22] [DEBUG] [T:27280] [runner._check_one:487] [asst.log] 4f9d5e58: pos 90627 → 90627, changed=False
[2026-06-11 16:37:22] [DEBUG] [T:27280] [runner._check_one:487] [asst.log] 0e7b6a1b: pos 99275 → 99275, changed=False
[2026-06-11 16:37:22] [DEBUG] [T:27280] [runner._check_one:487] [asst.log] 4f9d5e58: pos 90627 → 90627, changed=False
[2026-06-11 16:37:24] [DEBUG] [T:27280] [runner._check_one:487] [asst.log] 0e7b6a1b: pos 99275 → 99275, changed=False
[2026-06-11 16:37:24] [DEBUG] [T:27280] [runner._check_one:487] [asst.log] 4f9d5e58: pos 90627 → 90627, changed=False
[2026-06-11 16:37:24] [DEBUG] [T:27280] [runner._check_one:487] [asst.log] 0e7b6a1b: pos 99275 → 99275, changed=False
[2026-06-11 16:37:24] [DEBUG] [T:27280] [runner._check_one:487] [asst.log] 4f9d5e58: pos 90627 → 90627, changed=False
[2026-06-11 16:37:26] [DEBUG] [T:27280] [runner._check_one:487] [asst.log] 0e7b6a1b: pos 99275 → 99275, changed=False
[2026-06-11 16:37:26] [DEBUG] [T:27280] [runner._check_one:487] [asst.log] 4f9d5e58: pos 90627 → 90627, changed=False
[2026-06-11 16:37:26] [DEBUG] [T:27280] [runner._check_one:487] [asst.log] 0e7b6a1b: pos 99275 → 99275, changed=False
[2026-06-11 16:37:26] [DEBUG] [T:27280] [runner._check_one:487] [asst.log] 4f9d5e58: pos 90627 → 90627, changed=False
[2026-06-11 16:37:28] [DEBUG] [T:27280] [runner._check_one:487] [asst.log] 0e7b6a1b: pos 99275 → 99275, changed=False
[2026-06-11 16:37:28] [DEBUG] [T:27280] [runner._check_one:487] [asst.log] 4f9d5e58: pos 90627 → 90627, changed=False
[2026-06-11 16:37:28] [DEBUG] [T:27280] [runner._check_one:487] [asst.log] 0e7b6a1b: pos 99275 → 99275, changed=False
[2026-06-11 16:37:28] [DEBUG] [T:27280] [runner._check_one:487] [asst.log] 4f9d5e58: pos 90627 → 90627, changed=False
[2026-06-11 16:37:30] [DEBUG] [T:27280] [runner._check_one:487] [asst.log] 0e7b6a1b: pos 99275 → 99275, changed=False
[2026-06-11 16:37:30] [DEBUG] [T:27280] [runner._check_one:487] [asst.log] 4f9d5e58: pos 90627 → 90627, changed=False
[2026-06-11 16:37:30] [DEBUG] [T:27280] [runner._check_one:487] [asst.log] 0e7b6a1b: pos 99275 → 99275, changed=False
[2026-06-11 16:37:30] [DEBUG] [T:27280] [runner._check_one:487] [asst.log] 4f9d5e58: pos 90627 → 90627, changed=False
[2026-06-11 16:37:30] [INFO ] [T:27280] [app._log:192] [状态] 运行中: 2/2 | 队列: 0 | 错误: 0
[2026-06-11 16:37:32] [DEBUG] [T:27280] [runner._check_one:487] [asst.log] 0e7b6a1b: pos 99275 → 99275, changed=False
[2026-06-11 16:37:32] [DEBUG] [T:27280] [runner._check_one:487] [asst.log] 4f9d5e58: pos 90627 → 90627, changed=False
[2026-06-11 16:37:32] [DEBUG] [T:27280] [runner._check_one:487] [asst.log] 0e7b6a1b: pos 99275 → 99275, changed=False
[2026-06-11 16:37:32] [DEBUG] [T:27280] [runner._check_one:487] [asst.log] 4f9d5e58: pos 90627 → 90627, changed=False
[2026-06-11 16:37:34] [DEBUG] [T:27280] [runner._check_one:487] [asst.log] 0e7b6a1b: pos 99275 → 99275, changed=False
[2026-06-11 16:37:34] [DEBUG] [T:27280] [runner._check_one:487] [asst.log] 4f9d5e58: pos 90627 → 90627, changed=False
[2026-06-11 16:37:34] [DEBUG] [T:27280] [runner._check_one:487] [asst.log] 0e7b6a1b: pos 99275 → 99275, changed=False
[2026-06-11 16:37:34] [DEBUG] [T:27280] [runner._check_one:487] [asst.log] 4f9d5e58: pos 90627 → 90627, changed=False
[2026-06-11 16:37:36] [DEBUG] [T:27280] [runner._check_one:487] [asst.log] 0e7b6a1b: pos 99275 → 99275, changed=False
[2026-06-11 16:37:36] [DEBUG] [T:27280] [runner._check_one:487] [asst.log] 4f9d5e58: pos 90627 → 90627, changed=False
[2026-06-11 16:37:36] [DEBUG] [T:27280] [runner._check_one:487] [asst.log] 0e7b6a1b: pos 99275 → 99275, changed=False
[2026-06-11 16:37:36] [DEBUG] [T:27280] [runner._check_one:487] [asst.log] 4f9d5e58: pos 90627 → 90627, changed=False
[2026-06-11 16:37:38] [DEBUG] [T:27280] [runner._check_one:487] [asst.log] 0e7b6a1b: pos 99275 → 99275, changed=False
[2026-06-11 16:37:38] [DEBUG] [T:27280] [runner._check_one:487] [asst.log] 4f9d5e58: pos 90627 → 90627, changed=False
[2026-06-11 16:37:38] [DEBUG] [T:27280] [runner._check_one:487] [asst.log] 0e7b6a1b: pos 99275 → 99275, changed=False
[2026-06-11 16:37:38] [DEBUG] [T:27280] [runner._check_one:487] [asst.log] 4f9d5e58: pos 90627 → 90627, changed=False
[2026-06-11 16:37:40] [DEBUG] [T:27280] [runner._check_one:487] [asst.log] 0e7b6a1b: pos 99275 → 99275, changed=False
[2026-06-11 16:37:40] [DEBUG] [T:27280] [runner._check_one:487] [asst.log] 4f9d5e58: pos 90627 → 90627, changed=False
[2026-06-11 16:37:40] [DEBUG] [T:27280] [runner._check_one:487] [asst.log] 0e7b6a1b: pos 99275 → 99275, changed=False
[2026-06-11 16:37:40] [DEBUG] [T:27280] [runner._check_one:487] [asst.log] 4f9d5e58: pos 90627 → 90627, changed=False
[2026-06-11 16:37:42] [DEBUG] [T:27280] [runner._check_one:487] [asst.log] 0e7b6a1b: pos 99275 → 99275, changed=False
[2026-06-11 16:37:42] [DEBUG] [T:27280] [runner._check_one:487] [asst.log] 4f9d5e58: pos 90627 → 90627, changed=False
[2026-06-11 16:37:42] [DEBUG] [T:27280] [runner._check_one:487] [asst.log] 0e7b6a1b: pos 99275 → 99275, changed=False
[2026-06-11 16:37:42] [DEBUG] [T:27280] [runner._check_one:487] [asst.log] 4f9d5e58: pos 90627 → 90627, changed=False
[2026-06-11 16:37:44] [DEBUG] [T:27280] [runner._check_one:487] [asst.log] 0e7b6a1b: pos 99275 → 99275, changed=False
[2026-06-11 16:37:44] [DEBUG] [T:27280] [runner._check_one:487] [asst.log] 4f9d5e58: pos 90627 → 90627, changed=False
[2026-06-11 16:37:44] [DEBUG] [T:27280] [runner._check_one:487] [asst.log] 0e7b6a1b: pos 99275 → 99275, changed=False
[2026-06-11 16:37:44] [DEBUG] [T:27280] [runner._check_one:487] [asst.log] 4f9d5e58: pos 90627 → 90627, changed=False
[2026-06-11 16:37:46] [DEBUG] [T:27280] [runner._check_one:487] [asst.log] 0e7b6a1b: pos 99275 → 99275, changed=False
[2026-06-11 16:37:46] [DEBUG] [T:27280] [runner._check_one:487] [asst.log] 4f9d5e58: pos 90627 → 90627, changed=False
[2026-06-11 16:37:46] [DEBUG] [T:27280] [runner._check_one:487] [asst.log] 0e7b6a1b: pos 99275 → 99275, changed=False
[2026-06-11 16:37:46] [DEBUG] [T:27280] [runner._check_one:487] [asst.log] 4f9d5e58: pos 90627 → 90627, changed=False
[2026-06-11 16:37:48] [DEBUG] [T:27280] [runner._check_one:487] [asst.log] 0e7b6a1b: pos 99275 → 99275, changed=False
[2026-06-11 16:37:48] [DEBUG] [T:27280] [runner._check_one:487] [asst.log] 4f9d5e58: pos 90627 → 90627, changed=False
[2026-06-11 16:37:48] [DEBUG] [T:27280] [runner._check_one:487] [asst.log] 0e7b6a1b: pos 99275 → 99275, changed=False
[2026-06-11 16:37:48] [DEBUG] [T:27280] [runner._check_one:487] [asst.log] 4f9d5e58: pos 90627 → 90627, changed=False
[2026-06-11 16:37:50] [DEBUG] [T:27280] [runner._check_one:487] [asst.log] 0e7b6a1b: pos 99275 → 99275, changed=False
[2026-06-11 16:37:50] [DEBUG] [T:27280] [runner._check_one:487] [asst.log] 4f9d5e58: pos 90627 → 90627, changed=False
[2026-06-11 16:37:50] [DEBUG] [T:27280] [runner._check_one:487] [asst.log] 0e7b6a1b: pos 99275 → 99275, changed=False
[2026-06-11 16:37:50] [DEBUG] [T:27280] [runner._check_one:487] [asst.log] 4f9d5e58: pos 90627 → 90627, changed=False
[2026-06-11 16:37:52] [DEBUG] [T:27280] [runner._check_one:487] [asst.log] 0e7b6a1b: pos 99275 → 99275, changed=False
[2026-06-11 16:37:52] [DEBUG] [T:27280] [runner._check_one:487] [asst.log] 4f9d5e58: pos 90627 → 90627, changed=False
[2026-06-11 16:37:52] [DEBUG] [T:27280] [runner._check_one:487] [asst.log] 0e7b6a1b: pos 99275 → 99275, changed=False
[2026-06-11 16:37:52] [DEBUG] [T:27280] [runner._check_one:487] [asst.log] 4f9d5e58: pos 90627 → 90627, changed=False
[2026-06-11 16:37:54] [DEBUG] [T:27280] [runner._check_one:487] [asst.log] 0e7b6a1b: pos 99275 → 99275, changed=False
[2026-06-11 16:37:54] [DEBUG] [T:27280] [runner._check_one:487] [asst.log] 4f9d5e58: pos 90627 → 90627, changed=False
[2026-06-11 16:37:54] [DEBUG] [T:27280] [runner._check_one:487] [asst.log] 0e7b6a1b: pos 99275 → 99275, changed=False
[2026-06-11 16:37:54] [DEBUG] [T:27280] [runner._check_one:487] [asst.log] 4f9d5e58: pos 90627 → 90627, changed=False
[2026-06-11 16:37:56] [DEBUG] [T:27280] [runner._check_one:487] [asst.log] 0e7b6a1b: pos 99275 → 99275, changed=False
[2026-06-11 16:37:56] [DEBUG] [T:27280] [runner._check_one:487] [asst.log] 4f9d5e58: pos 90627 → 90627, changed=False
[2026-06-11 16:37:56] [DEBUG] [T:27280] [runner._check_one:487] [asst.log] 0e7b6a1b: pos 99275 → 99275, changed=False
[2026-06-11 16:37:56] [DEBUG] [T:27280] [runner._check_one:487] [asst.log] 4f9d5e58: pos 90627 → 90627, changed=False
[2026-06-11 16:37:57] [DEBUG] [T:12540] [queue._tick:227] 跳过 a1: 已在运行
[2026-06-11 16:37:57] [DEBUG] [T:12540] [queue._tick:240] 跳过 a2: 模拟器 0 被占用
[2026-06-11 16:37:58] [DEBUG] [T:27280] [runner._check_one:487] [asst.log] 0e7b6a1b: pos 99275 → 99275, changed=False
[2026-06-11 16:37:58] [DEBUG] [T:27280] [runner._check_one:487] [asst.log] 4f9d5e58: pos 90627 → 90627, changed=False
[2026-06-11 16:37:58] [DEBUG] [T:27280] [runner._check_one:487] [asst.log] 0e7b6a1b: pos 99275 → 99275, changed=False
[2026-06-11 16:37:58] [DEBUG] [T:27280] [runner._check_one:487] [asst.log] 4f9d5e58: pos 90627 → 90627, changed=False
[2026-06-11 16:38:00] [DEBUG] [T:27280] [runner._check_one:487] [asst.log] 0e7b6a1b: pos 99275 → 99275, changed=False
[2026-06-11 16:38:00] [DEBUG] [T:27280] [runner._check_one:487] [asst.log] 4f9d5e58: pos 90627 → 90627, changed=False
[2026-06-11 16:38:00] [DEBUG] [T:27280] [runner._check_one:487] [asst.log] 0e7b6a1b: pos 99275 → 99275, changed=False
[2026-06-11 16:38:00] [DEBUG] [T:27280] [runner._check_one:487] [asst.log] 4f9d5e58: pos 90627 → 90627, changed=False
[2026-06-11 16:38:00] [INFO ] [T:27280] [app._log:192] [状态] 运行中: 2/2 | 队列: 0 | 错误: 0
[2026-06-11 16:38:02] [DEBUG] [T:27280] [runner._check_one:487] [asst.log] 0e7b6a1b: pos 99275 → 99275, changed=False
[2026-06-11 16:38:02] [DEBUG] [T:27280] [runner._check_one:487] [asst.log] 4f9d5e58: pos 90627 → 90627, changed=False
[2026-06-11 16:38:02] [DEBUG] [T:27280] [runner._check_one:487] [asst.log] 0e7b6a1b: pos 99275 → 99275, changed=False
[2026-06-11 16:38:02] [DEBUG] [T:27280] [runner._check_one:487] [asst.log] 4f9d5e58: pos 90627 → 90627, changed=False
[2026-06-11 16:38:04] [DEBUG] [T:27280] [runner._check_one:487] [asst.log] 0e7b6a1b: pos 99275 → 99275, changed=False
[2026-06-11 16:38:04] [DEBUG] [T:27280] [runner._check_one:487] [asst.log] 4f9d5e58: pos 90627 → 90627, changed=False
[2026-06-11 16:38:04] [DEBUG] [T:27280] [runner._check_one:487] [asst.log] 0e7b6a1b: pos 99275 → 99275, changed=False
[2026-06-11 16:38:04] [DEBUG] [T:27280] [runner._check_one:487] [asst.log] 4f9d5e58: pos 90627 → 90627, changed=False
[2026-06-11 16:38:06] [DEBUG] [T:27280] [runner._check_one:487] [asst.log] 0e7b6a1b: pos 99275 → 99275, changed=False
[2026-06-11 16:38:06] [DEBUG] [T:27280] [runner._check_one:487] [asst.log] 4f9d5e58: pos 90627 → 90627, changed=False
[2026-06-11 16:38:06] [DEBUG] [T:27280] [runner._check_one:487] [asst.log] 0e7b6a1b: pos 99275 → 99275, changed=False
[2026-06-11 16:38:06] [DEBUG] [T:27280] [runner._check_one:487] [asst.log] 4f9d5e58: pos 90627 → 90627, changed=False
[2026-06-11 16:38:08] [DEBUG] [T:27280] [runner._check_one:487] [asst.log] 0e7b6a1b: pos 99275 → 99275, changed=False
[2026-06-11 16:38:08] [DEBUG] [T:27280] [runner._check_one:487] [asst.log] 4f9d5e58: pos 90627 → 90627, changed=False
[2026-06-11 16:38:08] [DEBUG] [T:27280] [runner._check_one:487] [asst.log] 0e7b6a1b: pos 99275 → 99275, changed=False
[2026-06-11 16:38:08] [DEBUG] [T:27280] [runner._check_one:487] [asst.log] 4f9d5e58: pos 90627 → 90627, changed=False
[2026-06-11 16:38:10] [DEBUG] [T:27280] [runner._check_one:487] [asst.log] 0e7b6a1b: pos 99275 → 99275, changed=False
[2026-06-11 16:38:10] [DEBUG] [T:27280] [runner._check_one:487] [asst.log] 4f9d5e58: pos 90627 → 90627, changed=False
[2026-06-11 16:38:10] [DEBUG] [T:27280] [runner._check_one:487] [asst.log] 0e7b6a1b: pos 99275 → 99275, changed=False
[2026-06-11 16:38:10] [DEBUG] [T:27280] [runner._check_one:487] [asst.log] 4f9d5e58: pos 90627 → 90627, changed=False
[2026-06-11 16:38:12] [DEBUG] [T:27280] [runner._check_one:487] [asst.log] 0e7b6a1b: pos 99275 → 99275, changed=False
[2026-06-11 16:38:12] [DEBUG] [T:27280] [runner._check_one:487] [asst.log] 4f9d5e58: pos 90627 → 90627, changed=False
[2026-06-11 16:38:12] [DEBUG] [T:27280] [runner._check_one:487] [asst.log] 0e7b6a1b: pos 99275 → 99275, changed=False
[2026-06-11 16:38:12] [DEBUG] [T:27280] [runner._check_one:487] [asst.log] 4f9d5e58: pos 90627 → 90627, changed=False
[2026-06-11 16:38:14] [DEBUG] [T:27280] [runner._check_one:487] [asst.log] 0e7b6a1b: pos 99275 → 99275, changed=False
[2026-06-11 16:38:14] [DEBUG] [T:27280] [runner._check_one:487] [asst.log] 4f9d5e58: pos 90627 → 90627, changed=False
[2026-06-11 16:38:14] [DEBUG] [T:27280] [runner._check_one:487] [asst.log] 0e7b6a1b: pos 99275 → 99275, changed=False
[2026-06-11 16:38:14] [DEBUG] [T:27280] [runner._check_one:487] [asst.log] 4f9d5e58: pos 90627 → 90627, changed=False
[2026-06-11 16:38:16] [DEBUG] [T:27280] [runner._check_one:487] [asst.log] 0e7b6a1b: pos 99275 → 99275, changed=False
[2026-06-11 16:38:16] [DEBUG] [T:27280] [runner._check_one:487] [asst.log] 4f9d5e58: pos 90627 → 90627, changed=False
[2026-06-11 16:38:16] [DEBUG] [T:27280] [runner._check_one:487] [asst.log] 0e7b6a1b: pos 99275 → 99275, changed=False
[2026-06-11 16:38:16] [DEBUG] [T:27280] [runner._check_one:487] [asst.log] 4f9d5e58: pos 90627 → 90627, changed=False
[2026-06-11 16:38:18] [DEBUG] [T:27280] [runner._check_one:487] [asst.log] 0e7b6a1b: pos 99275 → 99275, changed=False
[2026-06-11 16:38:18] [DEBUG] [T:27280] [runner._check_one:487] [asst.log] 4f9d5e58: pos 90627 → 90627, changed=False
[2026-06-11 16:38:18] [DEBUG] [T:27280] [runner._check_one:487] [asst.log] 0e7b6a1b: pos 99275 → 99275, changed=False
[2026-06-11 16:38:18] [DEBUG] [T:27280] [runner._check_one:487] [asst.log] 4f9d5e58: pos 90627 → 90627, changed=False
[2026-06-11 16:38:20] [DEBUG] [T:27280] [runner._check_one:487] [asst.log] 0e7b6a1b: pos 99275 → 99275, changed=False
[2026-06-11 16:38:20] [DEBUG] [T:27280] [runner._check_one:487] [asst.log] 4f9d5e58: pos 90627 → 90627, changed=False
[2026-06-11 16:38:20] [DEBUG] [T:27280] [runner._check_one:487] [asst.log] 0e7b6a1b: pos 99275 → 99275, changed=False
[2026-06-11 16:38:20] [DEBUG] [T:27280] [runner._check_one:487] [asst.log] 4f9d5e58: pos 90627 → 90627, changed=False
[2026-06-11 16:38:22] [DEBUG] [T:27280] [runner._check_one:487] [asst.log] 0e7b6a1b: pos 99275 → 99275, changed=False
[2026-06-11 16:38:22] [DEBUG] [T:27280] [runner._check_one:487] [asst.log] 4f9d5e58: pos 90627 → 90627, changed=False
[2026-06-11 16:38:22] [DEBUG] [T:27280] [runner._check_one:487] [asst.log] 0e7b6a1b: pos 99275 → 99275, changed=False
[2026-06-11 16:38:22] [DEBUG] [T:27280] [runner._check_one:487] [asst.log] 4f9d5e58: pos 90627 → 90627, changed=False
[2026-06-11 16:38:24] [DEBUG] [T:27280] [runner._check_one:487] [asst.log] 0e7b6a1b: pos 99275 → 99275, changed=False
[2026-06-11 16:38:24] [DEBUG] [T:27280] [runner._check_one:487] [asst.log] 4f9d5e58: pos 90627 → 90627, changed=False
[2026-06-11 16:38:24] [DEBUG] [T:27280] [runner._check_one:487] [asst.log] 0e7b6a1b: pos 99275 → 99275, changed=False
[2026-06-11 16:38:24] [DEBUG] [T:27280] [runner._check_one:487] [asst.log] 4f9d5e58: pos 90627 → 90627, changed=False
[2026-06-11 16:38:26] [DEBUG] [T:27280] [runner._check_one:487] [asst.log] 0e7b6a1b: pos 99275 → 99275, changed=False
[2026-06-11 16:38:26] [DEBUG] [T:27280] [runner._check_one:487] [asst.log] 4f9d5e58: pos 90627 → 90627, changed=False
[2026-06-11 16:38:26] [DEBUG] [T:27280] [runner._check_one:487] [asst.log] 0e7b6a1b: pos 99275 → 99275, changed=False
[2026-06-11 16:38:26] [DEBUG] [T:27280] [runner._check_one:487] [asst.log] 4f9d5e58: pos 90627 → 90627, changed=False
[2026-06-11 16:38:28] [DEBUG] [T:27280] [runner._check_one:487] [asst.log] 0e7b6a1b: pos 99275 → 99275, changed=False
[2026-06-11 16:38:28] [DEBUG] [T:27280] [runner._check_one:487] [asst.log] 4f9d5e58: pos 90627 → 90627, changed=False
[2026-06-11 16:38:28] [DEBUG] [T:27280] [runner._check_one:487] [asst.log] 0e7b6a1b: pos 99275 → 99275, changed=False
[2026-06-11 16:38:28] [DEBUG] [T:27280] [runner._check_one:487] [asst.log] 4f9d5e58: pos 90627 → 90627, changed=False
[2026-06-11 16:38:30] [DEBUG] [T:27280] [runner._check_one:487] [asst.log] 0e7b6a1b: pos 99275 → 99275, changed=False
[2026-06-11 16:38:30] [DEBUG] [T:27280] [runner._check_one:487] [asst.log] 4f9d5e58: pos 90627 → 90627, changed=False
[2026-06-11 16:38:30] [DEBUG] [T:27280] [runner._check_one:487] [asst.log] 0e7b6a1b: pos 99275 → 99275, changed=False
[2026-06-11 16:38:30] [DEBUG] [T:27280] [runner._check_one:487] [asst.log] 4f9d5e58: pos 90627 → 90627, changed=False
[2026-06-11 16:38:30] [INFO ] [T:27280] [app._log:192] [状态] 运行中: 2/2 | 队列: 0 | 错误: 0
[2026-06-11 16:38:32] [DEBUG] [T:27280] [runner._check_one:487] [asst.log] 0e7b6a1b: pos 99275 → 99275, changed=False
[2026-06-11 16:38:32] [DEBUG] [T:27280] [runner._check_one:487] [asst.log] 4f9d5e58: pos 90627 → 90627, changed=False
[2026-06-11 16:38:32] [DEBUG] [T:27280] [runner._check_one:487] [asst.log] 0e7b6a1b: pos 99275 → 99275, changed=False
[2026-06-11 16:38:32] [DEBUG] [T:27280] [runner._check_one:487] [asst.log] 4f9d5e58: pos 90627 → 90627, changed=False
[2026-06-11 16:38:34] [DEBUG] [T:27280] [runner._check_one:487] [asst.log] 0e7b6a1b: pos 99275 → 99275, changed=False
[2026-06-11 16:38:34] [DEBUG] [T:27280] [runner._check_one:487] [asst.log] 4f9d5e58: pos 90627 → 90627, changed=False
[2026-06-11 16:38:34] [DEBUG] [T:27280] [runner._check_one:487] [asst.log] 0e7b6a1b: pos 99275 → 99275, changed=False
[2026-06-11 16:38:34] [DEBUG] [T:27280] [runner._check_one:487] [asst.log] 4f9d5e58: pos 90627 → 90627, changed=False
[2026-06-11 16:38:36] [DEBUG] [T:27280] [runner._check_one:487] [asst.log] 0e7b6a1b: pos 99275 → 99275, changed=False
[2026-06-11 16:38:36] [DEBUG] [T:27280] [runner._check_one:487] [asst.log] 4f9d5e58: pos 90627 → 90627, changed=False
[2026-06-11 16:38:36] [DEBUG] [T:27280] [runner._check_one:487] [asst.log] 0e7b6a1b: pos 99275 → 99275, changed=False
[2026-06-11 16:38:36] [DEBUG] [T:27280] [runner._check_one:487] [asst.log] 4f9d5e58: pos 90627 → 90627, changed=False
[2026-06-11 16:38:38] [DEBUG] [T:27280] [runner._check_one:487] [asst.log] 0e7b6a1b: pos 99275 → 99275, changed=False
[2026-06-11 16:38:38] [DEBUG] [T:27280] [runner._check_one:487] [asst.log] 4f9d5e58: pos 90627 → 90627, changed=False
[2026-06-11 16:38:38] [DEBUG] [T:27280] [runner._check_one:487] [asst.log] 0e7b6a1b: pos 99275 → 99275, changed=False
[2026-06-11 16:38:38] [DEBUG] [T:27280] [runner._check_one:487] [asst.log] 4f9d5e58: pos 90627 → 90627, changed=False
[2026-06-11 16:38:40] [DEBUG] [T:27280] [runner._check_one:487] [asst.log] 0e7b6a1b: pos 99275 → 99275, changed=False
[2026-06-11 16:38:40] [DEBUG] [T:27280] [runner._check_one:487] [asst.log] 4f9d5e58: pos 90627 → 90627, changed=False
[2026-06-11 16:38:40] [DEBUG] [T:27280] [runner._check_one:487] [asst.log] 0e7b6a1b: pos 99275 → 99275, changed=False
[2026-06-11 16:38:40] [DEBUG] [T:27280] [runner._check_one:487] [asst.log] 4f9d5e58: pos 90627 → 90627, changed=False
[2026-06-11 16:38:42] [DEBUG] [T:27280] [runner._check_one:487] [asst.log] 0e7b6a1b: pos 99275 → 99275, changed=False
[2026-06-11 16:38:42] [DEBUG] [T:27280] [runner._check_one:487] [asst.log] 4f9d5e58: pos 90627 → 90627, changed=False
[2026-06-11 16:38:42] [DEBUG] [T:27280] [runner._check_one:487] [asst.log] 0e7b6a1b: pos 99275 → 99275, changed=False
[2026-06-11 16:38:42] [DEBUG] [T:27280] [runner._check_one:487] [asst.log] 4f9d5e58: pos 90627 → 90627, changed=False
[2026-06-11 16:38:44] [DEBUG] [T:27280] [runner._check_one:487] [asst.log] 0e7b6a1b: pos 99275 → 99275, changed=False
[2026-06-11 16:38:44] [DEBUG] [T:27280] [runner._check_one:487] [asst.log] 4f9d5e58: pos 90627 → 90627, changed=False
[2026-06-11 16:38:44] [DEBUG] [T:27280] [runner._check_one:487] [asst.log] 0e7b6a1b: pos 99275 → 99275, changed=False
[2026-06-11 16:38:44] [DEBUG] [T:27280] [runner._check_one:487] [asst.log] 4f9d5e58: pos 90627 → 90627, changed=False
[2026-06-11 16:38:46] [DEBUG] [T:27280] [runner._check_one:487] [asst.log] 0e7b6a1b: pos 99275 → 99275, changed=False
[2026-06-11 16:38:46] [DEBUG] [T:27280] [runner._check_one:487] [asst.log] 4f9d5e58: pos 90627 → 90627, changed=False
[2026-06-11 16:38:46] [DEBUG] [T:27280] [runner._check_one:487] [asst.log] 0e7b6a1b: pos 99275 → 99275, changed=False
[2026-06-11 16:38:46] [DEBUG] [T:27280] [runner._check_one:487] [asst.log] 4f9d5e58: pos 90627 → 90627, changed=False
[2026-06-11 16:38:48] [DEBUG] [T:27280] [runner._check_one:487] [asst.log] 0e7b6a1b: pos 99275 → 99275, changed=False
[2026-06-11 16:38:48] [DEBUG] [T:27280] [runner._check_one:487] [asst.log] 4f9d5e58: pos 90627 → 90627, changed=False
[2026-06-11 16:38:48] [DEBUG] [T:27280] [runner._check_one:487] [asst.log] 0e7b6a1b: pos 99275 → 99275, changed=False
[2026-06-11 16:38:48] [DEBUG] [T:27280] [runner._check_one:487] [asst.log] 4f9d5e58: pos 90627 → 90627, changed=False
[2026-06-11 16:38:50] [DEBUG] [T:27280] [runner._check_one:487] [asst.log] 0e7b6a1b: pos 99275 → 99275, changed=False
[2026-06-11 16:38:50] [DEBUG] [T:27280] [runner._check_one:487] [asst.log] 4f9d5e58: pos 90627 → 90627, changed=False
[2026-06-11 16:38:50] [DEBUG] [T:27280] [runner._check_one:487] [asst.log] 0e7b6a1b: pos 99275 → 99275, changed=False
[2026-06-11 16:38:50] [DEBUG] [T:27280] [runner._check_one:487] [asst.log] 4f9d5e58: pos 90627 → 90627, changed=False
[2026-06-11 16:38:52] [DEBUG] [T:27280] [runner._check_one:487] [asst.log] 0e7b6a1b: pos 99275 → 99275, changed=False
[2026-06-11 16:38:52] [DEBUG] [T:27280] [runner._check_one:487] [asst.log] 4f9d5e58: pos 90627 → 90627, changed=False
[2026-06-11 16:38:52] [DEBUG] [T:27280] [runner._check_one:487] [asst.log] 0e7b6a1b: pos 99275 → 99275, changed=False
[2026-06-11 16:38:52] [DEBUG] [T:27280] [runner._check_one:487] [asst.log] 4f9d5e58: pos 90627 → 90627, changed=False
[2026-06-11 16:38:54] [DEBUG] [T:27280] [runner._check_one:487] [asst.log] 0e7b6a1b: pos 99275 → 99275, changed=False
[2026-06-11 16:38:54] [DEBUG] [T:27280] [runner._check_one:487] [asst.log] 4f9d5e58: pos 90627 → 90627, changed=False
[2026-06-11 16:38:54] [DEBUG] [T:27280] [runner._check_one:487] [asst.log] 0e7b6a1b: pos 99275 → 99275, changed=False
[2026-06-11 16:38:54] [DEBUG] [T:27280] [runner._check_one:487] [asst.log] 4f9d5e58: pos 90627 → 90627, changed=False
[2026-06-11 16:38:56] [DEBUG] [T:27280] [runner._check_one:487] [asst.log] 0e7b6a1b: pos 99275 → 99275, changed=False
[2026-06-11 16:38:56] [DEBUG] [T:27280] [runner._check_one:487] [asst.log] 4f9d5e58: pos 90627 → 90627, changed=False
[2026-06-11 16:38:56] [DEBUG] [T:27280] [runner._check_one:487] [asst.log] 0e7b6a1b: pos 99275 → 99275, changed=False
[2026-06-11 16:38:56] [DEBUG] [T:27280] [runner._check_one:487] [asst.log] 4f9d5e58: pos 90627 → 90627, changed=False
[2026-06-11 16:38:58] [DEBUG] [T:27280] [runner._check_one:487] [asst.log] 0e7b6a1b: pos 99275 → 99275, changed=False
[2026-06-11 16:38:58] [DEBUG] [T:27280] [runner._check_one:487] [asst.log] 4f9d5e58: pos 90627 → 90627, changed=False
[2026-06-11 16:38:58] [DEBUG] [T:27280] [runner._check_one:487] [asst.log] 0e7b6a1b: pos 99275 → 99275, changed=False
[2026-06-11 16:38:58] [DEBUG] [T:27280] [runner._check_one:487] [asst.log] 4f9d5e58: pos 90627 → 90627, changed=False
[2026-06-11 16:39:00] [DEBUG] [T:27280] [runner._check_one:487] [asst.log] 0e7b6a1b: pos 99275 → 99275, changed=False
[2026-06-11 16:39:00] [DEBUG] [T:27280] [runner._check_one:487] [asst.log] 4f9d5e58: pos 90627 → 90627, changed=False
[2026-06-11 16:39:00] [DEBUG] [T:27280] [runner._check_one:487] [asst.log] 0e7b6a1b: pos 99275 → 99275, changed=False
[2026-06-11 16:39:00] [DEBUG] [T:27280] [runner._check_one:487] [asst.log] 4f9d5e58: pos 90627 → 90627, changed=False
[2026-06-11 16:39:00] [INFO ] [T:27280] [app._log:192] [状态] 运行中: 2/2 | 队列: 0 | 错误: 0
[2026-06-11 16:39:02] [DEBUG] [T:27280] [runner._check_one:487] [asst.log] 0e7b6a1b: pos 99275 → 99275, changed=False
[2026-06-11 16:39:02] [DEBUG] [T:27280] [runner._check_one:487] [asst.log] 4f9d5e58: pos 90627 → 90627, changed=False
[2026-06-11 16:39:02] [DEBUG] [T:27280] [runner._check_one:487] [asst.log] 0e7b6a1b: pos 99275 → 99275, changed=False
[2026-06-11 16:39:02] [DEBUG] [T:27280] [runner._check_one:487] [asst.log] 4f9d5e58: pos 90627 → 90627, changed=False
[2026-06-11 16:39:04] [DEBUG] [T:27280] [runner._check_one:487] [asst.log] 0e7b6a1b: pos 99275 → 99275, changed=False
[2026-06-11 16:39:04] [DEBUG] [T:27280] [runner._check_one:487] [asst.log] 4f9d5e58: pos 90627 → 90627, changed=False
[2026-06-11 16:39:04] [DEBUG] [T:27280] [runner._check_one:487] [asst.log] 0e7b6a1b: pos 99275 → 99275, changed=False
[2026-06-11 16:39:04] [DEBUG] [T:27280] [runner._check_one:487] [asst.log] 4f9d5e58: pos 90627 → 90627, changed=False
[2026-06-11 16:39:06] [DEBUG] [T:27280] [runner._check_one:487] [asst.log] 0e7b6a1b: pos 99275 → 99275, changed=False
[2026-06-11 16:39:06] [DEBUG] [T:27280] [runner._check_one:487] [asst.log] 4f9d5e58: pos 90627 → 90627, changed=False
[2026-06-11 16:39:06] [DEBUG] [T:27280] [runner._check_one:487] [asst.log] 0e7b6a1b: pos 99275 → 99275, changed=False
[2026-06-11 16:39:06] [DEBUG] [T:27280] [runner._check_one:487] [asst.log] 4f9d5e58: pos 90627 → 90627, changed=False
[2026-06-11 16:39:08] [DEBUG] [T:27280] [runner._check_one:487] [asst.log] 0e7b6a1b: pos 99275 → 99275, changed=False
[2026-06-11 16:39:08] [DEBUG] [T:27280] [runner._check_one:487] [asst.log] 4f9d5e58: pos 90627 → 90627, changed=False
[2026-06-11 16:39:08] [DEBUG] [T:27280] [runner._check_one:487] [asst.log] 0e7b6a1b: pos 99275 → 99275, changed=False
[2026-06-11 16:39:08] [DEBUG] [T:27280] [runner._check_one:487] [asst.log] 4f9d5e58: pos 90627 → 90627, changed=False
[2026-06-11 16:39:10] [DEBUG] [T:27280] [runner._check_one:487] [asst.log] 0e7b6a1b: pos 99275 → 99275, changed=False
[2026-06-11 16:39:10] [DEBUG] [T:27280] [runner._check_one:487] [asst.log] 4f9d5e58: pos 90627 → 90627, changed=False
[2026-06-11 16:39:10] [DEBUG] [T:27280] [runner._check_one:487] [asst.log] 0e7b6a1b: pos 99275 → 99275, changed=False
[2026-06-11 16:39:10] [DEBUG] [T:27280] [runner._check_one:487] [asst.log] 4f9d5e58: pos 90627 → 90627, changed=False
[2026-06-11 16:39:12] [DEBUG] [T:27280] [runner._check_one:487] [asst.log] 0e7b6a1b: pos 99275 → 99275, changed=False
[2026-06-11 16:39:12] [DEBUG] [T:27280] [runner._check_one:487] [asst.log] 4f9d5e58: pos 90627 → 90627, changed=False
[2026-06-11 16:39:12] [DEBUG] [T:27280] [runner._check_one:487] [asst.log] 0e7b6a1b: pos 99275 → 99275, changed=False
[2026-06-11 16:39:12] [DEBUG] [T:27280] [runner._check_one:487] [asst.log] 4f9d5e58: pos 90627 → 90627, changed=False
[2026-06-11 16:39:14] [DEBUG] [T:27280] [runner._check_one:487] [asst.log] 0e7b6a1b: pos 99275 → 99275, changed=False
[2026-06-11 16:39:14] [DEBUG] [T:27280] [runner._check_one:487] [asst.log] 4f9d5e58: pos 90627 → 90627, changed=False
[2026-06-11 16:39:14] [DEBUG] [T:27280] [runner._check_one:487] [asst.log] 0e7b6a1b: pos 99275 → 99275, changed=False
[2026-06-11 16:39:14] [DEBUG] [T:27280] [runner._check_one:487] [asst.log] 4f9d5e58: pos 90627 → 90627, changed=False
[2026-06-11 16:39:16] [DEBUG] [T:27280] [runner._check_one:487] [asst.log] 0e7b6a1b: pos 99275 → 99275, changed=False
[2026-06-11 16:39:16] [DEBUG] [T:27280] [runner._check_one:487] [asst.log] 4f9d5e58: pos 90627 → 90627, changed=False
[2026-06-11 16:39:16] [DEBUG] [T:27280] [runner._check_one:487] [asst.log] 0e7b6a1b: pos 99275 → 99275, changed=False
[2026-06-11 16:39:16] [DEBUG] [T:27280] [runner._check_one:487] [asst.log] 4f9d5e58: pos 90627 → 90627, changed=False
[2026-06-11 16:39:18] [DEBUG] [T:27280] [runner._check_one:487] [asst.log] 0e7b6a1b: pos 99275 → 99275, changed=False
[2026-06-11 16:39:18] [DEBUG] [T:27280] [runner._check_one:487] [asst.log] 4f9d5e58: pos 90627 → 90627, changed=False
[2026-06-11 16:39:18] [DEBUG] [T:27280] [runner._check_one:487] [asst.log] 0e7b6a1b: pos 99275 → 99275, changed=False
[2026-06-11 16:39:18] [DEBUG] [T:27280] [runner._check_one:487] [asst.log] 4f9d5e58: pos 90627 → 90627, changed=False
[2026-06-11 16:39:20] [DEBUG] [T:27280] [runner._check_one:487] [asst.log] 0e7b6a1b: pos 99275 → 99275, changed=False
[2026-06-11 16:39:20] [DEBUG] [T:27280] [runner._check_one:487] [asst.log] 4f9d5e58: pos 90627 → 90627, changed=False
[2026-06-11 16:39:20] [DEBUG] [T:27280] [runner._check_one:487] [asst.log] 0e7b6a1b: pos 99275 → 99275, changed=False
[2026-06-11 16:39:20] [DEBUG] [T:27280] [runner._check_one:487] [asst.log] 4f9d5e58: pos 90627 → 90627, changed=False
[2026-06-11 16:39:22] [DEBUG] [T:27280] [runner._check_one:487] [asst.log] 0e7b6a1b: pos 99275 → 99275, changed=False
[2026-06-11 16:39:22] [DEBUG] [T:27280] [runner._check_one:487] [asst.log] 4f9d5e58: pos 90627 → 90627, changed=False
[2026-06-11 16:39:22] [DEBUG] [T:27280] [runner._check_one:487] [asst.log] 0e7b6a1b: pos 99275 → 99275, changed=False
[2026-06-11 16:39:22] [DEBUG] [T:27280] [runner._check_one:487] [asst.log] 4f9d5e58: pos 90627 → 90627, changed=False
[2026-06-11 16:39:24] [DEBUG] [T:27280] [runner._check_one:487] [asst.log] 0e7b6a1b: pos 99275 → 99275, changed=False
[2026-06-11 16:39:24] [DEBUG] [T:27280] [runner._check_one:487] [asst.log] 4f9d5e58: pos 90627 → 90627, changed=False
[2026-06-11 16:39:24] [DEBUG] [T:27280] [runner._check_one:487] [asst.log] 0e7b6a1b: pos 99275 → 99275, changed=False
[2026-06-11 16:39:24] [DEBUG] [T:27280] [runner._check_one:487] [asst.log] 4f9d5e58: pos 90627 → 90627, changed=False
[2026-06-11 16:39:26] [DEBUG] [T:27280] [runner._check_one:487] [asst.log] 0e7b6a1b: pos 99275 → 99275, changed=False
[2026-06-11 16:39:26] [DEBUG] [T:27280] [runner._check_one:487] [asst.log] 4f9d5e58: pos 90627 → 90627, changed=False
[2026-06-11 16:39:26] [DEBUG] [T:27280] [runner._check_one:487] [asst.log] 0e7b6a1b: pos 99275 → 99275, changed=False
[2026-06-11 16:39:26] [DEBUG] [T:27280] [runner._check_one:487] [asst.log] 4f9d5e58: pos 90627 → 90627, changed=False
[2026-06-11 16:39:28] [DEBUG] [T:27280] [runner._check_one:487] [asst.log] 0e7b6a1b: pos 99275 → 99275, changed=False
[2026-06-11 16:39:28] [DEBUG] [T:27280] [runner._check_one:487] [asst.log] 4f9d5e58: pos 90627 → 90627, changed=False
[2026-06-11 16:39:28] [DEBUG] [T:27280] [runner._check_one:487] [asst.log] 0e7b6a1b: pos 99275 → 99275, changed=False
[2026-06-11 16:39:28] [DEBUG] [T:27280] [runner._check_one:487] [asst.log] 4f9d5e58: pos 90627 → 90627, changed=False
[2026-06-11 16:39:30] [DEBUG] [T:27280] [runner._check_one:487] [asst.log] 0e7b6a1b: pos 99275 → 99275, changed=False
[2026-06-11 16:39:30] [DEBUG] [T:27280] [runner._check_one:487] [asst.log] 4f9d5e58: pos 90627 → 90627, changed=False
[2026-06-11 16:39:30] [DEBUG] [T:27280] [runner._check_one:487] [asst.log] 0e7b6a1b: pos 99275 → 99275, changed=False
[2026-06-11 16:39:30] [DEBUG] [T:27280] [runner._check_one:487] [asst.log] 4f9d5e58: pos 90627 → 90627, changed=False
[2026-06-11 16:39:30] [INFO ] [T:27280] [app._log:192] [状态] 运行中: 2/2 | 队列: 0 | 错误: 0
[2026-06-11 16:39:32] [DEBUG] [T:27280] [runner._check_one:487] [asst.log] 0e7b6a1b: pos 99275 → 99275, changed=False
[2026-06-11 16:39:32] [DEBUG] [T:27280] [runner._check_one:487] [asst.log] 4f9d5e58: pos 90627 → 90627, changed=False
[2026-06-11 16:39:32] [DEBUG] [T:27280] [runner._check_one:487] [asst.log] 0e7b6a1b: pos 99275 → 99275, changed=False
[2026-06-11 16:39:32] [DEBUG] [T:27280] [runner._check_one:487] [asst.log] 4f9d5e58: pos 90627 → 90627, changed=False
[2026-06-11 16:39:34] [DEBUG] [T:27280] [runner._check_one:487] [asst.log] 0e7b6a1b: pos 99275 → 99275, changed=False
[2026-06-11 16:39:34] [DEBUG] [T:27280] [runner._check_one:487] [asst.log] 4f9d5e58: pos 90627 → 90627, changed=False
[2026-06-11 16:39:34] [DEBUG] [T:27280] [runner._check_one:487] [asst.log] 0e7b6a1b: pos 99275 → 99275, changed=False
[2026-06-11 16:39:34] [DEBUG] [T:27280] [runner._check_one:487] [asst.log] 4f9d5e58: pos 90627 → 90627, changed=False
[2026-06-11 16:39:36] [DEBUG] [T:27280] [runner._check_one:487] [asst.log] 0e7b6a1b: pos 99275 → 99275, changed=False
[2026-06-11 16:39:36] [DEBUG] [T:27280] [runner._check_one:487] [asst.log] 4f9d5e58: pos 90627 → 90627, changed=False
[2026-06-11 16:39:36] [DEBUG] [T:27280] [runner._check_one:487] [asst.log] 0e7b6a1b: pos 99275 → 99275, changed=False
[2026-06-11 16:39:36] [DEBUG] [T:27280] [runner._check_one:487] [asst.log] 4f9d5e58: pos 90627 → 90627, changed=False
[2026-06-11 16:39:38] [DEBUG] [T:27280] [runner._check_one:487] [asst.log] 0e7b6a1b: pos 99275 → 99275, changed=False
[2026-06-11 16:39:38] [DEBUG] [T:27280] [runner._check_one:487] [asst.log] 4f9d5e58: pos 90627 → 90627, changed=False
[2026-06-11 16:39:38] [DEBUG] [T:27280] [runner._check_one:487] [asst.log] 0e7b6a1b: pos 99275 → 99275, changed=False
[2026-06-11 16:39:38] [DEBUG] [T:27280] [runner._check_one:487] [asst.log] 4f9d5e58: pos 90627 → 90627, changed=False
[2026-06-11 16:39:40] [DEBUG] [T:27280] [runner._check_one:487] [asst.log] 0e7b6a1b: pos 99275 → 99275, changed=False
[2026-06-11 16:39:40] [DEBUG] [T:27280] [runner._check_one:487] [asst.log] 4f9d5e58: pos 90627 → 90627, changed=False
[2026-06-11 16:39:40] [DEBUG] [T:27280] [runner._check_one:487] [asst.log] 0e7b6a1b: pos 99275 → 99275, changed=False
[2026-06-11 16:39:40] [DEBUG] [T:27280] [runner._check_one:487] [asst.log] 4f9d5e58: pos 90627 → 90627, changed=False
[2026-06-11 16:39:42] [DEBUG] [T:27280] [runner._check_one:487] [asst.log] 0e7b6a1b: pos 99275 → 99275, changed=False
[2026-06-11 16:39:42] [DEBUG] [T:27280] [runner._check_one:487] [asst.log] 4f9d5e58: pos 90627 → 90627, changed=False
[2026-06-11 16:39:42] [DEBUG] [T:27280] [runner._check_one:487] [asst.log] 0e7b6a1b: pos 99275 → 99275, changed=False
[2026-06-11 16:39:42] [DEBUG] [T:27280] [runner._check_one:487] [asst.log] 4f9d5e58: pos 90627 → 90627, changed=False
[2026-06-11 16:39:44] [DEBUG] [T:27280] [runner._check_one:487] [asst.log] 0e7b6a1b: pos 99275 → 99275, changed=False
[2026-06-11 16:39:44] [DEBUG] [T:27280] [runner._check_one:487] [asst.log] 4f9d5e58: pos 90627 → 90627, changed=False
[2026-06-11 16:39:44] [DEBUG] [T:27280] [runner._check_one:487] [asst.log] 0e7b6a1b: pos 99275 → 99275, changed=False
[2026-06-11 16:39:44] [DEBUG] [T:27280] [runner._check_one:487] [asst.log] 4f9d5e58: pos 90627 → 90627, changed=False
[2026-06-11 16:39:46] [DEBUG] [T:27280] [runner._check_one:487] [asst.log] 0e7b6a1b: pos 99275 → 99275, changed=False
[2026-06-11 16:39:46] [DEBUG] [T:27280] [runner._check_one:487] [asst.log] 4f9d5e58: pos 90627 → 90627, changed=False
[2026-06-11 16:39:46] [DEBUG] [T:27280] [runner._check_one:487] [asst.log] 0e7b6a1b: pos 99275 → 99275, changed=False
[2026-06-11 16:39:46] [DEBUG] [T:27280] [runner._check_one:487] [asst.log] 4f9d5e58: pos 90627 → 90627, changed=False
[2026-06-11 16:39:48] [DEBUG] [T:27280] [runner._check_one:487] [asst.log] 0e7b6a1b: pos 99275 → 99275, changed=False
[2026-06-11 16:39:48] [DEBUG] [T:27280] [runner._check_one:487] [asst.log] 4f9d5e58: pos 90627 → 90627, changed=False
[2026-06-11 16:39:48] [DEBUG] [T:27280] [runner._check_one:487] [asst.log] 0e7b6a1b: pos 99275 → 99275, changed=False
[2026-06-11 16:39:48] [DEBUG] [T:27280] [runner._check_one:487] [asst.log] 4f9d5e58: pos 90627 → 90627, changed=False
[2026-06-11 16:39:50] [DEBUG] [T:27280] [runner._check_one:487] [asst.log] 0e7b6a1b: pos 99275 → 99275, changed=False
[2026-06-11 16:39:50] [DEBUG] [T:27280] [runner._check_one:487] [asst.log] 4f9d5e58: pos 90627 → 90627, changed=False
[2026-06-11 16:39:50] [DEBUG] [T:27280] [runner._check_one:487] [asst.log] 0e7b6a1b: pos 99275 → 99275, changed=False
[2026-06-11 16:39:50] [DEBUG] [T:27280] [runner._check_one:487] [asst.log] 4f9d5e58: pos 90627 → 90627, changed=False
[2026-06-11 16:39:52] [DEBUG] [T:27280] [runner._check_one:487] [asst.log] 0e7b6a1b: pos 99275 → 99275, changed=False
[2026-06-11 16:39:52] [DEBUG] [T:27280] [runner._check_one:487] [asst.log] 4f9d5e58: pos 90627 → 90627, changed=False
[2026-06-11 16:39:52] [DEBUG] [T:27280] [runner._check_one:487] [asst.log] 0e7b6a1b: pos 99275 → 99275, changed=False
[2026-06-11 16:39:52] [DEBUG] [T:27280] [runner._check_one:487] [asst.log] 4f9d5e58: pos 90627 → 90627, changed=False
[2026-06-11 16:39:54] [DEBUG] [T:27280] [runner._check_one:487] [asst.log] 0e7b6a1b: pos 99275 → 99275, changed=False
[2026-06-11 16:39:54] [DEBUG] [T:27280] [runner._check_one:487] [asst.log] 4f9d5e58: pos 90627 → 90627, changed=False
[2026-06-11 16:39:54] [DEBUG] [T:27280] [runner._check_one:487] [asst.log] 0e7b6a1b: pos 99275 → 99275, changed=False
[2026-06-11 16:39:54] [DEBUG] [T:27280] [runner._check_one:487] [asst.log] 4f9d5e58: pos 90627 → 90627, changed=False
[2026-06-11 16:39:56] [DEBUG] [T:27280] [runner._check_one:487] [asst.log] 0e7b6a1b: pos 99275 → 99275, changed=False
[2026-06-11 16:39:56] [DEBUG] [T:27280] [runner._check_one:487] [asst.log] 4f9d5e58: pos 90627 → 90627, changed=False
[2026-06-11 16:39:56] [DEBUG] [T:27280] [runner._check_one:487] [asst.log] 0e7b6a1b: pos 99275 → 99275, changed=False
[2026-06-11 16:39:56] [DEBUG] [T:27280] [runner._check_one:487] [asst.log] 4f9d5e58: pos 90627 → 90627, changed=False
[2026-06-11 16:39:58] [DEBUG] [T:27280] [runner._check_one:487] [asst.log] 0e7b6a1b: pos 99275 → 99275, changed=False
[2026-06-11 16:39:58] [DEBUG] [T:27280] [runner._check_one:487] [asst.log] 4f9d5e58: pos 90627 → 90627, changed=False
[2026-06-11 16:39:58] [DEBUG] [T:27280] [runner._check_one:487] [asst.log] 0e7b6a1b: pos 99275 → 99275, changed=False
[2026-06-11 16:39:58] [DEBUG] [T:27280] [runner._check_one:487] [asst.log] 4f9d5e58: pos 90627 → 90627, changed=False
[2026-06-11 16:40:00] [DEBUG] [T:27280] [runner._check_one:487] [asst.log] 0e7b6a1b: pos 99275 → 99275, changed=False
[2026-06-11 16:40:00] [DEBUG] [T:27280] [runner._check_one:487] [asst.log] 4f9d5e58: pos 90627 → 90627, changed=False
[2026-06-11 16:40:00] [DEBUG] [T:27280] [runner._check_one:487] [asst.log] 0e7b6a1b: pos 99275 → 99275, changed=False
[2026-06-11 16:40:00] [DEBUG] [T:27280] [runner._check_one:487] [asst.log] 4f9d5e58: pos 90627 → 90627, changed=False
[2026-06-11 16:40:00] [INFO ] [T:27280] [app._log:192] [状态] 运行中: 2/2 | 队列: 0 | 错误: 0
[2026-06-11 16:40:02] [DEBUG] [T:27280] [runner._check_one:487] [asst.log] 0e7b6a1b: pos 99275 → 99275, changed=False
[2026-06-11 16:40:02] [DEBUG] [T:27280] [runner._check_one:487] [asst.log] 4f9d5e58: pos 90627 → 90627, changed=False
[2026-06-11 16:40:02] [DEBUG] [T:27280] [runner._check_one:487] [asst.log] 0e7b6a1b: pos 99275 → 99275, changed=False
[2026-06-11 16:40:02] [DEBUG] [T:27280] [runner._check_one:487] [asst.log] 4f9d5e58: pos 90627 → 90627, changed=False
[2026-06-11 16:40:04] [DEBUG] [T:27280] [runner._check_one:487] [asst.log] 0e7b6a1b: pos 99275 → 99275, changed=False
[2026-06-11 16:40:04] [DEBUG] [T:27280] [runner._check_one:487] [asst.log] 4f9d5e58: pos 90627 → 90627, changed=False
[2026-06-11 16:40:04] [DEBUG] [T:27280] [runner._check_one:487] [asst.log] 0e7b6a1b: pos 99275 → 99275, changed=False
[2026-06-11 16:40:04] [DEBUG] [T:27280] [runner._check_one:487] [asst.log] 4f9d5e58: pos 90627 → 90627, changed=False
[2026-06-11 16:40:06] [DEBUG] [T:27280] [runner._check_one:487] [asst.log] 0e7b6a1b: pos 99275 → 99275, changed=False
[2026-06-11 16:40:06] [DEBUG] [T:27280] [runner._check_one:487] [asst.log] 4f9d5e58: pos 90627 → 90627, changed=False
[2026-06-11 16:40:06] [DEBUG] [T:27280] [runner._check_one:487] [asst.log] 0e7b6a1b: pos 99275 → 99275, changed=False
[2026-06-11 16:40:06] [DEBUG] [T:27280] [runner._check_one:487] [asst.log] 4f9d5e58: pos 90627 → 90627, changed=False
[2026-06-11 16:40:08] [DEBUG] [T:27280] [runner._check_one:487] [asst.log] 0e7b6a1b: pos 99275 → 99275, changed=False
[2026-06-11 16:40:08] [DEBUG] [T:27280] [runner._check_one:487] [asst.log] 4f9d5e58: pos 90627 → 90627, changed=False
[2026-06-11 16:40:08] [DEBUG] [T:27280] [runner._check_one:487] [asst.log] 0e7b6a1b: pos 99275 → 99275, changed=False
[2026-06-11 16:40:08] [DEBUG] [T:27280] [runner._check_one:487] [asst.log] 4f9d5e58: pos 90627 → 90627, changed=False
[2026-06-11 16:40:10] [DEBUG] [T:27280] [runner._check_one:487] [asst.log] 0e7b6a1b: pos 99275 → 99275, changed=False
[2026-06-11 16:40:10] [DEBUG] [T:27280] [runner._check_one:487] [asst.log] 4f9d5e58: pos 90627 → 90627, changed=False
[2026-06-11 16:40:10] [DEBUG] [T:27280] [runner._check_one:487] [asst.log] 0e7b6a1b: pos 99275 → 99275, changed=False
[2026-06-11 16:40:10] [DEBUG] [T:27280] [runner._check_one:487] [asst.log] 4f9d5e58: pos 90627 → 90627, changed=False
[2026-06-11 16:40:12] [DEBUG] [T:27280] [runner._check_one:487] [asst.log] 0e7b6a1b: pos 99275 → 99275, changed=False
[2026-06-11 16:40:12] [DEBUG] [T:27280] [runner._check_one:487] [asst.log] 4f9d5e58: pos 90627 → 90627, changed=False
[2026-06-11 16:40:12] [DEBUG] [T:27280] [runner._check_one:487] [asst.log] 0e7b6a1b: pos 99275 → 99275, changed=False
[2026-06-11 16:40:12] [DEBUG] [T:27280] [runner._check_one:487] [asst.log] 4f9d5e58: pos 90627 → 90627, changed=False
[2026-06-11 16:40:14] [DEBUG] [T:27280] [runner._check_one:487] [asst.log] 0e7b6a1b: pos 99275 → 99275, changed=False
[2026-06-11 16:40:14] [DEBUG] [T:27280] [runner._check_one:487] [asst.log] 4f9d5e58: pos 90627 → 90627, changed=False
[2026-06-11 16:40:14] [DEBUG] [T:27280] [runner._check_one:487] [asst.log] 0e7b6a1b: pos 99275 → 99275, changed=False
[2026-06-11 16:40:14] [DEBUG] [T:27280] [runner._check_one:487] [asst.log] 4f9d5e58: pos 90627 → 90627, changed=False
[2026-06-11 16:40:16] [DEBUG] [T:27280] [runner._check_one:487] [asst.log] 0e7b6a1b: pos 99275 → 99275, changed=False
[2026-06-11 16:40:16] [DEBUG] [T:27280] [runner._check_one:487] [asst.log] 4f9d5e58: pos 90627 → 90627, changed=False
[2026-06-11 16:40:16] [DEBUG] [T:27280] [runner._check_one:487] [asst.log] 0e7b6a1b: pos 99275 → 99275, changed=False
[2026-06-11 16:40:16] [DEBUG] [T:27280] [runner._check_one:487] [asst.log] 4f9d5e58: pos 90627 → 90627, changed=False
[2026-06-11 16:40:18] [DEBUG] [T:27280] [runner._check_one:487] [asst.log] 0e7b6a1b: pos 99275 → 99275, changed=False
[2026-06-11 16:40:18] [DEBUG] [T:27280] [runner._check_one:487] [asst.log] 4f9d5e58: pos 90627 → 90627, changed=False
[2026-06-11 16:40:18] [DEBUG] [T:27280] [runner._check_one:487] [asst.log] 0e7b6a1b: pos 99275 → 99275, changed=False
[2026-06-11 16:40:18] [DEBUG] [T:27280] [runner._check_one:487] [asst.log] 4f9d5e58: pos 90627 → 90627, changed=False
[2026-06-11 16:40:20] [DEBUG] [T:27280] [runner._check_one:487] [asst.log] 0e7b6a1b: pos 99275 → 99275, changed=False
[2026-06-11 16:40:20] [DEBUG] [T:27280] [runner._check_one:487] [asst.log] 4f9d5e58: pos 90627 → 90627, changed=False
[2026-06-11 16:40:20] [DEBUG] [T:27280] [runner._check_one:487] [asst.log] 0e7b6a1b: pos 99275 → 99275, changed=False
[2026-06-11 16:40:20] [DEBUG] [T:27280] [runner._check_one:487] [asst.log] 4f9d5e58: pos 90627 → 90627, changed=False
[2026-06-11 16:40:22] [DEBUG] [T:27280] [runner._check_one:487] [asst.log] 0e7b6a1b: pos 99275 → 99275, changed=False
[2026-06-11 16:40:22] [DEBUG] [T:27280] [runner._check_one:487] [asst.log] 4f9d5e58: pos 90627 → 90627, changed=False
[2026-06-11 16:40:22] [DEBUG] [T:27280] [runner._check_one:487] [asst.log] 0e7b6a1b: pos 99275 → 99275, changed=False
[2026-06-11 16:40:22] [DEBUG] [T:27280] [runner._check_one:487] [asst.log] 4f9d5e58: pos 90627 → 90627, changed=False
[2026-06-11 16:40:24] [DEBUG] [T:27280] [runner._check_one:487] [asst.log] 0e7b6a1b: pos 99275 → 99275, changed=False
[2026-06-11 16:40:24] [DEBUG] [T:27280] [runner._check_one:487] [asst.log] 4f9d5e58: pos 90627 → 90627, changed=False
[2026-06-11 16:40:24] [DEBUG] [T:27280] [runner._check_one:487] [asst.log] 0e7b6a1b: pos 99275 → 99275, changed=False
[2026-06-11 16:40:24] [DEBUG] [T:27280] [runner._check_one:487] [asst.log] 4f9d5e58: pos 90627 → 90627, changed=False
[2026-06-11 16:40:26] [DEBUG] [T:27280] [runner._check_one:487] [asst.log] 0e7b6a1b: pos 99275 → 99275, changed=False
[2026-06-11 16:40:26] [DEBUG] [T:27280] [runner._check_one:487] [asst.log] 4f9d5e58: pos 90627 → 90627, changed=False
[2026-06-11 16:40:26] [DEBUG] [T:27280] [runner._check_one:487] [asst.log] 0e7b6a1b: pos 99275 → 99275, changed=False
[2026-06-11 16:40:26] [DEBUG] [T:27280] [runner._check_one:487] [asst.log] 4f9d5e58: pos 90627 → 90627, changed=False
[2026-06-11 16:40:28] [DEBUG] [T:27280] [runner._check_one:487] [asst.log] 0e7b6a1b: pos 99275 → 99275, changed=False
[2026-06-11 16:40:28] [DEBUG] [T:27280] [runner._check_one:487] [asst.log] 4f9d5e58: pos 90627 → 90627, changed=False
[2026-06-11 16:40:28] [DEBUG] [T:27280] [runner._check_one:487] [asst.log] 0e7b6a1b: pos 99275 → 99275, changed=False
[2026-06-11 16:40:28] [DEBUG] [T:27280] [runner._check_one:487] [asst.log] 4f9d5e58: pos 90627 → 90627, changed=False
[2026-06-11 16:40:30] [DEBUG] [T:27280] [runner._check_one:487] [asst.log] 0e7b6a1b: pos 99275 → 99275, changed=False
[2026-06-11 16:40:30] [DEBUG] [T:27280] [runner._check_one:487] [asst.log] 4f9d5e58: pos 90627 → 90627, changed=False
[2026-06-11 16:40:30] [DEBUG] [T:27280] [runner._check_one:487] [asst.log] 0e7b6a1b: pos 99275 → 99275, changed=False
[2026-06-11 16:40:30] [DEBUG] [T:27280] [runner._check_one:487] [asst.log] 4f9d5e58: pos 90627 → 90627, changed=False
[2026-06-11 16:40:30] [INFO ] [T:27280] [app._log:192] [状态] 运行中: 2/2 | 队列: 0 | 错误: 0
[2026-06-11 16:40:32] [DEBUG] [T:27280] [runner._check_one:487] [asst.log] 0e7b6a1b: pos 99275 → 99275, changed=False
[2026-06-11 16:40:32] [DEBUG] [T:27280] [runner._check_one:487] [asst.log] 4f9d5e58: pos 90627 → 90627, changed=False
[2026-06-11 16:40:32] [DEBUG] [T:27280] [runner._check_one:487] [asst.log] 0e7b6a1b: pos 99275 → 99275, changed=False
[2026-06-11 16:40:32] [DEBUG] [T:27280] [runner._check_one:487] [asst.log] 4f9d5e58: pos 90627 → 90627, changed=False
[2026-06-11 16:40:34] [DEBUG] [T:27280] [runner._check_one:487] [asst.log] 0e7b6a1b: pos 99275 → 99275, changed=False
[2026-06-11 16:40:34] [DEBUG] [T:27280] [runner._check_one:487] [asst.log] 4f9d5e58: pos 90627 → 90627, changed=False
[2026-06-11 16:40:34] [DEBUG] [T:27280] [runner._check_one:487] [asst.log] 0e7b6a1b: pos 99275 → 99275, changed=False
[2026-06-11 16:40:34] [DEBUG] [T:27280] [runner._check_one:487] [asst.log] 4f9d5e58: pos 90627 → 90627, changed=False
[2026-06-11 16:40:36] [DEBUG] [T:27280] [runner._check_one:487] [asst.log] 0e7b6a1b: pos 99275 → 99275, changed=False
[2026-06-11 16:40:36] [DEBUG] [T:27280] [runner._check_one:487] [asst.log] 4f9d5e58: pos 90627 → 90627, changed=False
[2026-06-11 16:40:36] [DEBUG] [T:27280] [runner._check_one:487] [asst.log] 0e7b6a1b: pos 99275 → 99275, changed=False
[2026-06-11 16:40:36] [DEBUG] [T:27280] [runner._check_one:487] [asst.log] 4f9d5e58: pos 90627 → 90627, changed=False
[2026-06-11 16:40:38] [DEBUG] [T:27280] [runner._check_one:487] [asst.log] 0e7b6a1b: pos 99275 → 99275, changed=False
[2026-06-11 16:40:38] [DEBUG] [T:27280] [runner._check_one:487] [asst.log] 4f9d5e58: pos 90627 → 90627, changed=False
[2026-06-11 16:40:38] [DEBUG] [T:27280] [runner._check_one:487] [asst.log] 0e7b6a1b: pos 99275 → 99275, changed=False
[2026-06-11 16:40:38] [DEBUG] [T:27280] [runner._check_one:487] [asst.log] 4f9d5e58: pos 90627 → 90627, changed=False
[2026-06-11 16:40:40] [DEBUG] [T:27280] [runner._check_one:487] [asst.log] 0e7b6a1b: pos 99275 → 99275, changed=False
[2026-06-11 16:40:40] [DEBUG] [T:27280] [runner._check_one:487] [asst.log] 4f9d5e58: pos 90627 → 90627, changed=False
[2026-06-11 16:40:40] [DEBUG] [T:27280] [runner._check_one:487] [asst.log] 0e7b6a1b: pos 99275 → 99275, changed=False
[2026-06-11 16:40:40] [DEBUG] [T:27280] [runner._check_one:487] [asst.log] 4f9d5e58: pos 90627 → 90627, changed=False
[2026-06-11 16:40:42] [DEBUG] [T:27280] [runner._check_one:487] [asst.log] 0e7b6a1b: pos 99275 → 99275, changed=False
[2026-06-11 16:40:42] [DEBUG] [T:27280] [runner._check_one:487] [asst.log] 4f9d5e58: pos 90627 → 90627, changed=False
[2026-06-11 16:40:42] [DEBUG] [T:27280] [runner._check_one:487] [asst.log] 0e7b6a1b: pos 99275 → 99275, changed=False
[2026-06-11 16:40:42] [DEBUG] [T:27280] [runner._check_one:487] [asst.log] 4f9d5e58: pos 90627 → 90627, changed=False
[2026-06-11 16:40:44] [DEBUG] [T:27280] [runner._check_one:487] [asst.log] 0e7b6a1b: pos 99275 → 99275, changed=False
[2026-06-11 16:40:44] [DEBUG] [T:27280] [runner._check_one:487] [asst.log] 4f9d5e58: pos 90627 → 90627, changed=False
[2026-06-11 16:40:44] [DEBUG] [T:27280] [runner._check_one:487] [asst.log] 0e7b6a1b: pos 99275 → 99275, changed=False
[2026-06-11 16:40:44] [DEBUG] [T:27280] [runner._check_one:487] [asst.log] 4f9d5e58: pos 90627 → 90627, changed=False
[2026-06-11 16:40:46] [DEBUG] [T:27280] [runner._check_one:487] [asst.log] 0e7b6a1b: pos 99275 → 99275, changed=False
[2026-06-11 16:40:46] [DEBUG] [T:27280] [runner._check_one:487] [asst.log] 4f9d5e58: pos 90627 → 90627, changed=False
[2026-06-11 16:40:46] [DEBUG] [T:27280] [runner._check_one:487] [asst.log] 0e7b6a1b: pos 99275 → 99275, changed=False
[2026-06-11 16:40:46] [DEBUG] [T:27280] [runner._check_one:487] [asst.log] 4f9d5e58: pos 90627 → 90627, changed=False
[2026-06-11 16:40:48] [DEBUG] [T:27280] [runner._check_one:487] [asst.log] 0e7b6a1b: pos 99275 → 99275, changed=False
[2026-06-11 16:40:48] [DEBUG] [T:27280] [runner._check_one:487] [asst.log] 4f9d5e58: pos 90627 → 90627, changed=False
[2026-06-11 16:40:48] [DEBUG] [T:27280] [runner._check_one:487] [asst.log] 0e7b6a1b: pos 99275 → 99275, changed=False
[2026-06-11 16:40:48] [DEBUG] [T:27280] [runner._check_one:487] [asst.log] 4f9d5e58: pos 90627 → 90627, changed=False
[2026-06-11 16:40:50] [DEBUG] [T:27280] [runner._check_one:487] [asst.log] 0e7b6a1b: pos 99275 → 99275, changed=False
[2026-06-11 16:40:50] [DEBUG] [T:27280] [runner._check_one:487] [asst.log] 4f9d5e58: pos 90627 → 90627, changed=False
[2026-06-11 16:40:50] [DEBUG] [T:27280] [runner._check_one:487] [asst.log] 0e7b6a1b: pos 99275 → 99275, changed=False
[2026-06-11 16:40:50] [DEBUG] [T:27280] [runner._check_one:487] [asst.log] 4f9d5e58: pos 90627 → 90627, changed=False
[2026-06-11 16:40:52] [DEBUG] [T:27280] [runner._check_one:487] [asst.log] 0e7b6a1b: pos 99275 → 99275, changed=False
[2026-06-11 16:40:52] [DEBUG] [T:27280] [runner._check_one:487] [asst.log] 4f9d5e58: pos 90627 → 90627, changed=False
[2026-06-11 16:40:52] [DEBUG] [T:27280] [runner._check_one:487] [asst.log] 0e7b6a1b: pos 99275 → 99275, changed=False
[2026-06-11 16:40:52] [DEBUG] [T:27280] [runner._check_one:487] [asst.log] 4f9d5e58: pos 90627 → 90627, changed=False
[2026-06-11 16:40:54] [DEBUG] [T:27280] [runner._check_one:487] [asst.log] 0e7b6a1b: pos 99275 → 99275, changed=False
[2026-06-11 16:40:54] [DEBUG] [T:27280] [runner._check_one:487] [asst.log] 4f9d5e58: pos 90627 → 90627, changed=False
[2026-06-11 16:40:54] [DEBUG] [T:27280] [runner._check_one:487] [asst.log] 0e7b6a1b: pos 99275 → 99275, changed=False
[2026-06-11 16:40:54] [DEBUG] [T:27280] [runner._check_one:487] [asst.log] 4f9d5e58: pos 90627 → 90627, changed=False
[2026-06-11 16:40:56] [DEBUG] [T:27280] [runner._check_one:487] [asst.log] 0e7b6a1b: pos 99275 → 99275, changed=False
[2026-06-11 16:40:56] [DEBUG] [T:27280] [runner._check_one:487] [asst.log] 4f9d5e58: pos 90627 → 90627, changed=False
[2026-06-11 16:40:56] [DEBUG] [T:27280] [runner._check_one:487] [asst.log] 0e7b6a1b: pos 99275 → 99275, changed=False
[2026-06-11 16:40:56] [DEBUG] [T:27280] [runner._check_one:487] [asst.log] 4f9d5e58: pos 90627 → 90627, changed=False
[2026-06-11 16:40:58] [DEBUG] [T:27280] [runner._check_one:487] [asst.log] 0e7b6a1b: pos 99275 → 99275, changed=False
[2026-06-11 16:40:58] [DEBUG] [T:27280] [runner._check_one:487] [asst.log] 4f9d5e58: pos 90627 → 90627, changed=False
[2026-06-11 16:40:58] [DEBUG] [T:27280] [runner._check_one:487] [asst.log] 0e7b6a1b: pos 99275 → 99275, changed=False
[2026-06-11 16:40:58] [DEBUG] [T:27280] [runner._check_one:487] [asst.log] 4f9d5e58: pos 90627 → 90627, changed=False
[2026-06-11 16:41:00] [DEBUG] [T:27280] [runner._check_one:487] [asst.log] 0e7b6a1b: pos 99275 → 99275, changed=False
[2026-06-11 16:41:00] [DEBUG] [T:27280] [runner._check_one:487] [asst.log] 4f9d5e58: pos 90627 → 90627, changed=False
[2026-06-11 16:41:00] [DEBUG] [T:27280] [runner._check_one:487] [asst.log] 0e7b6a1b: pos 99275 → 99275, changed=False
[2026-06-11 16:41:00] [DEBUG] [T:27280] [runner._check_one:487] [asst.log] 4f9d5e58: pos 90627 → 90627, changed=False
[2026-06-11 16:41:00] [INFO ] [T:27280] [app._log:192] [状态] 运行中: 2/2 | 队列: 0 | 错误: 0
[2026-06-11 16:41:02] [DEBUG] [T:27280] [runner._check_one:487] [asst.log] 0e7b6a1b: pos 99275 → 99275, changed=False
[2026-06-11 16:41:02] [DEBUG] [T:27280] [runner._check_one:487] [asst.log] 4f9d5e58: pos 90627 → 90627, changed=False
[2026-06-11 16:41:02] [DEBUG] [T:27280] [runner._check_one:487] [asst.log] 0e7b6a1b: pos 99275 → 99275, changed=False
[2026-06-11 16:41:02] [DEBUG] [T:27280] [runner._check_one:487] [asst.log] 4f9d5e58: pos 90627 → 90627, changed=False
[2026-06-11 16:41:04] [DEBUG] [T:27280] [runner._check_one:487] [asst.log] 0e7b6a1b: pos 99275 → 99275, changed=False
[2026-06-11 16:41:04] [DEBUG] [T:27280] [runner._check_one:487] [asst.log] 4f9d5e58: pos 90627 → 90627, changed=False
[2026-06-11 16:41:04] [DEBUG] [T:27280] [runner._check_one:487] [asst.log] 0e7b6a1b: pos 99275 → 99275, changed=False
[2026-06-11 16:41:04] [DEBUG] [T:27280] [runner._check_one:487] [asst.log] 4f9d5e58: pos 90627 → 90627, changed=False
[2026-06-11 16:41:06] [DEBUG] [T:27280] [runner._check_one:487] [asst.log] 0e7b6a1b: pos 99275 → 99275, changed=False
[2026-06-11 16:41:06] [DEBUG] [T:27280] [runner._check_one:487] [asst.log] 4f9d5e58: pos 90627 → 90627, changed=False
[2026-06-11 16:41:06] [DEBUG] [T:27280] [runner._check_one:487] [asst.log] 0e7b6a1b: pos 99275 → 99275, changed=False
[2026-06-11 16:41:06] [DEBUG] [T:27280] [runner._check_one:487] [asst.log] 4f9d5e58: pos 90627 → 90627, changed=False
[2026-06-11 16:41:08] [DEBUG] [T:27280] [runner._check_one:487] [asst.log] 0e7b6a1b: pos 99275 → 99275, changed=False
[2026-06-11 16:41:08] [DEBUG] [T:27280] [runner._check_one:487] [asst.log] 4f9d5e58: pos 90627 → 90627, changed=False
[2026-06-11 16:41:08] [DEBUG] [T:27280] [runner._check_one:487] [asst.log] 0e7b6a1b: pos 99275 → 99275, changed=False
[2026-06-11 16:41:08] [DEBUG] [T:27280] [runner._check_one:487] [asst.log] 4f9d5e58: pos 90627 → 90627, changed=False
[2026-06-11 16:41:10] [DEBUG] [T:27280] [runner._check_one:487] [asst.log] 0e7b6a1b: pos 99275 → 99275, changed=False
[2026-06-11 16:41:10] [DEBUG] [T:27280] [runner._check_one:487] [asst.log] 4f9d5e58: pos 90627 → 90627, changed=False
[2026-06-11 16:41:10] [DEBUG] [T:27280] [runner._check_one:487] [asst.log] 0e7b6a1b: pos 99275 → 99275, changed=False
[2026-06-11 16:41:10] [DEBUG] [T:27280] [runner._check_one:487] [asst.log] 4f9d5e58: pos 90627 → 90627, changed=False
[2026-06-11 16:41:12] [DEBUG] [T:27280] [runner._check_one:487] [asst.log] 0e7b6a1b: pos 99275 → 99275, changed=False
[2026-06-11 16:41:12] [DEBUG] [T:27280] [runner._check_one:487] [asst.log] 4f9d5e58: pos 90627 → 90627, changed=False
[2026-06-11 16:41:12] [DEBUG] [T:27280] [runner._check_one:487] [asst.log] 0e7b6a1b: pos 99275 → 99275, changed=False
[2026-06-11 16:41:12] [DEBUG] [T:27280] [runner._check_one:487] [asst.log] 4f9d5e58: pos 90627 → 90627, changed=False
[2026-06-11 16:41:14] [DEBUG] [T:27280] [runner._check_one:487] [asst.log] 0e7b6a1b: pos 99275 → 99275, changed=False
[2026-06-11 16:41:14] [DEBUG] [T:27280] [runner._check_one:487] [asst.log] 4f9d5e58: pos 90627 → 90627, changed=False
[2026-06-11 16:41:14] [DEBUG] [T:27280] [runner._check_one:487] [asst.log] 0e7b6a1b: pos 99275 → 99275, changed=False
[2026-06-11 16:41:14] [DEBUG] [T:27280] [runner._check_one:487] [asst.log] 4f9d5e58: pos 90627 → 90627, changed=False
[2026-06-11 16:41:16] [DEBUG] [T:27280] [runner._check_one:487] [asst.log] 0e7b6a1b: pos 99275 → 99275, changed=False
[2026-06-11 16:41:16] [DEBUG] [T:27280] [runner._check_one:487] [asst.log] 4f9d5e58: pos 90627 → 90627, changed=False
[2026-06-11 16:41:16] [DEBUG] [T:27280] [runner._check_one:487] [asst.log] 0e7b6a1b: pos 99275 → 99275, changed=False
[2026-06-11 16:41:16] [DEBUG] [T:27280] [runner._check_one:487] [asst.log] 4f9d5e58: pos 90627 → 90627, changed=False
[2026-06-11 16:41:18] [DEBUG] [T:27280] [runner._check_one:487] [asst.log] 0e7b6a1b: pos 99275 → 99275, changed=False
[2026-06-11 16:41:18] [DEBUG] [T:27280] [runner._check_one:487] [asst.log] 4f9d5e58: pos 90627 → 90627, changed=False
[2026-06-11 16:41:18] [DEBUG] [T:27280] [runner._check_one:487] [asst.log] 0e7b6a1b: pos 99275 → 99275, changed=False
[2026-06-11 16:41:18] [DEBUG] [T:27280] [runner._check_one:487] [asst.log] 4f9d5e58: pos 90627 → 90627, changed=False
[2026-06-11 16:41:20] [DEBUG] [T:27280] [runner._check_one:487] [asst.log] 0e7b6a1b: pos 99275 → 99275, changed=False
[2026-06-11 16:41:20] [DEBUG] [T:27280] [runner._check_one:487] [asst.log] 4f9d5e58: pos 90627 → 90627, changed=False
[2026-06-11 16:41:20] [DEBUG] [T:27280] [runner._check_one:487] [asst.log] 0e7b6a1b: pos 99275 → 99275, changed=False
[2026-06-11 16:41:20] [DEBUG] [T:27280] [runner._check_one:487] [asst.log] 4f9d5e58: pos 90627 → 90627, changed=False
[2026-06-11 16:41:22] [DEBUG] [T:27280] [runner._check_one:487] [asst.log] 0e7b6a1b: pos 99275 → 99275, changed=False
[2026-06-11 16:41:22] [DEBUG] [T:27280] [runner._check_one:487] [asst.log] 4f9d5e58: pos 90627 → 90627, changed=False
[2026-06-11 16:41:22] [DEBUG] [T:27280] [runner._check_one:487] [asst.log] 0e7b6a1b: pos 99275 → 99275, changed=False
[2026-06-11 16:41:22] [DEBUG] [T:27280] [runner._check_one:487] [asst.log] 4f9d5e58: pos 90627 → 90627, changed=False
[2026-06-11 16:41:24] [DEBUG] [T:27280] [runner._check_one:487] [asst.log] 0e7b6a1b: pos 99275 → 99275, changed=False
[2026-06-11 16:41:24] [DEBUG] [T:27280] [runner._check_one:487] [asst.log] 4f9d5e58: pos 90627 → 90627, changed=False
[2026-06-11 16:41:24] [DEBUG] [T:27280] [runner._check_one:487] [asst.log] 0e7b6a1b: pos 99275 → 99275, changed=False
[2026-06-11 16:41:24] [DEBUG] [T:27280] [runner._check_one:487] [asst.log] 4f9d5e58: pos 90627 → 90627, changed=False
[2026-06-11 16:41:26] [DEBUG] [T:27280] [runner._check_one:487] [asst.log] 0e7b6a1b: pos 99275 → 99275, changed=False
[2026-06-11 16:41:26] [DEBUG] [T:27280] [runner._check_one:487] [asst.log] 4f9d5e58: pos 90627 → 90627, changed=False
[2026-06-11 16:41:26] [DEBUG] [T:27280] [runner._check_one:487] [asst.log] 0e7b6a1b: pos 99275 → 99275, changed=False
[2026-06-11 16:41:26] [DEBUG] [T:27280] [runner._check_one:487] [asst.log] 4f9d5e58: pos 90627 → 90627, changed=False
[2026-06-11 16:41:28] [DEBUG] [T:27280] [runner._check_one:487] [asst.log] 0e7b6a1b: pos 99275 → 99275, changed=False
[2026-06-11 16:41:28] [DEBUG] [T:27280] [runner._check_one:487] [asst.log] 4f9d5e58: pos 90627 → 90627, changed=False
[2026-06-11 16:41:28] [DEBUG] [T:27280] [runner._check_one:487] [asst.log] 0e7b6a1b: pos 99275 → 99275, changed=False
[2026-06-11 16:41:28] [DEBUG] [T:27280] [runner._check_one:487] [asst.log] 4f9d5e58: pos 90627 → 90627, changed=False
[2026-06-11 16:41:30] [DEBUG] [T:27280] [runner._check_one:487] [asst.log] 0e7b6a1b: pos 99275 → 99275, changed=False
[2026-06-11 16:41:30] [DEBUG] [T:27280] [runner._check_one:487] [asst.log] 4f9d5e58: pos 90627 → 90627, changed=False
[2026-06-11 16:41:30] [DEBUG] [T:27280] [runner._check_one:487] [asst.log] 0e7b6a1b: pos 99275 → 99275, changed=False
[2026-06-11 16:41:30] [DEBUG] [T:27280] [runner._check_one:487] [asst.log] 4f9d5e58: pos 90627 → 90627, changed=False
[2026-06-11 16:41:30] [INFO ] [T:27280] [app._log:192] [状态] 运行中: 2/2 | 队列: 0 | 错误: 0
[2026-06-11 16:41:32] [DEBUG] [T:27280] [runner._check_one:487] [asst.log] 0e7b6a1b: pos 99275 → 99275, changed=False
[2026-06-11 16:41:32] [DEBUG] [T:27280] [runner._check_one:487] [asst.log] 4f9d5e58: pos 90627 → 90627, changed=False
[2026-06-11 16:41:32] [DEBUG] [T:27280] [runner._check_one:487] [asst.log] 0e7b6a1b: pos 99275 → 99275, changed=False
[2026-06-11 16:41:32] [DEBUG] [T:27280] [runner._check_one:487] [asst.log] 4f9d5e58: pos 90627 → 90627, changed=False
[2026-06-11 16:41:34] [DEBUG] [T:27280] [runner._check_one:487] [asst.log] 0e7b6a1b: pos 99275 → 99275, changed=False
[2026-06-11 16:41:34] [DEBUG] [T:27280] [runner._check_one:487] [asst.log] 4f9d5e58: pos 90627 → 90627, changed=False
[2026-06-11 16:41:34] [DEBUG] [T:27280] [runner._check_one:487] [asst.log] 0e7b6a1b: pos 99275 → 99275, changed=False
[2026-06-11 16:41:34] [DEBUG] [T:27280] [runner._check_one:487] [asst.log] 4f9d5e58: pos 90627 → 90627, changed=False
[2026-06-11 16:41:36] [DEBUG] [T:27280] [runner._check_one:487] [asst.log] 0e7b6a1b: pos 99275 → 99275, changed=False
[2026-06-11 16:41:36] [DEBUG] [T:27280] [runner._check_one:487] [asst.log] 4f9d5e58: pos 90627 → 90627, changed=False
[2026-06-11 16:41:36] [DEBUG] [T:27280] [runner._check_one:487] [asst.log] 0e7b6a1b: pos 99275 → 99275, changed=False
[2026-06-11 16:41:36] [DEBUG] [T:27280] [runner._check_one:487] [asst.log] 4f9d5e58: pos 90627 → 90627, changed=False
[2026-06-11 16:41:38] [DEBUG] [T:27280] [runner._check_one:487] [asst.log] 0e7b6a1b: pos 99275 → 99275, changed=False
[2026-06-11 16:41:38] [DEBUG] [T:27280] [runner._check_one:487] [asst.log] 4f9d5e58: pos 90627 → 90627, changed=False
[2026-06-11 16:41:38] [DEBUG] [T:27280] [runner._check_one:487] [asst.log] 0e7b6a1b: pos 99275 → 99275, changed=False
[2026-06-11 16:41:38] [DEBUG] [T:27280] [runner._check_one:487] [asst.log] 4f9d5e58: pos 90627 → 90627, changed=False
[2026-06-11 16:41:40] [DEBUG] [T:27280] [runner._check_one:487] [asst.log] 0e7b6a1b: pos 99275 → 99275, changed=False
[2026-06-11 16:41:40] [DEBUG] [T:27280] [runner._check_one:487] [asst.log] 4f9d5e58: pos 90627 → 90627, changed=False
[2026-06-11 16:41:40] [DEBUG] [T:27280] [runner._check_one:487] [asst.log] 0e7b6a1b: pos 99275 → 99275, changed=False
[2026-06-11 16:41:40] [DEBUG] [T:27280] [runner._check_one:487] [asst.log] 4f9d5e58: pos 90627 → 90627, changed=False
[2026-06-11 16:41:42] [DEBUG] [T:27280] [runner._check_one:487] [asst.log] 0e7b6a1b: pos 99275 → 99275, changed=False
[2026-06-11 16:41:42] [DEBUG] [T:27280] [runner._check_one:487] [asst.log] 4f9d5e58: pos 90627 → 90627, changed=False
[2026-06-11 16:41:42] [DEBUG] [T:27280] [runner._check_one:487] [asst.log] 0e7b6a1b: pos 99275 → 99275, changed=False
[2026-06-11 16:41:42] [DEBUG] [T:27280] [runner._check_one:487] [asst.log] 4f9d5e58: pos 90627 → 90627, changed=False
[2026-06-11 16:41:44] [DEBUG] [T:27280] [runner._check_one:487] [asst.log] 0e7b6a1b: pos 99275 → 99275, changed=False
[2026-06-11 16:41:44] [DEBUG] [T:27280] [runner._check_one:487] [asst.log] 4f9d5e58: pos 90627 → 90627, changed=False
[2026-06-11 16:41:44] [DEBUG] [T:27280] [runner._check_one:487] [asst.log] 0e7b6a1b: pos 99275 → 99275, changed=False
[2026-06-11 16:41:44] [DEBUG] [T:27280] [runner._check_one:487] [asst.log] 4f9d5e58: pos 90627 → 90627, changed=False
[2026-06-11 16:41:46] [DEBUG] [T:27280] [runner._check_one:487] [asst.log] 0e7b6a1b: pos 99275 → 99275, changed=False
[2026-06-11 16:41:46] [DEBUG] [T:27280] [runner._check_one:487] [asst.log] 4f9d5e58: pos 90627 → 90627, changed=False
[2026-06-11 16:41:46] [DEBUG] [T:27280] [runner._check_one:487] [asst.log] 0e7b6a1b: pos 99275 → 99275, changed=False
[2026-06-11 16:41:46] [DEBUG] [T:27280] [runner._check_one:487] [asst.log] 4f9d5e58: pos 90627 → 90627, changed=False
[2026-06-11 16:41:48] [DEBUG] [T:27280] [runner._check_one:487] [asst.log] 0e7b6a1b: pos 99275 → 99275, changed=False
[2026-06-11 16:41:48] [DEBUG] [T:27280] [runner._check_one:487] [asst.log] 4f9d5e58: pos 90627 → 90627, changed=False
[2026-06-11 16:41:48] [DEBUG] [T:27280] [runner._check_one:487] [asst.log] 0e7b6a1b: pos 99275 → 99275, changed=False
[2026-06-11 16:41:48] [DEBUG] [T:27280] [runner._check_one:487] [asst.log] 4f9d5e58: pos 90627 → 90627, changed=False
[2026-06-11 16:41:50] [DEBUG] [T:27280] [runner._check_one:487] [asst.log] 0e7b6a1b: pos 99275 → 99275, changed=False
[2026-06-11 16:41:50] [DEBUG] [T:27280] [runner._check_one:487] [asst.log] 4f9d5e58: pos 90627 → 90627, changed=False
[2026-06-11 16:41:50] [DEBUG] [T:27280] [runner._check_one:487] [asst.log] 0e7b6a1b: pos 99275 → 99275, changed=False
[2026-06-11 16:41:50] [DEBUG] [T:27280] [runner._check_one:487] [asst.log] 4f9d5e58: pos 90627 → 90627, changed=False
[2026-06-11 16:41:52] [DEBUG] [T:27280] [runner._check_one:487] [asst.log] 0e7b6a1b: pos 99275 → 99275, changed=False
[2026-06-11 16:41:52] [DEBUG] [T:27280] [runner._check_one:487] [asst.log] 4f9d5e58: pos 90627 → 90627, changed=False
[2026-06-11 16:41:52] [DEBUG] [T:27280] [runner._check_one:487] [asst.log] 0e7b6a1b: pos 99275 → 99275, changed=False
[2026-06-11 16:41:52] [DEBUG] [T:27280] [runner._check_one:487] [asst.log] 4f9d5e58: pos 90627 → 90627, changed=False
[2026-06-11 16:41:54] [DEBUG] [T:27280] [runner._check_one:487] [asst.log] 0e7b6a1b: pos 99275 → 99275, changed=False
[2026-06-11 16:41:54] [DEBUG] [T:27280] [runner._check_one:487] [asst.log] 4f9d5e58: pos 90627 → 90627, changed=False
[2026-06-11 16:41:54] [DEBUG] [T:27280] [runner._check_one:487] [asst.log] 0e7b6a1b: pos 99275 → 99275, changed=False
[2026-06-11 16:41:54] [DEBUG] [T:27280] [runner._check_one:487] [asst.log] 4f9d5e58: pos 90627 → 90627, changed=False
[2026-06-11 16:41:56] [DEBUG] [T:27280] [runner._check_one:487] [asst.log] 0e7b6a1b: pos 99275 → 99275, changed=False
[2026-06-11 16:41:56] [DEBUG] [T:27280] [runner._check_one:487] [asst.log] 4f9d5e58: pos 90627 → 90627, changed=False
[2026-06-11 16:41:56] [DEBUG] [T:27280] [runner._check_one:487] [asst.log] 0e7b6a1b: pos 99275 → 99275, changed=False
[2026-06-11 16:41:56] [DEBUG] [T:27280] [runner._check_one:487] [asst.log] 4f9d5e58: pos 90627 → 90627, changed=False
[2026-06-11 16:41:58] [DEBUG] [T:27280] [runner._check_one:487] [asst.log] 0e7b6a1b: pos 99275 → 99275, changed=False
[2026-06-11 16:41:58] [DEBUG] [T:27280] [runner._check_one:487] [asst.log] 4f9d5e58: pos 90627 → 90627, changed=False
[2026-06-11 16:41:58] [DEBUG] [T:27280] [runner._check_one:487] [asst.log] 0e7b6a1b: pos 99275 → 99275, changed=False
[2026-06-11 16:41:58] [DEBUG] [T:27280] [runner._check_one:487] [asst.log] 4f9d5e58: pos 90627 → 90627, changed=False
[2026-06-11 16:42:00] [DEBUG] [T:27280] [runner._check_one:487] [asst.log] 0e7b6a1b: pos 99275 → 99275, changed=False
[2026-06-11 16:42:00] [DEBUG] [T:27280] [runner._check_one:487] [asst.log] 4f9d5e58: pos 90627 → 90627, changed=False
[2026-06-11 16:42:00] [DEBUG] [T:27280] [runner._check_one:487] [asst.log] 0e7b6a1b: pos 99275 → 99275, changed=False
[2026-06-11 16:42:00] [DEBUG] [T:27280] [runner._check_one:487] [asst.log] 4f9d5e58: pos 90627 → 90627, changed=False
[2026-06-11 16:42:00] [INFO ] [T:27280] [app._log:192] [状态] 运行中: 2/2 | 队列: 0 | 错误: 0
[2026-06-11 16:42:02] [DEBUG] [T:27280] [runner._check_one:487] [asst.log] 0e7b6a1b: pos 99275 → 99275, changed=False
[2026-06-11 16:42:02] [DEBUG] [T:27280] [runner._check_one:487] [asst.log] 4f9d5e58: pos 90627 → 90627, changed=False
[2026-06-11 16:42:02] [DEBUG] [T:27280] [runner._check_one:487] [asst.log] 0e7b6a1b: pos 99275 → 99275, changed=False
[2026-06-11 16:42:02] [DEBUG] [T:27280] [runner._check_one:487] [asst.log] 4f9d5e58: pos 90627 → 90627, changed=False
[2026-06-11 16:42:04] [DEBUG] [T:27280] [runner._check_one:487] [asst.log] 0e7b6a1b: pos 99275 → 99275, changed=False
[2026-06-11 16:42:04] [DEBUG] [T:27280] [runner._check_one:487] [asst.log] 4f9d5e58: pos 90627 → 90627, changed=False
[2026-06-11 16:42:04] [DEBUG] [T:27280] [runner._check_one:487] [asst.log] 0e7b6a1b: pos 99275 → 99275, changed=False
[2026-06-11 16:42:04] [DEBUG] [T:27280] [runner._check_one:487] [asst.log] 4f9d5e58: pos 90627 → 90627, changed=False
[2026-06-11 16:42:06] [DEBUG] [T:27280] [runner._check_one:487] [asst.log] 0e7b6a1b: pos 99275 → 99275, changed=False
[2026-06-11 16:42:06] [DEBUG] [T:27280] [runner._check_one:487] [asst.log] 4f9d5e58: pos 90627 → 90627, changed=False
[2026-06-11 16:42:06] [DEBUG] [T:27280] [runner._check_one:487] [asst.log] 0e7b6a1b: pos 99275 → 99275, changed=False
[2026-06-11 16:42:06] [DEBUG] [T:27280] [runner._check_one:487] [asst.log] 4f9d5e58: pos 90627 → 90627, changed=False
[2026-06-11 16:42:08] [DEBUG] [T:27280] [runner._check_one:487] [asst.log] 0e7b6a1b: pos 99275 → 99275, changed=False
[2026-06-11 16:42:08] [DEBUG] [T:27280] [runner._check_one:487] [asst.log] 4f9d5e58: pos 90627 → 90627, changed=False
[2026-06-11 16:42:08] [DEBUG] [T:27280] [runner._check_one:487] [asst.log] 0e7b6a1b: pos 99275 → 99275, changed=False
[2026-06-11 16:42:08] [DEBUG] [T:27280] [runner._check_one:487] [asst.log] 4f9d5e58: pos 90627 → 90627, changed=False
[2026-06-11 16:42:10] [DEBUG] [T:27280] [runner._check_one:487] [asst.log] 0e7b6a1b: pos 99275 → 99275, changed=False
[2026-06-11 16:42:10] [DEBUG] [T:27280] [runner._check_one:487] [asst.log] 4f9d5e58: pos 90627 → 90627, changed=False
[2026-06-11 16:42:10] [DEBUG] [T:27280] [runner._check_one:487] [asst.log] 0e7b6a1b: pos 99275 → 99275, changed=False
[2026-06-11 16:42:10] [DEBUG] [T:27280] [runner._check_one:487] [asst.log] 4f9d5e58: pos 90627 → 90627, changed=False
[2026-06-11 16:42:12] [DEBUG] [T:27280] [runner._check_one:487] [asst.log] 0e7b6a1b: pos 99275 → 99275, changed=False
[2026-06-11 16:42:12] [DEBUG] [T:27280] [runner._check_one:487] [asst.log] 4f9d5e58: pos 90627 → 90627, changed=False
[2026-06-11 16:42:12] [DEBUG] [T:27280] [runner._check_one:487] [asst.log] 0e7b6a1b: pos 99275 → 99275, changed=False
[2026-06-11 16:42:12] [DEBUG] [T:27280] [runner._check_one:487] [asst.log] 4f9d5e58: pos 90627 → 90627, changed=False
[2026-06-11 16:42:14] [DEBUG] [T:27280] [runner._check_one:487] [asst.log] 0e7b6a1b: pos 99275 → 99275, changed=False
[2026-06-11 16:42:14] [DEBUG] [T:27280] [runner._check_one:487] [asst.log] 4f9d5e58: pos 90627 → 90627, changed=False
[2026-06-11 16:42:14] [DEBUG] [T:27280] [runner._check_one:487] [asst.log] 0e7b6a1b: pos 99275 → 99275, changed=False
[2026-06-11 16:42:14] [DEBUG] [T:27280] [runner._check_one:487] [asst.log] 4f9d5e58: pos 90627 → 90627, changed=False
[2026-06-11 16:42:16] [DEBUG] [T:27280] [runner._check_one:487] [asst.log] 0e7b6a1b: pos 99275 → 99275, changed=False
[2026-06-11 16:42:16] [DEBUG] [T:27280] [runner._check_one:487] [asst.log] 4f9d5e58: pos 90627 → 90627, changed=False
[2026-06-11 16:42:16] [DEBUG] [T:27280] [runner._check_one:487] [asst.log] 0e7b6a1b: pos 99275 → 99275, changed=False
[2026-06-11 16:42:16] [DEBUG] [T:27280] [runner._check_one:487] [asst.log] 4f9d5e58: pos 90627 → 90627, changed=False
[2026-06-11 16:42:18] [DEBUG] [T:27280] [runner._check_one:487] [asst.log] 0e7b6a1b: pos 99275 → 99275, changed=False
[2026-06-11 16:42:18] [DEBUG] [T:27280] [runner._check_one:487] [asst.log] 4f9d5e58: pos 90627 → 90627, changed=False
[2026-06-11 16:42:18] [DEBUG] [T:27280] [runner._check_one:487] [asst.log] 0e7b6a1b: pos 99275 → 99275, changed=False
[2026-06-11 16:42:18] [DEBUG] [T:27280] [runner._check_one:487] [asst.log] 4f9d5e58: pos 90627 → 90627, changed=False
[2026-06-11 16:42:20] [DEBUG] [T:27280] [runner._check_one:487] [asst.log] 0e7b6a1b: pos 99275 → 99275, changed=False
[2026-06-11 16:42:20] [DEBUG] [T:27280] [runner._check_one:487] [asst.log] 4f9d5e58: pos 90627 → 90627, changed=False
[2026-06-11 16:42:20] [DEBUG] [T:27280] [runner._check_one:487] [asst.log] 0e7b6a1b: pos 99275 → 99275, changed=False
[2026-06-11 16:42:20] [DEBUG] [T:27280] [runner._check_one:487] [asst.log] 4f9d5e58: pos 90627 → 90627, changed=False
[2026-06-11 16:42:22] [DEBUG] [T:27280] [runner._check_one:487] [asst.log] 0e7b6a1b: pos 99275 → 99275, changed=False
[2026-06-11 16:42:22] [DEBUG] [T:27280] [runner._check_one:487] [asst.log] 4f9d5e58: pos 90627 → 90627, changed=False
[2026-06-11 16:42:22] [DEBUG] [T:27280] [runner._check_one:487] [asst.log] 0e7b6a1b: pos 99275 → 99275, changed=False
[2026-06-11 16:42:22] [DEBUG] [T:27280] [runner._check_one:487] [asst.log] 4f9d5e58: pos 90627 → 90627, changed=False
[2026-06-11 16:42:24] [DEBUG] [T:27280] [runner._check_one:487] [asst.log] 0e7b6a1b: pos 99275 → 99275, changed=False
[2026-06-11 16:42:24] [DEBUG] [T:27280] [runner._check_one:487] [asst.log] 4f9d5e58: pos 90627 → 90627, changed=False
[2026-06-11 16:42:24] [DEBUG] [T:27280] [runner._check_one:487] [asst.log] 0e7b6a1b: pos 99275 → 99275, changed=False
[2026-06-11 16:42:24] [DEBUG] [T:27280] [runner._check_one:487] [asst.log] 4f9d5e58: pos 90627 → 90627, changed=False
[2026-06-11 16:42:26] [DEBUG] [T:27280] [runner._check_one:487] [asst.log] 0e7b6a1b: pos 99275 → 99275, changed=False
[2026-06-11 16:42:26] [DEBUG] [T:27280] [runner._check_one:487] [asst.log] 4f9d5e58: pos 90627 → 90627, changed=False
[2026-06-11 16:42:26] [DEBUG] [T:27280] [runner._check_one:487] [asst.log] 0e7b6a1b: pos 99275 → 99275, changed=False
[2026-06-11 16:42:26] [DEBUG] [T:27280] [runner._check_one:487] [asst.log] 4f9d5e58: pos 90627 → 90627, changed=False
[2026-06-11 16:42:28] [DEBUG] [T:27280] [runner._check_one:487] [asst.log] 0e7b6a1b: pos 99275 → 99275, changed=False
[2026-06-11 16:42:28] [DEBUG] [T:27280] [runner._check_one:487] [asst.log] 4f9d5e58: pos 90627 → 90627, changed=False
[2026-06-11 16:42:28] [DEBUG] [T:27280] [runner._check_one:487] [asst.log] 0e7b6a1b: pos 99275 → 99275, changed=False
[2026-06-11 16:42:28] [DEBUG] [T:27280] [runner._check_one:487] [asst.log] 4f9d5e58: pos 90627 → 90627, changed=False
[2026-06-11 16:42:30] [DEBUG] [T:27280] [runner._check_one:487] [asst.log] 0e7b6a1b: pos 99275 → 99275, changed=False
[2026-06-11 16:42:30] [DEBUG] [T:27280] [runner._check_one:487] [asst.log] 4f9d5e58: pos 90627 → 90627, changed=False
[2026-06-11 16:42:30] [DEBUG] [T:27280] [runner._check_one:487] [asst.log] 0e7b6a1b: pos 99275 → 99275, changed=False
[2026-06-11 16:42:30] [DEBUG] [T:27280] [runner._check_one:487] [asst.log] 4f9d5e58: pos 90627 → 90627, changed=False
[2026-06-11 16:42:30] [INFO ] [T:27280] [app._log:192] [状态] 运行中: 2/2 | 队列: 0 | 错误: 0
[2026-06-11 16:42:32] [DEBUG] [T:27280] [runner._check_one:487] [asst.log] 0e7b6a1b: pos 99275 → 99275, changed=False
[2026-06-11 16:42:32] [DEBUG] [T:27280] [runner._check_one:487] [asst.log] 4f9d5e58: pos 90627 → 90627, changed=False
[2026-06-11 16:42:32] [DEBUG] [T:27280] [runner._check_one:487] [asst.log] 0e7b6a1b: pos 99275 → 99275, changed=False
[2026-06-11 16:42:32] [DEBUG] [T:27280] [runner._check_one:487] [asst.log] 4f9d5e58: pos 90627 → 90627, changed=False
[2026-06-11 16:42:34] [DEBUG] [T:27280] [runner._check_one:487] [asst.log] 0e7b6a1b: pos 99275 → 99275, changed=False
[2026-06-11 16:42:34] [DEBUG] [T:27280] [runner._check_one:487] [asst.log] 4f9d5e58: pos 90627 → 90627, changed=False
[2026-06-11 16:42:34] [DEBUG] [T:27280] [runner._check_one:487] [asst.log] 0e7b6a1b: pos 99275 → 99275, changed=False
[2026-06-11 16:42:34] [DEBUG] [T:27280] [runner._check_one:487] [asst.log] 4f9d5e58: pos 90627 → 90627, changed=False
[2026-06-11 16:42:36] [DEBUG] [T:27280] [runner._check_one:487] [asst.log] 0e7b6a1b: pos 99275 → 99275, changed=False
[2026-06-11 16:42:36] [DEBUG] [T:27280] [runner._check_one:487] [asst.log] 4f9d5e58: pos 90627 → 90627, changed=False
[2026-06-11 16:42:36] [DEBUG] [T:27280] [runner._check_one:487] [asst.log] 0e7b6a1b: pos 99275 → 99275, changed=False
[2026-06-11 16:42:36] [DEBUG] [T:27280] [runner._check_one:487] [asst.log] 4f9d5e58: pos 90627 → 90627, changed=False
[2026-06-11 16:42:38] [DEBUG] [T:27280] [runner._check_one:487] [asst.log] 0e7b6a1b: pos 99275 → 99275, changed=False
[2026-06-11 16:42:38] [DEBUG] [T:27280] [runner._check_one:487] [asst.log] 4f9d5e58: pos 90627 → 90627, changed=False
[2026-06-11 16:42:38] [DEBUG] [T:27280] [runner._check_one:487] [asst.log] 0e7b6a1b: pos 99275 → 99275, changed=False
[2026-06-11 16:42:38] [DEBUG] [T:27280] [runner._check_one:487] [asst.log] 4f9d5e58: pos 90627 → 90627, changed=False
[2026-06-11 16:42:40] [DEBUG] [T:27280] [runner._check_one:487] [asst.log] 0e7b6a1b: pos 99275 → 99275, changed=False
[2026-06-11 16:42:40] [DEBUG] [T:27280] [runner._check_one:487] [asst.log] 4f9d5e58: pos 90627 → 90627, changed=False
[2026-06-11 16:42:40] [DEBUG] [T:27280] [runner._check_one:487] [asst.log] 0e7b6a1b: pos 99275 → 99275, changed=False
[2026-06-11 16:42:40] [DEBUG] [T:27280] [runner._check_one:487] [asst.log] 4f9d5e58: pos 90627 → 90627, changed=False
[2026-06-11 16:42:42] [DEBUG] [T:27280] [runner._check_one:487] [asst.log] 0e7b6a1b: pos 99275 → 99275, changed=False
[2026-06-11 16:42:42] [DEBUG] [T:27280] [runner._check_one:487] [asst.log] 4f9d5e58: pos 90627 → 90627, changed=False
[2026-06-11 16:42:42] [DEBUG] [T:27280] [runner._check_one:487] [asst.log] 0e7b6a1b: pos 99275 → 99275, changed=False
[2026-06-11 16:42:42] [DEBUG] [T:27280] [runner._check_one:487] [asst.log] 4f9d5e58: pos 90627 → 90627, changed=False
[2026-06-11 16:42:44] [DEBUG] [T:27280] [runner._check_one:487] [asst.log] 0e7b6a1b: pos 99275 → 99275, changed=False
[2026-06-11 16:42:44] [DEBUG] [T:27280] [runner._check_one:487] [asst.log] 4f9d5e58: pos 90627 → 90627, changed=False
[2026-06-11 16:42:44] [DEBUG] [T:27280] [runner._check_one:487] [asst.log] 0e7b6a1b: pos 99275 → 99275, changed=False
[2026-06-11 16:42:44] [DEBUG] [T:27280] [runner._check_one:487] [asst.log] 4f9d5e58: pos 90627 → 90627, changed=False
[2026-06-11 16:42:46] [DEBUG] [T:27280] [runner._check_one:487] [asst.log] 0e7b6a1b: pos 99275 → 99275, changed=False
[2026-06-11 16:42:46] [DEBUG] [T:27280] [runner._check_one:487] [asst.log] 4f9d5e58: pos 90627 → 90627, changed=False
[2026-06-11 16:42:46] [DEBUG] [T:27280] [runner._check_one:487] [asst.log] 0e7b6a1b: pos 99275 → 99275, changed=False
[2026-06-11 16:42:46] [DEBUG] [T:27280] [runner._check_one:487] [asst.log] 4f9d5e58: pos 90627 → 90627, changed=False
[2026-06-11 16:42:48] [DEBUG] [T:27280] [runner._check_one:487] [asst.log] 0e7b6a1b: pos 99275 → 99275, changed=False
[2026-06-11 16:42:48] [DEBUG] [T:27280] [runner._check_one:487] [asst.log] 4f9d5e58: pos 90627 → 90627, changed=False
[2026-06-11 16:42:48] [DEBUG] [T:27280] [runner._check_one:487] [asst.log] 0e7b6a1b: pos 99275 → 99275, changed=False
[2026-06-11 16:42:48] [DEBUG] [T:27280] [runner._check_one:487] [asst.log] 4f9d5e58: pos 90627 → 90627, changed=False
[2026-06-11 16:42:50] [DEBUG] [T:27280] [runner._check_one:487] [asst.log] 0e7b6a1b: pos 99275 → 99275, changed=False
[2026-06-11 16:42:50] [DEBUG] [T:27280] [runner._check_one:487] [asst.log] 4f9d5e58: pos 90627 → 90627, changed=False
[2026-06-11 16:42:50] [DEBUG] [T:27280] [runner._check_one:487] [asst.log] 0e7b6a1b: pos 99275 → 99275, changed=False
[2026-06-11 16:42:50] [DEBUG] [T:27280] [runner._check_one:487] [asst.log] 4f9d5e58: pos 90627 → 90627, changed=False
[2026-06-11 16:42:52] [DEBUG] [T:27280] [runner._check_one:487] [asst.log] 0e7b6a1b: pos 99275 → 99275, changed=False
[2026-06-11 16:42:52] [DEBUG] [T:27280] [runner._check_one:487] [asst.log] 4f9d5e58: pos 90627 → 90627, changed=False
[2026-06-11 16:42:52] [DEBUG] [T:27280] [runner._check_one:487] [asst.log] 0e7b6a1b: pos 99275 → 99275, changed=False
[2026-06-11 16:42:52] [DEBUG] [T:27280] [runner._check_one:487] [asst.log] 4f9d5e58: pos 90627 → 90627, changed=False
[2026-06-11 16:42:54] [DEBUG] [T:27280] [runner._check_one:487] [asst.log] 0e7b6a1b: pos 99275 → 99275, changed=False
[2026-06-11 16:42:54] [DEBUG] [T:27280] [runner._check_one:487] [asst.log] 4f9d5e58: pos 90627 → 90627, changed=False
[2026-06-11 16:42:54] [DEBUG] [T:27280] [runner._check_one:487] [asst.log] 0e7b6a1b: pos 99275 → 99275, changed=False
[2026-06-11 16:42:54] [DEBUG] [T:27280] [runner._check_one:487] [asst.log] 4f9d5e58: pos 90627 → 90627, changed=False
[2026-06-11 16:42:56] [DEBUG] [T:27280] [runner._check_one:487] [asst.log] 0e7b6a1b: pos 99275 → 99275, changed=False
[2026-06-11 16:42:56] [DEBUG] [T:27280] [runner._check_one:487] [asst.log] 4f9d5e58: pos 90627 → 90627, changed=False
[2026-06-11 16:42:56] [DEBUG] [T:27280] [runner._check_one:487] [asst.log] 0e7b6a1b: pos 99275 → 99275, changed=False
[2026-06-11 16:42:56] [DEBUG] [T:27280] [runner._check_one:487] [asst.log] 4f9d5e58: pos 90627 → 90627, changed=False
[2026-06-11 16:42:58] [DEBUG] [T:27280] [runner._check_one:487] [asst.log] 0e7b6a1b: pos 99275 → 99275, changed=False
[2026-06-11 16:42:58] [DEBUG] [T:27280] [runner._check_one:487] [asst.log] 4f9d5e58: pos 90627 → 90627, changed=False
[2026-06-11 16:42:58] [DEBUG] [T:27280] [runner._check_one:487] [asst.log] 0e7b6a1b: pos 99275 → 99275, changed=False
[2026-06-11 16:42:58] [DEBUG] [T:27280] [runner._check_one:487] [asst.log] 4f9d5e58: pos 90627 → 90627, changed=False
[2026-06-11 16:43:00] [DEBUG] [T:27280] [runner._check_one:487] [asst.log] 0e7b6a1b: pos 99275 → 99275, changed=False
[2026-06-11 16:43:00] [DEBUG] [T:27280] [runner._check_one:487] [asst.log] 4f9d5e58: pos 90627 → 90627, changed=False
[2026-06-11 16:43:00] [DEBUG] [T:27280] [runner._check_one:487] [asst.log] 0e7b6a1b: pos 99275 → 99275, changed=False
[2026-06-11 16:43:00] [DEBUG] [T:27280] [runner._check_one:487] [asst.log] 4f9d5e58: pos 90627 → 90627, changed=False
[2026-06-11 16:43:00] [INFO ] [T:27280] [app._log:192] [状态] 运行中: 2/2 | 队列: 0 | 错误: 0
[2026-06-11 16:43:02] [DEBUG] [T:27280] [runner._check_one:487] [asst.log] 0e7b6a1b: pos 99275 → 99275, changed=False
[2026-06-11 16:43:02] [DEBUG] [T:27280] [runner._check_one:487] [asst.log] 4f9d5e58: pos 90627 → 90627, changed=False
[2026-06-11 16:43:02] [DEBUG] [T:27280] [runner._check_one:487] [asst.log] 0e7b6a1b: pos 99275 → 99275, changed=False
[2026-06-11 16:43:02] [DEBUG] [T:27280] [runner._check_one:487] [asst.log] 4f9d5e58: pos 90627 → 90627, changed=False
[2026-06-11 16:43:04] [DEBUG] [T:27280] [runner._check_one:487] [asst.log] 0e7b6a1b: pos 99275 → 99275, changed=False
[2026-06-11 16:43:04] [DEBUG] [T:27280] [runner._check_one:487] [asst.log] 4f9d5e58: pos 90627 → 90627, changed=False
[2026-06-11 16:43:04] [DEBUG] [T:27280] [runner._check_one:487] [asst.log] 0e7b6a1b: pos 99275 → 99275, changed=False
[2026-06-11 16:43:04] [DEBUG] [T:27280] [runner._check_one:487] [asst.log] 4f9d5e58: pos 90627 → 90627, changed=False
[2026-06-11 16:43:06] [DEBUG] [T:27280] [runner._check_one:487] [asst.log] 0e7b6a1b: pos 99275 → 99275, changed=False
[2026-06-11 16:43:06] [DEBUG] [T:27280] [runner._check_one:487] [asst.log] 4f9d5e58: pos 90627 → 90627, changed=False
[2026-06-11 16:43:06] [DEBUG] [T:27280] [runner._check_one:487] [asst.log] 0e7b6a1b: pos 99275 → 99275, changed=False
[2026-06-11 16:43:06] [DEBUG] [T:27280] [runner._check_one:487] [asst.log] 4f9d5e58: pos 90627 → 90627, changed=False
[2026-06-11 16:43:08] [DEBUG] [T:27280] [runner._check_one:487] [asst.log] 0e7b6a1b: pos 99275 → 99275, changed=False
[2026-06-11 16:43:08] [DEBUG] [T:27280] [runner._check_one:487] [asst.log] 4f9d5e58: pos 90627 → 90627, changed=False
[2026-06-11 16:43:08] [DEBUG] [T:27280] [runner._check_one:487] [asst.log] 0e7b6a1b: pos 99275 → 99275, changed=False
[2026-06-11 16:43:08] [DEBUG] [T:27280] [runner._check_one:487] [asst.log] 4f9d5e58: pos 90627 → 90627, changed=False
[2026-06-11 16:43:10] [DEBUG] [T:27280] [runner._check_one:487] [asst.log] 0e7b6a1b: pos 99275 → 99275, changed=False
[2026-06-11 16:43:10] [DEBUG] [T:27280] [runner._check_one:487] [asst.log] 4f9d5e58: pos 90627 → 90627, changed=False
[2026-06-11 16:43:10] [DEBUG] [T:27280] [runner._check_one:487] [asst.log] 0e7b6a1b: pos 99275 → 99275, changed=False
[2026-06-11 16:43:10] [DEBUG] [T:27280] [runner._check_one:487] [asst.log] 4f9d5e58: pos 90627 → 90627, changed=False
[2026-06-11 16:43:12] [DEBUG] [T:27280] [runner._check_one:487] [asst.log] 0e7b6a1b: pos 99275 → 99275, changed=False
[2026-06-11 16:43:12] [DEBUG] [T:27280] [runner._check_one:487] [asst.log] 4f9d5e58: pos 90627 → 90627, changed=False
[2026-06-11 16:43:12] [DEBUG] [T:27280] [runner._check_one:487] [asst.log] 0e7b6a1b: pos 99275 → 99275, changed=False
[2026-06-11 16:43:12] [DEBUG] [T:27280] [runner._check_one:487] [asst.log] 4f9d5e58: pos 90627 → 90627, changed=False
[2026-06-11 16:43:14] [DEBUG] [T:27280] [runner._check_one:487] [asst.log] 0e7b6a1b: pos 99275 → 99275, changed=False
[2026-06-11 16:43:14] [DEBUG] [T:27280] [runner._check_one:487] [asst.log] 4f9d5e58: pos 90627 → 90627, changed=False
[2026-06-11 16:43:14] [DEBUG] [T:27280] [runner._check_one:487] [asst.log] 0e7b6a1b: pos 99275 → 99275, changed=False
[2026-06-11 16:43:14] [DEBUG] [T:27280] [runner._check_one:487] [asst.log] 4f9d5e58: pos 90627 → 90627, changed=False
[2026-06-11 16:43:16] [DEBUG] [T:27280] [runner._check_one:487] [asst.log] 0e7b6a1b: pos 99275 → 99275, changed=False
[2026-06-11 16:43:16] [DEBUG] [T:27280] [runner._check_one:487] [asst.log] 4f9d5e58: pos 90627 → 90627, changed=False
[2026-06-11 16:43:16] [DEBUG] [T:27280] [runner._check_one:487] [asst.log] 0e7b6a1b: pos 99275 → 99275, changed=False
[2026-06-11 16:43:16] [DEBUG] [T:27280] [runner._check_one:487] [asst.log] 4f9d5e58: pos 90627 → 90627, changed=False
[2026-06-11 16:43:18] [DEBUG] [T:27280] [runner._check_one:487] [asst.log] 0e7b6a1b: pos 99275 → 99275, changed=False
[2026-06-11 16:43:18] [DEBUG] [T:27280] [runner._check_one:487] [asst.log] 4f9d5e58: pos 90627 → 90627, changed=False
[2026-06-11 16:43:18] [DEBUG] [T:27280] [runner._check_one:487] [asst.log] 0e7b6a1b: pos 99275 → 99275, changed=False
[2026-06-11 16:43:18] [DEBUG] [T:27280] [runner._check_one:487] [asst.log] 4f9d5e58: pos 90627 → 90627, changed=False
[2026-06-11 16:43:20] [DEBUG] [T:27280] [runner._check_one:487] [asst.log] 0e7b6a1b: pos 99275 → 99275, changed=False
[2026-06-11 16:43:20] [DEBUG] [T:27280] [runner._check_one:487] [asst.log] 4f9d5e58: pos 90627 → 90627, changed=False
[2026-06-11 16:43:20] [DEBUG] [T:27280] [runner._check_one:487] [asst.log] 0e7b6a1b: pos 99275 → 99275, changed=False
[2026-06-11 16:43:20] [DEBUG] [T:27280] [runner._check_one:487] [asst.log] 4f9d5e58: pos 90627 → 90627, changed=False
[2026-06-11 16:43:22] [DEBUG] [T:27280] [runner._check_one:487] [asst.log] 0e7b6a1b: pos 99275 → 99275, changed=False
[2026-06-11 16:43:22] [DEBUG] [T:27280] [runner._check_one:487] [asst.log] 4f9d5e58: pos 90627 → 90627, changed=False
[2026-06-11 16:43:22] [DEBUG] [T:27280] [runner._check_one:487] [asst.log] 0e7b6a1b: pos 99275 → 99275, changed=False
[2026-06-11 16:43:22] [DEBUG] [T:27280] [runner._check_one:487] [asst.log] 4f9d5e58: pos 90627 → 90627, changed=False
[2026-06-11 16:43:24] [DEBUG] [T:27280] [runner._check_one:487] [asst.log] 0e7b6a1b: pos 99275 → 99275, changed=False
[2026-06-11 16:43:24] [DEBUG] [T:27280] [runner._check_one:487] [asst.log] 4f9d5e58: pos 90627 → 90627, changed=False
[2026-06-11 16:43:24] [DEBUG] [T:27280] [runner._check_one:487] [asst.log] 0e7b6a1b: pos 99275 → 99275, changed=False
[2026-06-11 16:43:24] [DEBUG] [T:27280] [runner._check_one:487] [asst.log] 4f9d5e58: pos 90627 → 90627, changed=False
[2026-06-11 16:43:26] [DEBUG] [T:27280] [runner._check_one:487] [asst.log] 0e7b6a1b: pos 99275 → 99275, changed=False
[2026-06-11 16:43:26] [DEBUG] [T:27280] [runner._check_one:487] [asst.log] 4f9d5e58: pos 90627 → 90627, changed=False
[2026-06-11 16:43:26] [DEBUG] [T:27280] [runner._check_one:487] [asst.log] 0e7b6a1b: pos 99275 → 99275, changed=False
[2026-06-11 16:43:26] [DEBUG] [T:27280] [runner._check_one:487] [asst.log] 4f9d5e58: pos 90627 → 90627, changed=False
[2026-06-11 16:43:28] [DEBUG] [T:27280] [runner._check_one:487] [asst.log] 0e7b6a1b: pos 99275 → 99275, changed=False
[2026-06-11 16:43:28] [DEBUG] [T:27280] [runner._check_one:487] [asst.log] 4f9d5e58: pos 90627 → 90627, changed=False
[2026-06-11 16:43:28] [DEBUG] [T:27280] [runner._check_one:487] [asst.log] 0e7b6a1b: pos 99275 → 99275, changed=False
[2026-06-11 16:43:28] [DEBUG] [T:27280] [runner._check_one:487] [asst.log] 4f9d5e58: pos 90627 → 90627, changed=False
[2026-06-11 16:43:30] [DEBUG] [T:27280] [runner._check_one:487] [asst.log] 0e7b6a1b: pos 99275 → 99275, changed=False
[2026-06-11 16:43:30] [DEBUG] [T:27280] [runner._check_one:487] [asst.log] 4f9d5e58: pos 90627 → 90627, changed=False
[2026-06-11 16:43:30] [DEBUG] [T:27280] [runner._check_one:487] [asst.log] 0e7b6a1b: pos 99275 → 99275, changed=False
[2026-06-11 16:43:30] [DEBUG] [T:27280] [runner._check_one:487] [asst.log] 4f9d5e58: pos 90627 → 90627, changed=False
[2026-06-11 16:43:30] [INFO ] [T:27280] [app._log:192] [状态] 运行中: 2/2 | 队列: 0 | 错误: 0
[2026-06-11 16:43:32] [DEBUG] [T:27280] [runner._check_one:487] [asst.log] 0e7b6a1b: pos 99275 → 99275, changed=False
[2026-06-11 16:43:32] [DEBUG] [T:27280] [runner._check_one:487] [asst.log] 4f9d5e58: pos 90627 → 90627, changed=False
[2026-06-11 16:43:32] [DEBUG] [T:27280] [runner._check_one:487] [asst.log] 0e7b6a1b: pos 99275 → 99275, changed=False
[2026-06-11 16:43:32] [DEBUG] [T:27280] [runner._check_one:487] [asst.log] 4f9d5e58: pos 90627 → 90627, changed=False
[2026-06-11 16:43:34] [DEBUG] [T:27280] [runner._check_one:487] [asst.log] 0e7b6a1b: pos 99275 → 99275, changed=False
[2026-06-11 16:43:34] [DEBUG] [T:27280] [runner._check_one:487] [asst.log] 4f9d5e58: pos 90627 → 90627, changed=False
[2026-06-11 16:43:34] [DEBUG] [T:27280] [runner._check_one:487] [asst.log] 0e7b6a1b: pos 99275 → 99275, changed=False
[2026-06-11 16:43:34] [DEBUG] [T:27280] [runner._check_one:487] [asst.log] 4f9d5e58: pos 90627 → 90627, changed=False
[2026-06-11 16:43:36] [DEBUG] [T:27280] [runner._check_one:487] [asst.log] 0e7b6a1b: pos 99275 → 99275, changed=False
[2026-06-11 16:43:36] [DEBUG] [T:27280] [runner._check_one:487] [asst.log] 4f9d5e58: pos 90627 → 90627, changed=False
[2026-06-11 16:43:36] [DEBUG] [T:27280] [runner._check_one:487] [asst.log] 0e7b6a1b: pos 99275 → 99275, changed=False
[2026-06-11 16:43:36] [DEBUG] [T:27280] [runner._check_one:487] [asst.log] 4f9d5e58: pos 90627 → 90627, changed=False
[2026-06-11 16:43:38] [DEBUG] [T:27280] [runner._check_one:487] [asst.log] 0e7b6a1b: pos 99275 → 99275, changed=False
[2026-06-11 16:43:38] [DEBUG] [T:27280] [runner._check_one:487] [asst.log] 4f9d5e58: pos 90627 → 90627, changed=False
[2026-06-11 16:43:38] [DEBUG] [T:27280] [runner._check_one:487] [asst.log] 0e7b6a1b: pos 99275 → 99275, changed=False
[2026-06-11 16:43:38] [DEBUG] [T:27280] [runner._check_one:487] [asst.log] 4f9d5e58: pos 90627 → 90627, changed=False
[2026-06-11 16:43:40] [DEBUG] [T:27280] [runner._check_one:487] [asst.log] 0e7b6a1b: pos 99275 → 99275, changed=False
[2026-06-11 16:43:40] [DEBUG] [T:27280] [runner._check_one:487] [asst.log] 4f9d5e58: pos 90627 → 90627, changed=False
[2026-06-11 16:43:40] [DEBUG] [T:27280] [runner._check_one:487] [asst.log] 0e7b6a1b: pos 99275 → 99275, changed=False
[2026-06-11 16:43:40] [DEBUG] [T:27280] [runner._check_one:487] [asst.log] 4f9d5e58: pos 90627 → 90627, changed=False
[2026-06-11 16:43:42] [DEBUG] [T:27280] [runner._check_one:487] [asst.log] 0e7b6a1b: pos 99275 → 99275, changed=False
[2026-06-11 16:43:42] [DEBUG] [T:27280] [runner._check_one:487] [asst.log] 4f9d5e58: pos 90627 → 90627, changed=False
[2026-06-11 16:43:42] [DEBUG] [T:27280] [runner._check_one:487] [asst.log] 0e7b6a1b: pos 99275 → 99275, changed=False
[2026-06-11 16:43:42] [DEBUG] [T:27280] [runner._check_one:487] [asst.log] 4f9d5e58: pos 90627 → 90627, changed=False
[2026-06-11 16:43:44] [DEBUG] [T:27280] [runner._check_one:487] [asst.log] 0e7b6a1b: pos 99275 → 99275, changed=False
[2026-06-11 16:43:44] [DEBUG] [T:27280] [runner._check_one:487] [asst.log] 4f9d5e58: pos 90627 → 90627, changed=False
[2026-06-11 16:43:44] [DEBUG] [T:27280] [runner._check_one:487] [asst.log] 0e7b6a1b: pos 99275 → 99275, changed=False
[2026-06-11 16:43:44] [DEBUG] [T:27280] [runner._check_one:487] [asst.log] 4f9d5e58: pos 90627 → 90627, changed=False
[2026-06-11 16:43:46] [DEBUG] [T:27280] [runner._check_one:487] [asst.log] 0e7b6a1b: pos 99275 → 99275, changed=False
[2026-06-11 16:43:46] [DEBUG] [T:27280] [runner._check_one:487] [asst.log] 4f9d5e58: pos 90627 → 90627, changed=False
[2026-06-11 16:43:46] [DEBUG] [T:27280] [runner._check_one:487] [asst.log] 0e7b6a1b: pos 99275 → 99275, changed=False
[2026-06-11 16:43:46] [DEBUG] [T:27280] [runner._check_one:487] [asst.log] 4f9d5e58: pos 90627 → 90627, changed=False
[2026-06-11 16:43:48] [DEBUG] [T:27280] [runner._check_one:487] [asst.log] 0e7b6a1b: pos 99275 → 99275, changed=False
[2026-06-11 16:43:48] [DEBUG] [T:27280] [runner._check_one:487] [asst.log] 4f9d5e58: pos 90627 → 90627, changed=False
[2026-06-11 16:43:48] [DEBUG] [T:27280] [runner._check_one:487] [asst.log] 0e7b6a1b: pos 99275 → 99275, changed=False
[2026-06-11 16:43:48] [DEBUG] [T:27280] [runner._check_one:487] [asst.log] 4f9d5e58: pos 90627 → 90627, changed=False
[2026-06-11 16:43:50] [DEBUG] [T:27280] [runner._check_one:487] [asst.log] 0e7b6a1b: pos 99275 → 99275, changed=False
[2026-06-11 16:43:50] [DEBUG] [T:27280] [runner._check_one:487] [asst.log] 4f9d5e58: pos 90627 → 90627, changed=False
[2026-06-11 16:43:50] [DEBUG] [T:27280] [runner._check_one:487] [asst.log] 0e7b6a1b: pos 99275 → 99275, changed=False
[2026-06-11 16:43:50] [DEBUG] [T:27280] [runner._check_one:487] [asst.log] 4f9d5e58: pos 90627 → 90627, changed=False
[2026-06-11 16:43:52] [DEBUG] [T:27280] [runner._check_one:487] [asst.log] 0e7b6a1b: pos 99275 → 99275, changed=False
[2026-06-11 16:43:52] [DEBUG] [T:27280] [runner._check_one:487] [asst.log] 4f9d5e58: pos 90627 → 90627, changed=False
[2026-06-11 16:43:52] [DEBUG] [T:27280] [runner._check_one:487] [asst.log] 0e7b6a1b: pos 99275 → 99275, changed=False
[2026-06-11 16:43:52] [DEBUG] [T:27280] [runner._check_one:487] [asst.log] 4f9d5e58: pos 90627 → 90627, changed=False
[2026-06-11 16:43:54] [DEBUG] [T:27280] [runner._check_one:487] [asst.log] 0e7b6a1b: pos 99275 → 99275, changed=False
[2026-06-11 16:43:54] [DEBUG] [T:27280] [runner._check_one:487] [asst.log] 4f9d5e58: pos 90627 → 90627, changed=False
[2026-06-11 16:43:54] [DEBUG] [T:27280] [runner._check_one:487] [asst.log] 0e7b6a1b: pos 99275 → 99275, changed=False
[2026-06-11 16:43:54] [DEBUG] [T:27280] [runner._check_one:487] [asst.log] 4f9d5e58: pos 90627 → 90627, changed=False
[2026-06-11 16:43:56] [DEBUG] [T:27280] [runner._check_one:487] [asst.log] 0e7b6a1b: pos 99275 → 99275, changed=False
[2026-06-11 16:43:56] [DEBUG] [T:27280] [runner._check_one:487] [asst.log] 4f9d5e58: pos 90627 → 90627, changed=False
[2026-06-11 16:43:56] [DEBUG] [T:27280] [runner._check_one:487] [asst.log] 0e7b6a1b: pos 99275 → 99275, changed=False
[2026-06-11 16:43:56] [DEBUG] [T:27280] [runner._check_one:487] [asst.log] 4f9d5e58: pos 90627 → 90627, changed=False
[2026-06-11 16:43:58] [DEBUG] [T:27280] [runner._check_one:487] [asst.log] 0e7b6a1b: pos 99275 → 99275, changed=False
[2026-06-11 16:43:58] [DEBUG] [T:27280] [runner._check_one:487] [asst.log] 4f9d5e58: pos 90627 → 90627, changed=False
[2026-06-11 16:43:58] [DEBUG] [T:27280] [runner._check_one:487] [asst.log] 0e7b6a1b: pos 99275 → 99275, changed=False
[2026-06-11 16:43:58] [DEBUG] [T:27280] [runner._check_one:487] [asst.log] 4f9d5e58: pos 90627 → 90627, changed=False
[2026-06-11 16:44:00] [DEBUG] [T:27280] [runner._check_one:487] [asst.log] 0e7b6a1b: pos 99275 → 99275, changed=False
[2026-06-11 16:44:00] [DEBUG] [T:27280] [runner._check_one:487] [asst.log] 4f9d5e58: pos 90627 → 90627, changed=False
[2026-06-11 16:44:00] [DEBUG] [T:27280] [runner._check_one:487] [asst.log] 0e7b6a1b: pos 99275 → 99275, changed=False
[2026-06-11 16:44:00] [DEBUG] [T:27280] [runner._check_one:487] [asst.log] 4f9d5e58: pos 90627 → 90627, changed=False
[2026-06-11 16:44:00] [INFO ] [T:27280] [app._log:192] [状态] 运行中: 2/2 | 队列: 0 | 错误: 0
[2026-06-11 16:44:02] [DEBUG] [T:27280] [runner._check_one:487] [asst.log] 0e7b6a1b: pos 99275 → 99275, changed=False
[2026-06-11 16:44:02] [DEBUG] [T:27280] [runner._check_one:487] [asst.log] 4f9d5e58: pos 90627 → 90627, changed=False
[2026-06-11 16:44:02] [DEBUG] [T:27280] [runner._check_one:487] [asst.log] 0e7b6a1b: pos 99275 → 99275, changed=False
[2026-06-11 16:44:02] [DEBUG] [T:27280] [runner._check_one:487] [asst.log] 4f9d5e58: pos 90627 → 90627, changed=False
[2026-06-11 16:44:04] [DEBUG] [T:27280] [runner._check_one:487] [asst.log] 0e7b6a1b: pos 99275 → 99275, changed=False
[2026-06-11 16:44:04] [DEBUG] [T:27280] [runner._check_one:487] [asst.log] 4f9d5e58: pos 90627 → 90627, changed=False
[2026-06-11 16:44:04] [DEBUG] [T:27280] [runner._check_one:487] [asst.log] 0e7b6a1b: pos 99275 → 99275, changed=False
[2026-06-11 16:44:04] [DEBUG] [T:27280] [runner._check_one:487] [asst.log] 4f9d5e58: pos 90627 → 90627, changed=False
[2026-06-11 16:44:06] [DEBUG] [T:27280] [runner._check_one:487] [asst.log] 0e7b6a1b: pos 99275 → 99275, changed=False
[2026-06-11 16:44:06] [DEBUG] [T:27280] [runner._check_one:487] [asst.log] 4f9d5e58: pos 90627 → 90627, changed=False
[2026-06-11 16:44:06] [DEBUG] [T:27280] [runner._check_one:487] [asst.log] 0e7b6a1b: pos 99275 → 99275, changed=False
[2026-06-11 16:44:06] [DEBUG] [T:27280] [runner._check_one:487] [asst.log] 4f9d5e58: pos 90627 → 90627, changed=False
[2026-06-11 16:44:08] [DEBUG] [T:27280] [runner._check_one:487] [asst.log] 0e7b6a1b: pos 99275 → 99275, changed=False
[2026-06-11 16:44:08] [DEBUG] [T:27280] [runner._check_one:487] [asst.log] 4f9d5e58: pos 90627 → 90627, changed=False
[2026-06-11 16:44:08] [DEBUG] [T:27280] [runner._check_one:487] [asst.log] 0e7b6a1b: pos 99275 → 99275, changed=False
[2026-06-11 16:44:08] [DEBUG] [T:27280] [runner._check_one:487] [asst.log] 4f9d5e58: pos 90627 → 90627, changed=False
[2026-06-11 16:44:10] [DEBUG] [T:27280] [runner._check_one:487] [asst.log] 0e7b6a1b: pos 99275 → 99275, changed=False
[2026-06-11 16:44:10] [DEBUG] [T:27280] [runner._check_one:487] [asst.log] 4f9d5e58: pos 90627 → 90627, changed=False
[2026-06-11 16:44:10] [DEBUG] [T:27280] [runner._check_one:487] [asst.log] 0e7b6a1b: pos 99275 → 99275, changed=False
[2026-06-11 16:44:10] [DEBUG] [T:27280] [runner._check_one:487] [asst.log] 4f9d5e58: pos 90627 → 90627, changed=False
[2026-06-11 16:44:12] [DEBUG] [T:27280] [runner._check_one:487] [asst.log] 0e7b6a1b: pos 99275 → 99275, changed=False
[2026-06-11 16:44:12] [DEBUG] [T:27280] [runner._check_one:487] [asst.log] 4f9d5e58: pos 90627 → 90627, changed=False
[2026-06-11 16:44:12] [DEBUG] [T:27280] [runner._check_one:487] [asst.log] 0e7b6a1b: pos 99275 → 99275, changed=False
[2026-06-11 16:44:12] [DEBUG] [T:27280] [runner._check_one:487] [asst.log] 4f9d5e58: pos 90627 → 90627, changed=False
[2026-06-11 16:44:14] [DEBUG] [T:27280] [runner._check_one:487] [asst.log] 0e7b6a1b: pos 99275 → 99275, changed=False
[2026-06-11 16:44:14] [DEBUG] [T:27280] [runner._check_one:487] [asst.log] 4f9d5e58: pos 90627 → 90627, changed=False
[2026-06-11 16:44:14] [DEBUG] [T:27280] [runner._check_one:487] [asst.log] 0e7b6a1b: pos 99275 → 99275, changed=False
[2026-06-11 16:44:14] [DEBUG] [T:27280] [runner._check_one:487] [asst.log] 4f9d5e58: pos 90627 → 90627, changed=False
[2026-06-11 16:44:16] [DEBUG] [T:27280] [runner._check_one:487] [asst.log] 0e7b6a1b: pos 99275 → 99275, changed=False
[2026-06-11 16:44:16] [DEBUG] [T:27280] [runner._check_one:487] [asst.log] 4f9d5e58: pos 90627 → 90627, changed=False
[2026-06-11 16:44:16] [DEBUG] [T:27280] [runner._check_one:487] [asst.log] 0e7b6a1b: pos 99275 → 99275, changed=False
[2026-06-11 16:44:16] [DEBUG] [T:27280] [runner._check_one:487] [asst.log] 4f9d5e58: pos 90627 → 90627, changed=False
[2026-06-11 16:44:18] [DEBUG] [T:27280] [runner._check_one:487] [asst.log] 0e7b6a1b: pos 99275 → 99275, changed=False
[2026-06-11 16:44:18] [DEBUG] [T:27280] [runner._check_one:487] [asst.log] 4f9d5e58: pos 90627 → 90627, changed=False
[2026-06-11 16:44:18] [DEBUG] [T:27280] [runner._check_one:487] [asst.log] 0e7b6a1b: pos 99275 → 99275, changed=False
[2026-06-11 16:44:18] [DEBUG] [T:27280] [runner._check_one:487] [asst.log] 4f9d5e58: pos 90627 → 90627, changed=False
[2026-06-11 16:44:20] [DEBUG] [T:27280] [runner._check_one:487] [asst.log] 0e7b6a1b: pos 99275 → 99275, changed=False
[2026-06-11 16:44:20] [DEBUG] [T:27280] [runner._check_one:487] [asst.log] 4f9d5e58: pos 90627 → 90627, changed=False
[2026-06-11 16:44:20] [DEBUG] [T:27280] [runner._check_one:487] [asst.log] 0e7b6a1b: pos 99275 → 99275, changed=False
[2026-06-11 16:44:20] [DEBUG] [T:27280] [runner._check_one:487] [asst.log] 4f9d5e58: pos 90627 → 90627, changed=False
[2026-06-11 16:44:22] [DEBUG] [T:27280] [runner._check_one:487] [asst.log] 0e7b6a1b: pos 99275 → 99275, changed=False
[2026-06-11 16:44:22] [DEBUG] [T:27280] [runner._check_one:487] [asst.log] 4f9d5e58: pos 90627 → 90627, changed=False
[2026-06-11 16:44:22] [DEBUG] [T:27280] [runner._check_one:487] [asst.log] 0e7b6a1b: pos 99275 → 99275, changed=False
[2026-06-11 16:44:22] [DEBUG] [T:27280] [runner._check_one:487] [asst.log] 4f9d5e58: pos 90627 → 90627, changed=False
[2026-06-11 16:44:24] [DEBUG] [T:27280] [runner._check_one:487] [asst.log] 0e7b6a1b: pos 99275 → 99275, changed=False
[2026-06-11 16:44:24] [DEBUG] [T:27280] [runner._check_one:487] [asst.log] 4f9d5e58: pos 90627 → 90627, changed=False
[2026-06-11 16:44:24] [DEBUG] [T:27280] [runner._check_one:487] [asst.log] 0e7b6a1b: pos 99275 → 99275, changed=False
[2026-06-11 16:44:24] [DEBUG] [T:27280] [runner._check_one:487] [asst.log] 4f9d5e58: pos 90627 → 90627, changed=False
[2026-06-11 16:44:26] [DEBUG] [T:27280] [runner._check_one:487] [asst.log] 0e7b6a1b: pos 99275 → 99275, changed=False
[2026-06-11 16:44:26] [DEBUG] [T:27280] [runner._check_one:487] [asst.log] 4f9d5e58: pos 90627 → 90627, changed=False
[2026-06-11 16:44:26] [DEBUG] [T:27280] [runner._check_one:487] [asst.log] 0e7b6a1b: pos 99275 → 99275, changed=False
[2026-06-11 16:44:26] [DEBUG] [T:27280] [runner._check_one:487] [asst.log] 4f9d5e58: pos 90627 → 90627, changed=False
[2026-06-11 16:44:28] [DEBUG] [T:27280] [runner._check_one:487] [asst.log] 0e7b6a1b: pos 99275 → 99275, changed=False
[2026-06-11 16:44:28] [DEBUG] [T:27280] [runner._check_one:487] [asst.log] 4f9d5e58: pos 90627 → 90627, changed=False
[2026-06-11 16:44:28] [DEBUG] [T:27280] [runner._check_one:487] [asst.log] 0e7b6a1b: pos 99275 → 99275, changed=False
[2026-06-11 16:44:28] [DEBUG] [T:27280] [runner._check_one:487] [asst.log] 4f9d5e58: pos 90627 → 90627, changed=False
[2026-06-11 16:44:30] [DEBUG] [T:27280] [runner._check_one:487] [asst.log] 0e7b6a1b: pos 99275 → 99275, changed=False
[2026-06-11 16:44:30] [DEBUG] [T:27280] [runner._check_one:487] [asst.log] 4f9d5e58: pos 90627 → 90627, changed=False
[2026-06-11 16:44:30] [DEBUG] [T:27280] [runner._check_one:487] [asst.log] 0e7b6a1b: pos 99275 → 99275, changed=False
[2026-06-11 16:44:30] [DEBUG] [T:27280] [runner._check_one:487] [asst.log] 4f9d5e58: pos 90627 → 90627, changed=False
[2026-06-11 16:44:30] [INFO ] [T:27280] [app._log:192] [状态] 运行中: 2/2 | 队列: 0 | 错误: 0
[2026-06-11 16:44:32] [DEBUG] [T:27280] [runner._check_one:487] [asst.log] 0e7b6a1b: pos 99275 → 99275, changed=False
[2026-06-11 16:44:32] [DEBUG] [T:27280] [runner._check_one:487] [asst.log] 4f9d5e58: pos 90627 → 90627, changed=False
[2026-06-11 16:44:32] [DEBUG] [T:27280] [runner._check_one:487] [asst.log] 0e7b6a1b: pos 99275 → 99275, changed=False
[2026-06-11 16:44:32] [DEBUG] [T:27280] [runner._check_one:487] [asst.log] 4f9d5e58: pos 90627 → 90627, changed=False
[2026-06-11 16:44:34] [DEBUG] [T:27280] [runner._check_one:487] [asst.log] 0e7b6a1b: pos 99275 → 99275, changed=False
[2026-06-11 16:44:34] [DEBUG] [T:27280] [runner._check_one:487] [asst.log] 4f9d5e58: pos 90627 → 90627, changed=False
[2026-06-11 16:44:34] [DEBUG] [T:27280] [runner._check_one:487] [asst.log] 0e7b6a1b: pos 99275 → 99275, changed=False
[2026-06-11 16:44:34] [DEBUG] [T:27280] [runner._check_one:487] [asst.log] 4f9d5e58: pos 90627 → 90627, changed=False
[2026-06-11 16:44:36] [DEBUG] [T:27280] [runner._check_one:487] [asst.log] 0e7b6a1b: pos 99275 → 99275, changed=False
[2026-06-11 16:44:36] [DEBUG] [T:27280] [runner._check_one:487] [asst.log] 4f9d5e58: pos 90627 → 90627, changed=False
[2026-06-11 16:44:36] [DEBUG] [T:27280] [runner._check_one:487] [asst.log] 0e7b6a1b: pos 99275 → 99275, changed=False
[2026-06-11 16:44:36] [DEBUG] [T:27280] [runner._check_one:487] [asst.log] 4f9d5e58: pos 90627 → 90627, changed=False
[2026-06-11 16:44:38] [DEBUG] [T:27280] [runner._check_one:487] [asst.log] 0e7b6a1b: pos 99275 → 99275, changed=False
[2026-06-11 16:44:38] [DEBUG] [T:27280] [runner._check_one:487] [asst.log] 4f9d5e58: pos 90627 → 90627, changed=False
[2026-06-11 16:44:38] [DEBUG] [T:27280] [runner._check_one:487] [asst.log] 0e7b6a1b: pos 99275 → 99275, changed=False
[2026-06-11 16:44:38] [DEBUG] [T:27280] [runner._check_one:487] [asst.log] 4f9d5e58: pos 90627 → 90627, changed=False
[2026-06-11 16:44:40] [DEBUG] [T:27280] [runner._check_one:487] [asst.log] 0e7b6a1b: pos 99275 → 99275, changed=False
[2026-06-11 16:44:40] [DEBUG] [T:27280] [runner._check_one:487] [asst.log] 4f9d5e58: pos 90627 → 90627, changed=False
[2026-06-11 16:44:40] [DEBUG] [T:27280] [runner._check_one:487] [asst.log] 0e7b6a1b: pos 99275 → 99275, changed=False
[2026-06-11 16:44:40] [DEBUG] [T:27280] [runner._check_one:487] [asst.log] 4f9d5e58: pos 90627 → 90627, changed=False
[2026-06-11 16:44:42] [DEBUG] [T:27280] [runner._check_one:487] [asst.log] 0e7b6a1b: pos 99275 → 99275, changed=False
[2026-06-11 16:44:42] [DEBUG] [T:27280] [runner._check_one:487] [asst.log] 4f9d5e58: pos 90627 → 90627, changed=False
[2026-06-11 16:44:42] [DEBUG] [T:27280] [runner._check_one:487] [asst.log] 0e7b6a1b: pos 99275 → 99275, changed=False
[2026-06-11 16:44:42] [DEBUG] [T:27280] [runner._check_one:487] [asst.log] 4f9d5e58: pos 90627 → 90627, changed=False
[2026-06-11 16:44:44] [DEBUG] [T:27280] [runner._check_one:487] [asst.log] 0e7b6a1b: pos 99275 → 99275, changed=False
[2026-06-11 16:44:44] [DEBUG] [T:27280] [runner._check_one:487] [asst.log] 4f9d5e58: pos 90627 → 90627, changed=False
[2026-06-11 16:44:44] [DEBUG] [T:27280] [runner._check_one:487] [asst.log] 0e7b6a1b: pos 99275 → 99275, changed=False
[2026-06-11 16:44:44] [DEBUG] [T:27280] [runner._check_one:487] [asst.log] 4f9d5e58: pos 90627 → 90627, changed=False
[2026-06-11 16:44:46] [DEBUG] [T:27280] [runner._check_one:487] [asst.log] 0e7b6a1b: pos 99275 → 99275, changed=False
[2026-06-11 16:44:46] [DEBUG] [T:27280] [runner._check_one:487] [asst.log] 4f9d5e58: pos 90627 → 90627, changed=False
[2026-06-11 16:44:46] [DEBUG] [T:27280] [runner._check_one:487] [asst.log] 0e7b6a1b: pos 99275 → 99275, changed=False
[2026-06-11 16:44:46] [DEBUG] [T:27280] [runner._check_one:487] [asst.log] 4f9d5e58: pos 90627 → 90627, changed=False
[2026-06-11 16:44:48] [DEBUG] [T:27280] [runner._check_one:487] [asst.log] 0e7b6a1b: pos 99275 → 99275, changed=False
[2026-06-11 16:44:48] [DEBUG] [T:27280] [runner._check_one:487] [asst.log] 4f9d5e58: pos 90627 → 90627, changed=False
[2026-06-11 16:44:48] [DEBUG] [T:27280] [runner._check_one:487] [asst.log] 0e7b6a1b: pos 99275 → 99275, changed=False
[2026-06-11 16:44:48] [DEBUG] [T:27280] [runner._check_one:487] [asst.log] 4f9d5e58: pos 90627 → 90627, changed=False
[2026-06-11 16:44:50] [DEBUG] [T:27280] [runner._check_one:487] [asst.log] 0e7b6a1b: pos 99275 → 99275, changed=False
[2026-06-11 16:44:50] [DEBUG] [T:27280] [runner._check_one:487] [asst.log] 4f9d5e58: pos 90627 → 90627, changed=False
[2026-06-11 16:44:50] [DEBUG] [T:27280] [runner._check_one:487] [asst.log] 0e7b6a1b: pos 99275 → 99275, changed=False
[2026-06-11 16:44:50] [DEBUG] [T:27280] [runner._check_one:487] [asst.log] 4f9d5e58: pos 90627 → 90627, changed=False
[2026-06-11 16:44:52] [DEBUG] [T:27280] [runner._check_one:487] [asst.log] 0e7b6a1b: pos 99275 → 99275, changed=False
[2026-06-11 16:44:52] [DEBUG] [T:27280] [runner._check_one:487] [asst.log] 4f9d5e58: pos 90627 → 90627, changed=False
[2026-06-11 16:44:52] [DEBUG] [T:27280] [runner._check_one:487] [asst.log] 0e7b6a1b: pos 99275 → 99275, changed=False
[2026-06-11 16:44:52] [DEBUG] [T:27280] [runner._check_one:487] [asst.log] 4f9d5e58: pos 90627 → 90627, changed=False
[2026-06-11 16:44:54] [DEBUG] [T:27280] [runner._check_one:487] [asst.log] 0e7b6a1b: pos 99275 → 99275, changed=False
[2026-06-11 16:44:54] [DEBUG] [T:27280] [runner._check_one:487] [asst.log] 4f9d5e58: pos 90627 → 90627, changed=False
[2026-06-11 16:44:54] [DEBUG] [T:27280] [runner._check_one:487] [asst.log] 0e7b6a1b: pos 99275 → 99275, changed=False
[2026-06-11 16:44:54] [DEBUG] [T:27280] [runner._check_one:487] [asst.log] 4f9d5e58: pos 90627 → 90627, changed=False
[2026-06-11 16:44:56] [DEBUG] [T:27280] [runner._check_one:487] [asst.log] 0e7b6a1b: pos 99275 → 99275, changed=False
[2026-06-11 16:44:56] [DEBUG] [T:27280] [runner._check_one:487] [asst.log] 4f9d5e58: pos 90627 → 90627, changed=False
[2026-06-11 16:44:56] [DEBUG] [T:27280] [runner._check_one:487] [asst.log] 0e7b6a1b: pos 99275 → 99275, changed=False
[2026-06-11 16:44:56] [DEBUG] [T:27280] [runner._check_one:487] [asst.log] 4f9d5e58: pos 90627 → 90627, changed=False
[2026-06-11 16:44:58] [DEBUG] [T:27280] [runner._check_one:487] [asst.log] 0e7b6a1b: pos 99275 → 99275, changed=False
[2026-06-11 16:44:58] [DEBUG] [T:27280] [runner._check_one:487] [asst.log] 4f9d5e58: pos 90627 → 90627, changed=False
[2026-06-11 16:44:58] [DEBUG] [T:27280] [runner._check_one:487] [asst.log] 0e7b6a1b: pos 99275 → 99275, changed=False
[2026-06-11 16:44:58] [DEBUG] [T:27280] [runner._check_one:487] [asst.log] 4f9d5e58: pos 90627 → 90627, changed=False
[2026-06-11 16:45:00] [DEBUG] [T:27280] [runner._check_one:487] [asst.log] 0e7b6a1b: pos 99275 → 99275, changed=False
[2026-06-11 16:45:00] [DEBUG] [T:27280] [runner._check_one:487] [asst.log] 4f9d5e58: pos 90627 → 90627, changed=False
[2026-06-11 16:45:00] [DEBUG] [T:27280] [runner._check_one:487] [asst.log] 0e7b6a1b: pos 99275 → 99275, changed=False
[2026-06-11 16:45:00] [DEBUG] [T:27280] [runner._check_one:487] [asst.log] 4f9d5e58: pos 90627 → 90627, changed=False
[2026-06-11 16:45:00] [INFO ] [T:27280] [app._log:192] [状态] 运行中: 2/2 | 队列: 0 | 错误: 0
[2026-06-11 16:45:02] [DEBUG] [T:27280] [runner._check_one:487] [asst.log] 0e7b6a1b: pos 99275 → 99275, changed=False
[2026-06-11 16:45:02] [DEBUG] [T:27280] [runner._check_one:487] [asst.log] 4f9d5e58: pos 90627 → 90627, changed=False
[2026-06-11 16:45:02] [DEBUG] [T:27280] [runner._check_one:487] [asst.log] 0e7b6a1b: pos 99275 → 99275, changed=False
[2026-06-11 16:45:02] [DEBUG] [T:27280] [runner._check_one:487] [asst.log] 4f9d5e58: pos 90627 → 90627, changed=False
[2026-06-11 16:45:04] [DEBUG] [T:27280] [runner._check_one:487] [asst.log] 0e7b6a1b: pos 99275 → 99275, changed=False
[2026-06-11 16:45:04] [DEBUG] [T:27280] [runner._check_one:487] [asst.log] 4f9d5e58: pos 90627 → 90627, changed=False
[2026-06-11 16:45:04] [DEBUG] [T:27280] [runner._check_one:487] [asst.log] 0e7b6a1b: pos 99275 → 99275, changed=False
[2026-06-11 16:45:04] [DEBUG] [T:27280] [runner._check_one:487] [asst.log] 4f9d5e58: pos 90627 → 90627, changed=False
[2026-06-11 16:45:06] [DEBUG] [T:27280] [runner._check_one:487] [asst.log] 0e7b6a1b: pos 99275 → 99275, changed=False
[2026-06-11 16:45:06] [DEBUG] [T:27280] [runner._check_one:487] [asst.log] 4f9d5e58: pos 90627 → 90627, changed=False
[2026-06-11 16:45:06] [DEBUG] [T:27280] [runner._check_one:487] [asst.log] 0e7b6a1b: pos 99275 → 99275, changed=False
[2026-06-11 16:45:06] [DEBUG] [T:27280] [runner._check_one:487] [asst.log] 4f9d5e58: pos 90627 → 90627, changed=False
[2026-06-11 16:45:08] [DEBUG] [T:27280] [runner._check_one:487] [asst.log] 0e7b6a1b: pos 99275 → 99275, changed=False
[2026-06-11 16:45:08] [DEBUG] [T:27280] [runner._check_one:487] [asst.log] 4f9d5e58: pos 90627 → 90627, changed=False
[2026-06-11 16:45:08] [DEBUG] [T:27280] [runner._check_one:487] [asst.log] 0e7b6a1b: pos 99275 → 99275, changed=False
[2026-06-11 16:45:08] [DEBUG] [T:27280] [runner._check_one:487] [asst.log] 4f9d5e58: pos 90627 → 90627, changed=False
[2026-06-11 16:45:10] [DEBUG] [T:27280] [runner._check_one:487] [asst.log] 0e7b6a1b: pos 99275 → 99275, changed=False
[2026-06-11 16:45:10] [DEBUG] [T:27280] [runner._check_one:487] [asst.log] 4f9d5e58: pos 90627 → 90627, changed=False
[2026-06-11 16:45:10] [DEBUG] [T:27280] [runner._check_one:487] [asst.log] 0e7b6a1b: pos 99275 → 99275, changed=False
[2026-06-11 16:45:10] [DEBUG] [T:27280] [runner._check_one:487] [asst.log] 4f9d5e58: pos 90627 → 90627, changed=False
[2026-06-11 16:45:12] [DEBUG] [T:27280] [runner._check_one:487] [asst.log] 0e7b6a1b: pos 99275 → 99275, changed=False
[2026-06-11 16:45:12] [DEBUG] [T:27280] [runner._check_one:487] [asst.log] 4f9d5e58: pos 90627 → 90627, changed=False
[2026-06-11 16:45:12] [DEBUG] [T:27280] [runner._check_one:487] [asst.log] 0e7b6a1b: pos 99275 → 99275, changed=False
[2026-06-11 16:45:12] [DEBUG] [T:27280] [runner._check_one:487] [asst.log] 4f9d5e58: pos 90627 → 90627, changed=False
[2026-06-11 16:45:14] [DEBUG] [T:27280] [runner._check_one:487] [asst.log] 0e7b6a1b: pos 99275 → 99275, changed=False
[2026-06-11 16:45:14] [DEBUG] [T:27280] [runner._check_one:487] [asst.log] 4f9d5e58: pos 90627 → 90627, changed=False
[2026-06-11 16:45:14] [DEBUG] [T:27280] [runner._check_one:487] [asst.log] 0e7b6a1b: pos 99275 → 99275, changed=False
[2026-06-11 16:45:14] [DEBUG] [T:27280] [runner._check_one:487] [asst.log] 4f9d5e58: pos 90627 → 90627, changed=False
[2026-06-11 16:45:16] [DEBUG] [T:27280] [runner._check_one:487] [asst.log] 0e7b6a1b: pos 99275 → 99275, changed=False
[2026-06-11 16:45:16] [DEBUG] [T:27280] [runner._check_one:487] [asst.log] 4f9d5e58: pos 90627 → 90627, changed=False
[2026-06-11 16:45:16] [DEBUG] [T:27280] [runner._check_one:487] [asst.log] 0e7b6a1b: pos 99275 → 99275, changed=False
[2026-06-11 16:45:16] [DEBUG] [T:27280] [runner._check_one:487] [asst.log] 4f9d5e58: pos 90627 → 90627, changed=False
[2026-06-11 16:45:18] [DEBUG] [T:27280] [runner._check_one:487] [asst.log] 0e7b6a1b: pos 99275 → 99275, changed=False
[2026-06-11 16:45:18] [DEBUG] [T:27280] [runner._check_one:487] [asst.log] 4f9d5e58: pos 90627 → 90627, changed=False
[2026-06-11 16:45:18] [DEBUG] [T:27280] [runner._check_one:487] [asst.log] 0e7b6a1b: pos 99275 → 99275, changed=False
[2026-06-11 16:45:18] [DEBUG] [T:27280] [runner._check_one:487] [asst.log] 4f9d5e58: pos 90627 → 90627, changed=False
[2026-06-11 16:45:20] [DEBUG] [T:27280] [runner._check_one:487] [asst.log] 0e7b6a1b: pos 99275 → 99275, changed=False
[2026-06-11 16:45:20] [DEBUG] [T:27280] [runner._check_one:487] [asst.log] 4f9d5e58: pos 90627 → 90627, changed=False
[2026-06-11 16:45:20] [DEBUG] [T:27280] [runner._check_one:487] [asst.log] 0e7b6a1b: pos 99275 → 99275, changed=False
[2026-06-11 16:45:20] [DEBUG] [T:27280] [runner._check_one:487] [asst.log] 4f9d5e58: pos 90627 → 90627, changed=False
[2026-06-11 16:45:22] [DEBUG] [T:27280] [runner._check_one:487] [asst.log] 0e7b6a1b: pos 99275 → 99275, changed=False
[2026-06-11 16:45:22] [DEBUG] [T:27280] [runner._check_one:487] [asst.log] 4f9d5e58: pos 90627 → 90627, changed=False
[2026-06-11 16:45:22] [DEBUG] [T:27280] [runner._check_one:487] [asst.log] 0e7b6a1b: pos 99275 → 99275, changed=False
[2026-06-11 16:45:22] [DEBUG] [T:27280] [runner._check_one:487] [asst.log] 4f9d5e58: pos 90627 → 90627, changed=False
[2026-06-11 16:45:24] [DEBUG] [T:27280] [runner._check_one:487] [asst.log] 0e7b6a1b: pos 99275 → 99275, changed=False
[2026-06-11 16:45:24] [DEBUG] [T:27280] [runner._check_one:487] [asst.log] 4f9d5e58: pos 90627 → 90627, changed=False
[2026-06-11 16:45:24] [DEBUG] [T:27280] [runner._check_one:487] [asst.log] 0e7b6a1b: pos 99275 → 99275, changed=False
[2026-06-11 16:45:24] [DEBUG] [T:27280] [runner._check_one:487] [asst.log] 4f9d5e58: pos 90627 → 90627, changed=False
[2026-06-11 16:45:26] [DEBUG] [T:27280] [runner._check_one:487] [asst.log] 0e7b6a1b: pos 99275 → 99275, changed=False
[2026-06-11 16:45:26] [DEBUG] [T:27280] [runner._check_one:487] [asst.log] 4f9d5e58: pos 90627 → 90627, changed=False
[2026-06-11 16:45:26] [DEBUG] [T:27280] [runner._check_one:487] [asst.log] 0e7b6a1b: pos 99275 → 99275, changed=False
[2026-06-11 16:45:26] [DEBUG] [T:27280] [runner._check_one:487] [asst.log] 4f9d5e58: pos 90627 → 90627, changed=False
[2026-06-11 16:45:28] [DEBUG] [T:27280] [runner._check_one:487] [asst.log] 0e7b6a1b: pos 99275 → 99275, changed=False
[2026-06-11 16:45:28] [DEBUG] [T:27280] [runner._check_one:487] [asst.log] 4f9d5e58: pos 90627 → 90627, changed=False
[2026-06-11 16:45:28] [DEBUG] [T:27280] [runner._check_one:487] [asst.log] 0e7b6a1b: pos 99275 → 99275, changed=False
[2026-06-11 16:45:28] [DEBUG] [T:27280] [runner._check_one:487] [asst.log] 4f9d5e58: pos 90627 → 90627, changed=False
[2026-06-11 16:45:30] [DEBUG] [T:27280] [runner._check_one:487] [asst.log] 0e7b6a1b: pos 99275 → 99275, changed=False
[2026-06-11 16:45:30] [DEBUG] [T:27280] [runner._check_one:487] [asst.log] 4f9d5e58: pos 90627 → 90627, changed=False
[2026-06-11 16:45:30] [DEBUG] [T:27280] [runner._check_one:487] [asst.log] 0e7b6a1b: pos 99275 → 99275, changed=False
[2026-06-11 16:45:30] [DEBUG] [T:27280] [runner._check_one:487] [asst.log] 4f9d5e58: pos 90627 → 90627, changed=False
[2026-06-11 16:45:30] [INFO ] [T:27280] [app._log:192] [状态] 运行中: 2/2 | 队列: 0 | 错误: 0
[2026-06-11 16:45:32] [DEBUG] [T:27280] [runner._check_one:487] [asst.log] 0e7b6a1b: pos 99275 → 99275, changed=False
[2026-06-11 16:45:32] [DEBUG] [T:27280] [runner._check_one:487] [asst.log] 4f9d5e58: pos 90627 → 90627, changed=False
[2026-06-11 16:45:32] [DEBUG] [T:27280] [runner._check_one:487] [asst.log] 0e7b6a1b: pos 99275 → 99275, changed=False
[2026-06-11 16:45:32] [DEBUG] [T:27280] [runner._check_one:487] [asst.log] 4f9d5e58: pos 90627 → 90627, changed=False
[2026-06-11 16:45:34] [DEBUG] [T:27280] [runner._check_one:487] [asst.log] 0e7b6a1b: pos 99275 → 99275, changed=False
[2026-06-11 16:45:34] [DEBUG] [T:27280] [runner._check_one:487] [asst.log] 4f9d5e58: pos 90627 → 90627, changed=False
[2026-06-11 16:45:34] [DEBUG] [T:27280] [runner._check_one:487] [asst.log] 0e7b6a1b: pos 99275 → 99275, changed=False
[2026-06-11 16:45:34] [DEBUG] [T:27280] [runner._check_one:487] [asst.log] 4f9d5e58: pos 90627 → 90627, changed=False
[2026-06-11 16:45:36] [DEBUG] [T:27280] [runner._check_one:487] [asst.log] 0e7b6a1b: pos 99275 → 99275, changed=False
[2026-06-11 16:45:36] [DEBUG] [T:27280] [runner._check_one:487] [asst.log] 4f9d5e58: pos 90627 → 90627, changed=False
[2026-06-11 16:45:36] [DEBUG] [T:27280] [runner._check_one:487] [asst.log] 0e7b6a1b: pos 99275 → 99275, changed=False
[2026-06-11 16:45:36] [DEBUG] [T:27280] [runner._check_one:487] [asst.log] 4f9d5e58: pos 90627 → 90627, changed=False
[2026-06-11 16:45:38] [DEBUG] [T:27280] [runner._check_one:487] [asst.log] 0e7b6a1b: pos 99275 → 99275, changed=False
[2026-06-11 16:45:38] [DEBUG] [T:27280] [runner._check_one:487] [asst.log] 4f9d5e58: pos 90627 → 90627, changed=False
[2026-06-11 16:45:38] [DEBUG] [T:27280] [runner._check_one:487] [asst.log] 0e7b6a1b: pos 99275 → 99275, changed=False
[2026-06-11 16:45:38] [DEBUG] [T:27280] [runner._check_one:487] [asst.log] 4f9d5e58: pos 90627 → 90627, changed=False
[2026-06-11 16:45:40] [DEBUG] [T:27280] [runner._check_one:487] [asst.log] 0e7b6a1b: pos 99275 → 99275, changed=False
[2026-06-11 16:45:40] [DEBUG] [T:27280] [runner._check_one:487] [asst.log] 4f9d5e58: pos 90627 → 90627, changed=False
[2026-06-11 16:45:40] [DEBUG] [T:27280] [runner._check_one:487] [asst.log] 0e7b6a1b: pos 99275 → 99275, changed=False
[2026-06-11 16:45:40] [DEBUG] [T:27280] [runner._check_one:487] [asst.log] 4f9d5e58: pos 90627 → 90627, changed=False
[2026-06-11 16:45:42] [DEBUG] [T:27280] [runner._check_one:487] [asst.log] 0e7b6a1b: pos 99275 → 99275, changed=False
[2026-06-11 16:45:42] [DEBUG] [T:27280] [runner._check_one:487] [asst.log] 4f9d5e58: pos 90627 → 90627, changed=False
[2026-06-11 16:45:42] [DEBUG] [T:27280] [runner._check_one:487] [asst.log] 0e7b6a1b: pos 99275 → 99275, changed=False
[2026-06-11 16:45:42] [DEBUG] [T:27280] [runner._check_one:487] [asst.log] 4f9d5e58: pos 90627 → 90627, changed=False
[2026-06-11 16:45:44] [DEBUG] [T:27280] [runner._check_one:487] [asst.log] 0e7b6a1b: pos 99275 → 99275, changed=False
[2026-06-11 16:45:44] [DEBUG] [T:27280] [runner._check_one:487] [asst.log] 4f9d5e58: pos 90627 → 90627, changed=False
[2026-06-11 16:45:44] [DEBUG] [T:27280] [runner._check_one:487] [asst.log] 0e7b6a1b: pos 99275 → 99275, changed=False
[2026-06-11 16:45:44] [DEBUG] [T:27280] [runner._check_one:487] [asst.log] 4f9d5e58: pos 90627 → 90627, changed=False
[2026-06-11 16:45:46] [DEBUG] [T:27280] [runner._check_one:487] [asst.log] 0e7b6a1b: pos 99275 → 99275, changed=False
[2026-06-11 16:45:46] [DEBUG] [T:27280] [runner._check_one:487] [asst.log] 4f9d5e58: pos 90627 → 90627, changed=False
[2026-06-11 16:45:46] [DEBUG] [T:27280] [runner._check_one:487] [asst.log] 0e7b6a1b: pos 99275 → 99275, changed=False
[2026-06-11 16:45:46] [DEBUG] [T:27280] [runner._check_one:487] [asst.log] 4f9d5e58: pos 90627 → 90627, changed=False
[2026-06-11 16:45:48] [DEBUG] [T:27280] [runner._check_one:487] [asst.log] 0e7b6a1b: pos 99275 → 99275, changed=False
[2026-06-11 16:45:48] [DEBUG] [T:27280] [runner._check_one:487] [asst.log] 4f9d5e58: pos 90627 → 90627, changed=False
[2026-06-11 16:45:48] [DEBUG] [T:27280] [runner._check_one:487] [asst.log] 0e7b6a1b: pos 99275 → 99275, changed=False
[2026-06-11 16:45:48] [DEBUG] [T:27280] [runner._check_one:487] [asst.log] 4f9d5e58: pos 90627 → 90627, changed=False
[2026-06-11 16:45:50] [DEBUG] [T:27280] [runner._check_one:487] [asst.log] 0e7b6a1b: pos 99275 → 99275, changed=False
[2026-06-11 16:45:50] [DEBUG] [T:27280] [runner._check_one:487] [asst.log] 4f9d5e58: pos 90627 → 90627, changed=False
[2026-06-11 16:45:50] [DEBUG] [T:27280] [runner._check_one:487] [asst.log] 0e7b6a1b: pos 99275 → 99275, changed=False
[2026-06-11 16:45:50] [DEBUG] [T:27280] [runner._check_one:487] [asst.log] 4f9d5e58: pos 90627 → 90627, changed=False
[2026-06-11 16:45:52] [DEBUG] [T:27280] [runner._check_one:487] [asst.log] 0e7b6a1b: pos 99275 → 99275, changed=False
[2026-06-11 16:45:52] [DEBUG] [T:27280] [runner._check_one:487] [asst.log] 4f9d5e58: pos 90627 → 90627, changed=False
[2026-06-11 16:45:52] [DEBUG] [T:27280] [runner._check_one:487] [asst.log] 0e7b6a1b: pos 99275 → 99275, changed=False
[2026-06-11 16:45:52] [DEBUG] [T:27280] [runner._check_one:487] [asst.log] 4f9d5e58: pos 90627 → 90627, changed=False
[2026-06-11 16:45:54] [DEBUG] [T:27280] [runner._check_one:487] [asst.log] 0e7b6a1b: pos 99275 → 99275, changed=False
[2026-06-11 16:45:54] [DEBUG] [T:27280] [runner._check_one:487] [asst.log] 4f9d5e58: pos 90627 → 90627, changed=False
[2026-06-11 16:45:54] [DEBUG] [T:27280] [runner._check_one:487] [asst.log] 0e7b6a1b: pos 99275 → 99275, changed=False
[2026-06-11 16:45:54] [DEBUG] [T:27280] [runner._check_one:487] [asst.log] 4f9d5e58: pos 90627 → 90627, changed=False
[2026-06-11 16:45:56] [DEBUG] [T:27280] [runner._check_one:487] [asst.log] 0e7b6a1b: pos 99275 → 99275, changed=False
[2026-06-11 16:45:56] [DEBUG] [T:27280] [runner._check_one:487] [asst.log] 4f9d5e58: pos 90627 → 90627, changed=False
[2026-06-11 16:45:56] [DEBUG] [T:27280] [runner._check_one:487] [asst.log] 0e7b6a1b: pos 99275 → 99275, changed=False
[2026-06-11 16:45:56] [DEBUG] [T:27280] [runner._check_one:487] [asst.log] 4f9d5e58: pos 90627 → 90627, changed=False
[2026-06-11 16:45:58] [DEBUG] [T:27280] [runner._check_one:487] [asst.log] 0e7b6a1b: pos 99275 → 99275, changed=False
[2026-06-11 16:45:58] [DEBUG] [T:27280] [runner._check_one:487] [asst.log] 4f9d5e58: pos 90627 → 90627, changed=False
[2026-06-11 16:45:58] [DEBUG] [T:27280] [runner._check_one:487] [asst.log] 0e7b6a1b: pos 99275 → 99275, changed=False
[2026-06-11 16:45:58] [DEBUG] [T:27280] [runner._check_one:487] [asst.log] 4f9d5e58: pos 90627 → 90627, changed=False
[2026-06-11 16:46:00] [DEBUG] [T:27280] [runner._check_one:487] [asst.log] 0e7b6a1b: pos 99275 → 99275, changed=False
[2026-06-11 16:46:00] [DEBUG] [T:27280] [runner._check_one:487] [asst.log] 4f9d5e58: pos 90627 → 90627, changed=False
[2026-06-11 16:46:00] [DEBUG] [T:27280] [runner._check_one:487] [asst.log] 0e7b6a1b: pos 99275 → 99275, changed=False
[2026-06-11 16:46:00] [DEBUG] [T:27280] [runner._check_one:487] [asst.log] 4f9d5e58: pos 90627 → 90627, changed=False
[2026-06-11 16:46:00] [INFO ] [T:27280] [app._log:192] [状态] 运行中: 2/2 | 队列: 0 | 错误: 0
[2026-06-11 16:46:02] [DEBUG] [T:27280] [runner._check_one:487] [asst.log] 0e7b6a1b: pos 99275 → 99275, changed=False
[2026-06-11 16:46:02] [DEBUG] [T:27280] [runner._check_one:487] [asst.log] 4f9d5e58: pos 90627 → 90627, changed=False
[2026-06-11 16:46:02] [DEBUG] [T:27280] [runner._check_one:487] [asst.log] 0e7b6a1b: pos 99275 → 99275, changed=False
[2026-06-11 16:46:02] [DEBUG] [T:27280] [runner._check_one:487] [asst.log] 4f9d5e58: pos 90627 → 90627, changed=False
[2026-06-11 16:46:04] [DEBUG] [T:27280] [runner._check_one:487] [asst.log] 0e7b6a1b: pos 99275 → 99275, changed=False
[2026-06-11 16:46:04] [DEBUG] [T:27280] [runner._check_one:487] [asst.log] 4f9d5e58: pos 90627 → 90627, changed=False
[2026-06-11 16:46:04] [DEBUG] [T:27280] [runner._check_one:487] [asst.log] 0e7b6a1b: pos 99275 → 99275, changed=False
[2026-06-11 16:46:04] [DEBUG] [T:27280] [runner._check_one:487] [asst.log] 4f9d5e58: pos 90627 → 90627, changed=False
[2026-06-11 16:46:06] [DEBUG] [T:27280] [runner._check_one:487] [asst.log] 0e7b6a1b: pos 99275 → 99275, changed=False
[2026-06-11 16:46:06] [DEBUG] [T:27280] [runner._check_one:487] [asst.log] 4f9d5e58: pos 90627 → 90627, changed=False
[2026-06-11 16:46:06] [DEBUG] [T:27280] [runner._check_one:487] [asst.log] 0e7b6a1b: pos 99275 → 99275, changed=False
[2026-06-11 16:46:06] [DEBUG] [T:27280] [runner._check_one:487] [asst.log] 4f9d5e58: pos 90627 → 90627, changed=False
[2026-06-11 16:46:08] [DEBUG] [T:27280] [runner._check_one:487] [asst.log] 0e7b6a1b: pos 99275 → 99275, changed=False
[2026-06-11 16:46:08] [DEBUG] [T:27280] [runner._check_one:487] [asst.log] 4f9d5e58: pos 90627 → 90627, changed=False
[2026-06-11 16:46:08] [DEBUG] [T:27280] [runner._check_one:487] [asst.log] 0e7b6a1b: pos 99275 → 99275, changed=False
[2026-06-11 16:46:08] [DEBUG] [T:27280] [runner._check_one:487] [asst.log] 4f9d5e58: pos 90627 → 90627, changed=False
[2026-06-11 16:46:10] [DEBUG] [T:27280] [runner._check_one:487] [asst.log] 0e7b6a1b: pos 99275 → 99275, changed=False
[2026-06-11 16:46:10] [DEBUG] [T:27280] [runner._check_one:487] [asst.log] 4f9d5e58: pos 90627 → 90627, changed=False
[2026-06-11 16:46:10] [DEBUG] [T:27280] [runner._check_one:487] [asst.log] 0e7b6a1b: pos 99275 → 99275, changed=False
[2026-06-11 16:46:10] [DEBUG] [T:27280] [runner._check_one:487] [asst.log] 4f9d5e58: pos 90627 → 90627, changed=False
[2026-06-11 16:46:12] [DEBUG] [T:27280] [runner._check_one:487] [asst.log] 0e7b6a1b: pos 99275 → 99275, changed=False
[2026-06-11 16:46:12] [DEBUG] [T:27280] [runner._check_one:487] [asst.log] 4f9d5e58: pos 90627 → 90627, changed=False
[2026-06-11 16:46:12] [DEBUG] [T:27280] [runner._check_one:487] [asst.log] 0e7b6a1b: pos 99275 → 99275, changed=False
[2026-06-11 16:46:12] [DEBUG] [T:27280] [runner._check_one:487] [asst.log] 4f9d5e58: pos 90627 → 90627, changed=False
[2026-06-11 16:46:14] [DEBUG] [T:27280] [runner._check_one:487] [asst.log] 0e7b6a1b: pos 99275 → 99275, changed=False
[2026-06-11 16:46:14] [DEBUG] [T:27280] [runner._check_one:487] [asst.log] 4f9d5e58: pos 90627 → 90627, changed=False
[2026-06-11 16:46:14] [DEBUG] [T:27280] [runner._check_one:487] [asst.log] 0e7b6a1b: pos 99275 → 99275, changed=False
[2026-06-11 16:46:14] [DEBUG] [T:27280] [runner._check_one:487] [asst.log] 4f9d5e58: pos 90627 → 90627, changed=False
[2026-06-11 16:46:16] [DEBUG] [T:27280] [runner._check_one:487] [asst.log] 0e7b6a1b: pos 99275 → 99275, changed=False
[2026-06-11 16:46:16] [DEBUG] [T:27280] [runner._check_one:487] [asst.log] 4f9d5e58: pos 90627 → 90627, changed=False
[2026-06-11 16:46:16] [DEBUG] [T:27280] [runner._check_one:487] [asst.log] 0e7b6a1b: pos 99275 → 99275, changed=False
[2026-06-11 16:46:16] [DEBUG] [T:27280] [runner._check_one:487] [asst.log] 4f9d5e58: pos 90627 → 90627, changed=False
[2026-06-11 16:46:18] [DEBUG] [T:27280] [runner._check_one:487] [asst.log] 0e7b6a1b: pos 99275 → 99275, changed=False
[2026-06-11 16:46:18] [DEBUG] [T:27280] [runner._check_one:487] [asst.log] 4f9d5e58: pos 90627 → 90627, changed=False
[2026-06-11 16:46:18] [DEBUG] [T:27280] [runner._check_one:487] [asst.log] 0e7b6a1b: pos 99275 → 99275, changed=False
[2026-06-11 16:46:18] [DEBUG] [T:27280] [runner._check_one:487] [asst.log] 4f9d5e58: pos 90627 → 90627, changed=False
[2026-06-11 16:46:20] [DEBUG] [T:27280] [runner._check_one:487] [asst.log] 0e7b6a1b: pos 99275 → 99275, changed=False
[2026-06-11 16:46:20] [DEBUG] [T:27280] [runner._check_one:487] [asst.log] 4f9d5e58: pos 90627 → 90627, changed=False
[2026-06-11 16:46:20] [DEBUG] [T:27280] [runner._check_one:487] [asst.log] 0e7b6a1b: pos 99275 → 99275, changed=False
[2026-06-11 16:46:20] [DEBUG] [T:27280] [runner._check_one:487] [asst.log] 4f9d5e58: pos 90627 → 90627, changed=False
[2026-06-11 16:46:22] [DEBUG] [T:27280] [runner._check_one:487] [asst.log] 0e7b6a1b: pos 99275 → 99275, changed=False
[2026-06-11 16:46:22] [DEBUG] [T:27280] [runner._check_one:487] [asst.log] 4f9d5e58: pos 90627 → 90627, changed=False
[2026-06-11 16:46:22] [DEBUG] [T:27280] [runner._check_one:487] [asst.log] 0e7b6a1b: pos 99275 → 99275, changed=False
[2026-06-11 16:46:22] [DEBUG] [T:27280] [runner._check_one:487] [asst.log] 4f9d5e58: pos 90627 → 90627, changed=False
[2026-06-11 16:46:24] [DEBUG] [T:27280] [runner._check_one:487] [asst.log] 0e7b6a1b: pos 99275 → 99275, changed=False
[2026-06-11 16:46:24] [DEBUG] [T:27280] [runner._check_one:487] [asst.log] 4f9d5e58: pos 90627 → 90627, changed=False
[2026-06-11 16:46:24] [DEBUG] [T:27280] [runner._check_one:487] [asst.log] 0e7b6a1b: pos 99275 → 99275, changed=False
[2026-06-11 16:46:24] [DEBUG] [T:27280] [runner._check_one:487] [asst.log] 4f9d5e58: pos 90627 → 90627, changed=False
[2026-06-11 16:46:26] [DEBUG] [T:27280] [runner._check_one:487] [asst.log] 0e7b6a1b: pos 99275 → 99275, changed=False
[2026-06-11 16:46:26] [DEBUG] [T:27280] [runner._check_one:487] [asst.log] 4f9d5e58: pos 90627 → 90627, changed=False
[2026-06-11 16:46:26] [DEBUG] [T:27280] [runner._check_one:487] [asst.log] 0e7b6a1b: pos 99275 → 99275, changed=False
[2026-06-11 16:46:26] [DEBUG] [T:27280] [runner._check_one:487] [asst.log] 4f9d5e58: pos 90627 → 90627, changed=False
[2026-06-11 16:46:28] [DEBUG] [T:27280] [runner._check_one:487] [asst.log] 0e7b6a1b: pos 99275 → 99275, changed=False
[2026-06-11 16:46:28] [DEBUG] [T:27280] [runner._check_one:487] [asst.log] 4f9d5e58: pos 90627 → 90627, changed=False
[2026-06-11 16:46:28] [DEBUG] [T:27280] [runner._check_one:487] [asst.log] 0e7b6a1b: pos 99275 → 99275, changed=False
[2026-06-11 16:46:28] [DEBUG] [T:27280] [runner._check_one:487] [asst.log] 4f9d5e58: pos 90627 → 90627, changed=False
[2026-06-11 16:46:30] [DEBUG] [T:27280] [runner._check_one:487] [asst.log] 0e7b6a1b: pos 99275 → 99275, changed=False
[2026-06-11 16:46:30] [DEBUG] [T:27280] [runner._check_one:487] [asst.log] 4f9d5e58: pos 90627 → 90627, changed=False
[2026-06-11 16:46:30] [DEBUG] [T:27280] [runner._check_one:487] [asst.log] 0e7b6a1b: pos 99275 → 99275, changed=False
[2026-06-11 16:46:30] [DEBUG] [T:27280] [runner._check_one:487] [asst.log] 4f9d5e58: pos 90627 → 90627, changed=False
[2026-06-11 16:46:30] [INFO ] [T:27280] [app._log:192] [状态] 运行中: 2/2 | 队列: 0 | 错误: 0
[2026-06-11 16:46:32] [DEBUG] [T:27280] [runner._check_one:487] [asst.log] 0e7b6a1b: pos 99275 → 99275, changed=False
[2026-06-11 16:46:32] [DEBUG] [T:27280] [runner._check_one:487] [asst.log] 4f9d5e58: pos 90627 → 90627, changed=False
[2026-06-11 16:46:32] [DEBUG] [T:27280] [runner._check_one:487] [asst.log] 0e7b6a1b: pos 99275 → 99275, changed=False
[2026-06-11 16:46:32] [DEBUG] [T:27280] [runner._check_one:487] [asst.log] 4f9d5e58: pos 90627 → 90627, changed=False
[2026-06-11 16:46:34] [DEBUG] [T:27280] [runner._check_one:487] [asst.log] 0e7b6a1b: pos 99275 → 99275, changed=False
[2026-06-11 16:46:34] [DEBUG] [T:27280] [runner._check_one:487] [asst.log] 4f9d5e58: pos 90627 → 90627, changed=False
[2026-06-11 16:46:34] [DEBUG] [T:27280] [runner._check_one:487] [asst.log] 0e7b6a1b: pos 99275 → 99275, changed=False
[2026-06-11 16:46:34] [DEBUG] [T:27280] [runner._check_one:487] [asst.log] 4f9d5e58: pos 90627 → 90627, changed=False
[2026-06-11 16:46:36] [DEBUG] [T:27280] [runner._check_one:487] [asst.log] 0e7b6a1b: pos 99275 → 99275, changed=False
[2026-06-11 16:46:36] [DEBUG] [T:27280] [runner._check_one:487] [asst.log] 4f9d5e58: pos 90627 → 90627, changed=False
[2026-06-11 16:46:36] [DEBUG] [T:27280] [runner._check_one:487] [asst.log] 0e7b6a1b: pos 99275 → 99275, changed=False
[2026-06-11 16:46:36] [DEBUG] [T:27280] [runner._check_one:487] [asst.log] 4f9d5e58: pos 90627 → 90627, changed=False
[2026-06-11 16:46:38] [DEBUG] [T:27280] [runner._check_one:487] [asst.log] 0e7b6a1b: pos 99275 → 99275, changed=False
[2026-06-11 16:46:38] [DEBUG] [T:27280] [runner._check_one:487] [asst.log] 4f9d5e58: pos 90627 → 90627, changed=False
[2026-06-11 16:46:38] [DEBUG] [T:27280] [runner._check_one:487] [asst.log] 0e7b6a1b: pos 99275 → 99275, changed=False
[2026-06-11 16:46:38] [DEBUG] [T:27280] [runner._check_one:487] [asst.log] 4f9d5e58: pos 90627 → 90627, changed=False
[2026-06-11 16:46:40] [DEBUG] [T:27280] [runner._check_one:487] [asst.log] 0e7b6a1b: pos 99275 → 99275, changed=False
[2026-06-11 16:46:40] [DEBUG] [T:27280] [runner._check_one:487] [asst.log] 4f9d5e58: pos 90627 → 90627, changed=False
[2026-06-11 16:46:40] [DEBUG] [T:27280] [runner._check_one:487] [asst.log] 0e7b6a1b: pos 99275 → 99275, changed=False
[2026-06-11 16:46:40] [DEBUG] [T:27280] [runner._check_one:487] [asst.log] 4f9d5e58: pos 90627 → 90627, changed=False
[2026-06-11 16:46:42] [DEBUG] [T:27280] [runner._check_one:487] [asst.log] 0e7b6a1b: pos 99275 → 99275, changed=False
[2026-06-11 16:46:42] [DEBUG] [T:27280] [runner._check_one:487] [asst.log] 4f9d5e58: pos 90627 → 90627, changed=False
[2026-06-11 16:46:42] [DEBUG] [T:27280] [runner._check_one:487] [asst.log] 0e7b6a1b: pos 99275 → 99275, changed=False
[2026-06-11 16:46:42] [DEBUG] [T:27280] [runner._check_one:487] [asst.log] 4f9d5e58: pos 90627 → 90627, changed=False
[2026-06-11 16:46:44] [DEBUG] [T:27280] [runner._check_one:487] [asst.log] 0e7b6a1b: pos 99275 → 99275, changed=False
[2026-06-11 16:46:44] [DEBUG] [T:27280] [runner._check_one:487] [asst.log] 4f9d5e58: pos 90627 → 90627, changed=False
[2026-06-11 16:46:44] [DEBUG] [T:27280] [runner._check_one:487] [asst.log] 0e7b6a1b: pos 99275 → 99275, changed=False
[2026-06-11 16:46:44] [DEBUG] [T:27280] [runner._check_one:487] [asst.log] 4f9d5e58: pos 90627 → 90627, changed=False
[2026-06-11 16:46:46] [DEBUG] [T:27280] [runner._check_one:487] [asst.log] 0e7b6a1b: pos 99275 → 99275, changed=False
[2026-06-11 16:46:46] [DEBUG] [T:27280] [runner._check_one:487] [asst.log] 4f9d5e58: pos 90627 → 90627, changed=False
[2026-06-11 16:46:46] [DEBUG] [T:27280] [runner._check_one:487] [asst.log] 0e7b6a1b: pos 99275 → 99275, changed=False
[2026-06-11 16:46:46] [DEBUG] [T:27280] [runner._check_one:487] [asst.log] 4f9d5e58: pos 90627 → 90627, changed=False
[2026-06-11 16:46:48] [DEBUG] [T:27280] [runner._check_one:487] [asst.log] 0e7b6a1b: pos 99275 → 99275, changed=False
[2026-06-11 16:46:48] [DEBUG] [T:27280] [runner._check_one:487] [asst.log] 4f9d5e58: pos 90627 → 90627, changed=False
[2026-06-11 16:46:48] [DEBUG] [T:27280] [runner._check_one:487] [asst.log] 0e7b6a1b: pos 99275 → 99275, changed=False
[2026-06-11 16:46:48] [DEBUG] [T:27280] [runner._check_one:487] [asst.log] 4f9d5e58: pos 90627 → 90627, changed=False
[2026-06-11 16:46:50] [DEBUG] [T:27280] [runner._check_one:487] [asst.log] 0e7b6a1b: pos 99275 → 99275, changed=False
[2026-06-11 16:46:50] [DEBUG] [T:27280] [runner._check_one:487] [asst.log] 4f9d5e58: pos 90627 → 90627, changed=False
[2026-06-11 16:46:50] [DEBUG] [T:27280] [runner._check_one:487] [asst.log] 0e7b6a1b: pos 99275 → 99275, changed=False
[2026-06-11 16:46:50] [DEBUG] [T:27280] [runner._check_one:487] [asst.log] 4f9d5e58: pos 90627 → 90627, changed=False
[2026-06-11 16:46:52] [DEBUG] [T:27280] [runner._check_one:487] [asst.log] 0e7b6a1b: pos 99275 → 99275, changed=False
[2026-06-11 16:46:52] [DEBUG] [T:27280] [runner._check_one:487] [asst.log] 4f9d5e58: pos 90627 → 90627, changed=False
[2026-06-11 16:46:52] [DEBUG] [T:27280] [runner._check_one:487] [asst.log] 0e7b6a1b: pos 99275 → 99275, changed=False
[2026-06-11 16:46:52] [DEBUG] [T:27280] [runner._check_one:487] [asst.log] 4f9d5e58: pos 90627 → 90627, changed=False
[2026-06-11 16:46:54] [DEBUG] [T:27280] [runner._check_one:487] [asst.log] 0e7b6a1b: pos 99275 → 99275, changed=False
[2026-06-11 16:46:54] [DEBUG] [T:27280] [runner._check_one:487] [asst.log] 4f9d5e58: pos 90627 → 90627, changed=False
[2026-06-11 16:46:54] [DEBUG] [T:27280] [runner._check_one:487] [asst.log] 0e7b6a1b: pos 99275 → 99275, changed=False
[2026-06-11 16:46:54] [DEBUG] [T:27280] [runner._check_one:487] [asst.log] 4f9d5e58: pos 90627 → 90627, changed=False
[2026-06-11 16:46:56] [DEBUG] [T:27280] [runner._check_one:487] [asst.log] 0e7b6a1b: pos 99275 → 99275, changed=False
[2026-06-11 16:46:56] [DEBUG] [T:27280] [runner._check_one:487] [asst.log] 4f9d5e58: pos 90627 → 90627, changed=False
[2026-06-11 16:46:56] [DEBUG] [T:27280] [runner._check_one:487] [asst.log] 0e7b6a1b: pos 99275 → 99275, changed=False
[2026-06-11 16:46:56] [DEBUG] [T:27280] [runner._check_one:487] [asst.log] 4f9d5e58: pos 90627 → 90627, changed=False
[2026-06-11 16:46:58] [DEBUG] [T:27280] [runner._check_one:487] [asst.log] 0e7b6a1b: pos 99275 → 99275, changed=False
[2026-06-11 16:46:58] [DEBUG] [T:27280] [runner._check_one:487] [asst.log] 4f9d5e58: pos 90627 → 90627, changed=False
[2026-06-11 16:46:58] [DEBUG] [T:27280] [runner._check_one:487] [asst.log] 0e7b6a1b: pos 99275 → 99275, changed=False
[2026-06-11 16:46:58] [DEBUG] [T:27280] [runner._check_one:487] [asst.log] 4f9d5e58: pos 90627 → 90627, changed=False
[2026-06-11 16:47:00] [DEBUG] [T:27280] [runner._check_one:487] [asst.log] 0e7b6a1b: pos 99275 → 99275, changed=False
[2026-06-11 16:47:00] [DEBUG] [T:27280] [runner._check_one:487] [asst.log] 4f9d5e58: pos 90627 → 90627, changed=False
[2026-06-11 16:47:00] [DEBUG] [T:27280] [runner._check_one:487] [asst.log] 0e7b6a1b: pos 99275 → 99275, changed=False
[2026-06-11 16:47:00] [DEBUG] [T:27280] [runner._check_one:487] [asst.log] 4f9d5e58: pos 90627 → 90627, changed=False
[2026-06-11 16:47:00] [INFO ] [T:27280] [app._log:192] [状态] 运行中: 2/2 | 队列: 0 | 错误: 0
[2026-06-11 16:47:02] [DEBUG] [T:27280] [runner._check_one:487] [asst.log] 0e7b6a1b: pos 99275 → 99275, changed=False
[2026-06-11 16:47:02] [DEBUG] [T:27280] [runner._check_one:487] [asst.log] 4f9d5e58: pos 90627 → 90627, changed=False
[2026-06-11 16:47:02] [DEBUG] [T:27280] [runner._check_one:487] [asst.log] 0e7b6a1b: pos 99275 → 99275, changed=False
[2026-06-11 16:47:02] [DEBUG] [T:27280] [runner._check_one:487] [asst.log] 4f9d5e58: pos 90627 → 90627, changed=False
[2026-06-11 16:47:04] [DEBUG] [T:27280] [runner._check_one:487] [asst.log] 0e7b6a1b: pos 99275 → 99275, changed=False
[2026-06-11 16:47:04] [DEBUG] [T:27280] [runner._check_one:487] [asst.log] 4f9d5e58: pos 90627 → 90627, changed=False
[2026-06-11 16:47:04] [DEBUG] [T:27280] [runner._check_one:487] [asst.log] 0e7b6a1b: pos 99275 → 99275, changed=False
[2026-06-11 16:47:04] [DEBUG] [T:27280] [runner._check_one:487] [asst.log] 4f9d5e58: pos 90627 → 90627, changed=False
[2026-06-11 16:47:06] [DEBUG] [T:27280] [runner._check_one:487] [asst.log] 0e7b6a1b: pos 99275 → 99275, changed=False
[2026-06-11 16:47:06] [DEBUG] [T:27280] [runner._check_one:487] [asst.log] 4f9d5e58: pos 90627 → 90627, changed=False
[2026-06-11 16:47:06] [DEBUG] [T:27280] [runner._check_one:487] [asst.log] 0e7b6a1b: pos 99275 → 99275, changed=False
[2026-06-11 16:47:06] [DEBUG] [T:27280] [runner._check_one:487] [asst.log] 4f9d5e58: pos 90627 → 90627, changed=False
[2026-06-11 16:47:08] [DEBUG] [T:27280] [runner._check_one:487] [asst.log] 0e7b6a1b: pos 99275 → 99275, changed=False
[2026-06-11 16:47:08] [DEBUG] [T:27280] [runner._check_one:487] [asst.log] 4f9d5e58: pos 90627 → 90627, changed=False
[2026-06-11 16:47:08] [DEBUG] [T:27280] [runner._check_one:487] [asst.log] 0e7b6a1b: pos 99275 → 99275, changed=False
[2026-06-11 16:47:08] [DEBUG] [T:27280] [runner._check_one:487] [asst.log] 4f9d5e58: pos 90627 → 90627, changed=False
[2026-06-11 16:47:10] [DEBUG] [T:27280] [runner._check_one:487] [asst.log] 0e7b6a1b: pos 99275 → 99275, changed=False
[2026-06-11 16:47:10] [DEBUG] [T:27280] [runner._check_one:487] [asst.log] 4f9d5e58: pos 90627 → 90627, changed=False
[2026-06-11 16:47:10] [DEBUG] [T:27280] [runner._check_one:487] [asst.log] 0e7b6a1b: pos 99275 → 99275, changed=False
[2026-06-11 16:47:10] [DEBUG] [T:27280] [runner._check_one:487] [asst.log] 4f9d5e58: pos 90627 → 90627, changed=False
[2026-06-11 16:47:12] [DEBUG] [T:27280] [runner._check_one:487] [asst.log] 0e7b6a1b: pos 99275 → 99275, changed=False
[2026-06-11 16:47:12] [DEBUG] [T:27280] [runner._check_one:487] [asst.log] 4f9d5e58: pos 90627 → 90627, changed=False
[2026-06-11 16:47:12] [DEBUG] [T:27280] [runner._check_one:487] [asst.log] 0e7b6a1b: pos 99275 → 99275, changed=False
[2026-06-11 16:47:12] [DEBUG] [T:27280] [runner._check_one:487] [asst.log] 4f9d5e58: pos 90627 → 90627, changed=False
[2026-06-11 16:47:14] [DEBUG] [T:27280] [runner._check_one:487] [asst.log] 0e7b6a1b: pos 99275 → 99275, changed=False
[2026-06-11 16:47:14] [DEBUG] [T:27280] [runner._check_one:487] [asst.log] 4f9d5e58: pos 90627 → 90627, changed=False
[2026-06-11 16:47:14] [DEBUG] [T:27280] [runner._check_one:487] [asst.log] 0e7b6a1b: pos 99275 → 99275, changed=False
[2026-06-11 16:47:14] [DEBUG] [T:27280] [runner._check_one:487] [asst.log] 4f9d5e58: pos 90627 → 90627, changed=False
[2026-06-11 16:47:16] [DEBUG] [T:27280] [runner._check_one:487] [asst.log] 0e7b6a1b: pos 99275 → 99275, changed=False
[2026-06-11 16:47:16] [DEBUG] [T:27280] [runner._check_one:487] [asst.log] 4f9d5e58: pos 90627 → 90627, changed=False
[2026-06-11 16:47:16] [DEBUG] [T:27280] [runner._check_one:487] [asst.log] 0e7b6a1b: pos 99275 → 99275, changed=False
[2026-06-11 16:47:16] [DEBUG] [T:27280] [runner._check_one:487] [asst.log] 4f9d5e58: pos 90627 → 90627, changed=False
[2026-06-11 16:47:18] [DEBUG] [T:27280] [runner._check_one:487] [asst.log] 0e7b6a1b: pos 99275 → 99275, changed=False
[2026-06-11 16:47:18] [DEBUG] [T:27280] [runner._check_one:487] [asst.log] 4f9d5e58: pos 90627 → 90627, changed=False
[2026-06-11 16:47:18] [DEBUG] [T:27280] [runner._check_one:487] [asst.log] 0e7b6a1b: pos 99275 → 99275, changed=False
[2026-06-11 16:47:18] [DEBUG] [T:27280] [runner._check_one:487] [asst.log] 4f9d5e58: pos 90627 → 90627, changed=False
[2026-06-11 16:47:20] [DEBUG] [T:27280] [runner._check_one:487] [asst.log] 0e7b6a1b: pos 99275 → 99275, changed=False
[2026-06-11 16:47:20] [DEBUG] [T:27280] [runner._check_one:487] [asst.log] 4f9d5e58: pos 90627 → 90627, changed=False
[2026-06-11 16:47:20] [DEBUG] [T:27280] [runner._check_one:487] [asst.log] 0e7b6a1b: pos 99275 → 99275, changed=False
[2026-06-11 16:47:20] [DEBUG] [T:27280] [runner._check_one:487] [asst.log] 4f9d5e58: pos 90627 → 90627, changed=False
[2026-06-11 16:47:22] [DEBUG] [T:27280] [runner._check_one:487] [asst.log] 0e7b6a1b: pos 99275 → 99275, changed=False
[2026-06-11 16:47:22] [DEBUG] [T:27280] [runner._check_one:487] [asst.log] 4f9d5e58: pos 90627 → 90627, changed=False
[2026-06-11 16:47:22] [DEBUG] [T:27280] [runner._check_one:487] [asst.log] 0e7b6a1b: pos 99275 → 99275, changed=False
[2026-06-11 16:47:22] [DEBUG] [T:27280] [runner._check_one:487] [asst.log] 4f9d5e58: pos 90627 → 90627, changed=False
[2026-06-11 16:47:24] [DEBUG] [T:27280] [runner._check_one:487] [asst.log] 0e7b6a1b: pos 99275 → 99275, changed=False
[2026-06-11 16:47:24] [DEBUG] [T:27280] [runner._check_one:487] [asst.log] 4f9d5e58: pos 90627 → 90627, changed=False
[2026-06-11 16:47:24] [DEBUG] [T:27280] [runner._check_one:487] [asst.log] 0e7b6a1b: pos 99275 → 99275, changed=False
[2026-06-11 16:47:24] [DEBUG] [T:27280] [runner._check_one:487] [asst.log] 4f9d5e58: pos 90627 → 90627, changed=False
[2026-06-11 16:47:26] [DEBUG] [T:27280] [runner._check_one:487] [asst.log] 0e7b6a1b: pos 99275 → 99275, changed=False
[2026-06-11 16:47:26] [DEBUG] [T:27280] [runner._check_one:487] [asst.log] 4f9d5e58: pos 90627 → 90627, changed=False
[2026-06-11 16:47:26] [DEBUG] [T:27280] [runner._check_one:487] [asst.log] 0e7b6a1b: pos 99275 → 99275, changed=False
[2026-06-11 16:47:26] [DEBUG] [T:27280] [runner._check_one:487] [asst.log] 4f9d5e58: pos 90627 → 90627, changed=False
[2026-06-11 16:47:28] [DEBUG] [T:27280] [runner._check_one:487] [asst.log] 0e7b6a1b: pos 99275 → 99275, changed=False
[2026-06-11 16:47:28] [DEBUG] [T:27280] [runner._check_one:487] [asst.log] 4f9d5e58: pos 90627 → 90627, changed=False
[2026-06-11 16:47:28] [DEBUG] [T:27280] [runner._check_one:487] [asst.log] 0e7b6a1b: pos 99275 → 99275, changed=False
[2026-06-11 16:47:28] [DEBUG] [T:27280] [runner._check_one:487] [asst.log] 4f9d5e58: pos 90627 → 90627, changed=False
[2026-06-11 16:47:30] [DEBUG] [T:27280] [runner._check_one:487] [asst.log] 0e7b6a1b: pos 99275 → 99275, changed=False
[2026-06-11 16:47:30] [DEBUG] [T:27280] [runner._check_one:487] [asst.log] 4f9d5e58: pos 90627 → 90627, changed=False
[2026-06-11 16:47:30] [DEBUG] [T:27280] [runner._check_one:487] [asst.log] 0e7b6a1b: pos 99275 → 99275, changed=False
[2026-06-11 16:47:30] [DEBUG] [T:27280] [runner._check_one:487] [asst.log] 4f9d5e58: pos 90627 → 90627, changed=False
[2026-06-11 16:47:30] [INFO ] [T:27280] [app._log:192] [状态] 运行中: 2/2 | 队列: 0 | 错误: 0
[2026-06-11 16:47:32] [DEBUG] [T:27280] [runner._check_one:487] [asst.log] 0e7b6a1b: pos 99275 → 99275, changed=False
[2026-06-11 16:47:32] [DEBUG] [T:27280] [runner._check_one:487] [asst.log] 4f9d5e58: pos 90627 → 90627, changed=False
[2026-06-11 16:47:32] [DEBUG] [T:27280] [runner._check_one:487] [asst.log] 0e7b6a1b: pos 99275 → 99275, changed=False
[2026-06-11 16:47:32] [DEBUG] [T:27280] [runner._check_one:487] [asst.log] 4f9d5e58: pos 90627 → 90627, changed=False
[2026-06-11 16:47:34] [DEBUG] [T:27280] [runner._check_one:487] [asst.log] 0e7b6a1b: pos 99275 → 99275, changed=False
[2026-06-11 16:47:34] [DEBUG] [T:27280] [runner._check_one:487] [asst.log] 4f9d5e58: pos 90627 → 90627, changed=False
[2026-06-11 16:47:34] [DEBUG] [T:27280] [runner._check_one:487] [asst.log] 0e7b6a1b: pos 99275 → 99275, changed=False
[2026-06-11 16:47:34] [DEBUG] [T:27280] [runner._check_one:487] [asst.log] 4f9d5e58: pos 90627 → 90627, changed=False
[2026-06-11 16:47:36] [DEBUG] [T:27280] [runner._check_one:487] [asst.log] 0e7b6a1b: pos 99275 → 99275, changed=False
[2026-06-11 16:47:36] [DEBUG] [T:27280] [runner._check_one:487] [asst.log] 4f9d5e58: pos 90627 → 90627, changed=False
[2026-06-11 16:47:36] [DEBUG] [T:27280] [runner._check_one:487] [asst.log] 0e7b6a1b: pos 99275 → 99275, changed=False
[2026-06-11 16:47:36] [DEBUG] [T:27280] [runner._check_one:487] [asst.log] 4f9d5e58: pos 90627 → 90627, changed=False
[2026-06-11 16:47:38] [DEBUG] [T:27280] [runner._check_one:487] [asst.log] 0e7b6a1b: pos 99275 → 99275, changed=False
[2026-06-11 16:47:38] [DEBUG] [T:27280] [runner._check_one:487] [asst.log] 4f9d5e58: pos 90627 → 90627, changed=False
[2026-06-11 16:47:38] [DEBUG] [T:27280] [runner._check_one:487] [asst.log] 0e7b6a1b: pos 99275 → 99275, changed=False
[2026-06-11 16:47:38] [DEBUG] [T:27280] [runner._check_one:487] [asst.log] 4f9d5e58: pos 90627 → 90627, changed=False
[2026-06-11 16:47:40] [DEBUG] [T:27280] [runner._check_one:487] [asst.log] 0e7b6a1b: pos 99275 → 99275, changed=False
[2026-06-11 16:47:40] [DEBUG] [T:27280] [runner._check_one:487] [asst.log] 4f9d5e58: pos 90627 → 90627, changed=False
[2026-06-11 16:47:40] [DEBUG] [T:27280] [runner._check_one:487] [asst.log] 0e7b6a1b: pos 99275 → 99275, changed=False
[2026-06-11 16:47:40] [DEBUG] [T:27280] [runner._check_one:487] [asst.log] 4f9d5e58: pos 90627 → 90627, changed=False
[2026-06-11 16:47:42] [DEBUG] [T:27280] [runner._check_one:487] [asst.log] 0e7b6a1b: pos 99275 → 99275, changed=False
[2026-06-11 16:47:42] [DEBUG] [T:27280] [runner._check_one:487] [asst.log] 4f9d5e58: pos 90627 → 90627, changed=False
[2026-06-11 16:47:42] [DEBUG] [T:27280] [runner._check_one:487] [asst.log] 0e7b6a1b: pos 99275 → 99275, changed=False
[2026-06-11 16:47:42] [DEBUG] [T:27280] [runner._check_one:487] [asst.log] 4f9d5e58: pos 90627 → 90627, changed=False
[2026-06-11 16:47:44] [DEBUG] [T:27280] [runner._check_one:487] [asst.log] 0e7b6a1b: pos 99275 → 99275, changed=False
[2026-06-11 16:47:44] [DEBUG] [T:27280] [runner._check_one:487] [asst.log] 4f9d5e58: pos 90627 → 90627, changed=False
[2026-06-11 16:47:44] [DEBUG] [T:27280] [runner._check_one:487] [asst.log] 0e7b6a1b: pos 99275 → 99275, changed=False
[2026-06-11 16:47:44] [DEBUG] [T:27280] [runner._check_one:487] [asst.log] 4f9d5e58: pos 90627 → 90627, changed=False
[2026-06-11 16:47:46] [DEBUG] [T:27280] [runner._check_one:487] [asst.log] 0e7b6a1b: pos 99275 → 99275, changed=False
[2026-06-11 16:47:46] [DEBUG] [T:27280] [runner._check_one:487] [asst.log] 4f9d5e58: pos 90627 → 90627, changed=False
[2026-06-11 16:47:46] [DEBUG] [T:27280] [runner._check_one:487] [asst.log] 0e7b6a1b: pos 99275 → 99275, changed=False
[2026-06-11 16:47:46] [DEBUG] [T:27280] [runner._check_one:487] [asst.log] 4f9d5e58: pos 90627 → 90627, changed=False
[2026-06-11 16:47:48] [DEBUG] [T:27280] [runner._check_one:487] [asst.log] 0e7b6a1b: pos 99275 → 99275, changed=False
[2026-06-11 16:47:48] [DEBUG] [T:27280] [runner._check_one:487] [asst.log] 4f9d5e58: pos 90627 → 90627, changed=False
[2026-06-11 16:47:48] [DEBUG] [T:27280] [runner._check_one:487] [asst.log] 0e7b6a1b: pos 99275 → 99275, changed=False
[2026-06-11 16:47:48] [DEBUG] [T:27280] [runner._check_one:487] [asst.log] 4f9d5e58: pos 90627 → 90627, changed=False
[2026-06-11 16:47:50] [DEBUG] [T:27280] [runner._check_one:487] [asst.log] 0e7b6a1b: pos 99275 → 99275, changed=False
[2026-06-11 16:47:50] [DEBUG] [T:27280] [runner._check_one:487] [asst.log] 4f9d5e58: pos 90627 → 90627, changed=False
[2026-06-11 16:47:50] [DEBUG] [T:27280] [runner._check_one:487] [asst.log] 0e7b6a1b: pos 99275 → 99275, changed=False
[2026-06-11 16:47:50] [DEBUG] [T:27280] [runner._check_one:487] [asst.log] 4f9d5e58: pos 90627 → 90627, changed=False
[2026-06-11 16:47:52] [DEBUG] [T:27280] [runner._check_one:487] [asst.log] 0e7b6a1b: pos 99275 → 99275, changed=False
[2026-06-11 16:47:52] [DEBUG] [T:27280] [runner._check_one:487] [asst.log] 4f9d5e58: pos 90627 → 90627, changed=False
[2026-06-11 16:47:52] [DEBUG] [T:27280] [runner._check_one:487] [asst.log] 0e7b6a1b: pos 99275 → 99275, changed=False
[2026-06-11 16:47:52] [DEBUG] [T:27280] [runner._check_one:487] [asst.log] 4f9d5e58: pos 90627 → 90627, changed=False
[2026-06-11 16:47:54] [DEBUG] [T:27280] [runner._check_one:487] [asst.log] 0e7b6a1b: pos 99275 → 99275, changed=False
[2026-06-11 16:47:54] [DEBUG] [T:27280] [runner._check_one:487] [asst.log] 4f9d5e58: pos 90627 → 90627, changed=False
[2026-06-11 16:47:54] [DEBUG] [T:27280] [runner._check_one:487] [asst.log] 0e7b6a1b: pos 99275 → 99275, changed=False
[2026-06-11 16:47:54] [DEBUG] [T:27280] [runner._check_one:487] [asst.log] 4f9d5e58: pos 90627 → 90627, changed=False
[2026-06-11 16:47:56] [DEBUG] [T:27280] [runner._check_one:487] [asst.log] 0e7b6a1b: pos 99275 → 99275, changed=False
[2026-06-11 16:47:56] [DEBUG] [T:27280] [runner._check_one:487] [asst.log] 4f9d5e58: pos 90627 → 90627, changed=False
[2026-06-11 16:47:56] [DEBUG] [T:27280] [runner._check_one:487] [asst.log] 0e7b6a1b: pos 99275 → 99275, changed=False
[2026-06-11 16:47:56] [DEBUG] [T:27280] [runner._check_one:487] [asst.log] 4f9d5e58: pos 90627 → 90627, changed=False
[2026-06-11 16:47:58] [DEBUG] [T:27280] [runner._check_one:487] [asst.log] 0e7b6a1b: pos 99275 → 99275, changed=False
[2026-06-11 16:47:58] [DEBUG] [T:27280] [runner._check_one:487] [asst.log] 4f9d5e58: pos 90627 → 90627, changed=False
[2026-06-11 16:47:58] [DEBUG] [T:27280] [runner._check_one:487] [asst.log] 0e7b6a1b: pos 99275 → 99275, changed=False
[2026-06-11 16:47:58] [DEBUG] [T:27280] [runner._check_one:487] [asst.log] 4f9d5e58: pos 90627 → 90627, changed=False
[2026-06-11 16:48:00] [DEBUG] [T:27280] [runner._check_one:487] [asst.log] 0e7b6a1b: pos 99275 → 99275, changed=False
[2026-06-11 16:48:00] [DEBUG] [T:27280] [runner._check_one:487] [asst.log] 4f9d5e58: pos 90627 → 90627, changed=False
[2026-06-11 16:48:00] [DEBUG] [T:27280] [runner._check_one:487] [asst.log] 0e7b6a1b: pos 99275 → 99275, changed=False
[2026-06-11 16:48:00] [DEBUG] [T:27280] [runner._check_one:487] [asst.log] 4f9d5e58: pos 90627 → 90627, changed=False
[2026-06-11 16:48:00] [INFO ] [T:27280] [app._log:192] [状态] 运行中: 2/2 | 队列: 0 | 错误: 0
[2026-06-11 16:48:02] [DEBUG] [T:27280] [runner._check_one:487] [asst.log] 0e7b6a1b: pos 99275 → 99275, changed=False
[2026-06-11 16:48:02] [DEBUG] [T:27280] [runner._check_one:487] [asst.log] 4f9d5e58: pos 90627 → 90627, changed=False
[2026-06-11 16:48:02] [DEBUG] [T:27280] [runner._check_one:487] [asst.log] 0e7b6a1b: pos 99275 → 99275, changed=False
[2026-06-11 16:48:02] [DEBUG] [T:27280] [runner._check_one:487] [asst.log] 4f9d5e58: pos 90627 → 90627, changed=False
[2026-06-11 16:48:04] [DEBUG] [T:27280] [runner._check_one:487] [asst.log] 0e7b6a1b: pos 99275 → 99275, changed=False
[2026-06-11 16:48:04] [DEBUG] [T:27280] [runner._check_one:487] [asst.log] 4f9d5e58: pos 90627 → 90627, changed=False
[2026-06-11 16:48:04] [DEBUG] [T:27280] [runner._check_one:487] [asst.log] 0e7b6a1b: pos 99275 → 99275, changed=False
[2026-06-11 16:48:04] [DEBUG] [T:27280] [runner._check_one:487] [asst.log] 4f9d5e58: pos 90627 → 90627, changed=False
[2026-06-11 16:48:06] [DEBUG] [T:27280] [runner._check_one:487] [asst.log] 0e7b6a1b: pos 99275 → 99275, changed=False
[2026-06-11 16:48:06] [DEBUG] [T:27280] [runner._check_one:487] [asst.log] 4f9d5e58: pos 90627 → 90627, changed=False
[2026-06-11 16:48:06] [DEBUG] [T:27280] [runner._check_one:487] [asst.log] 0e7b6a1b: pos 99275 → 99275, changed=False
[2026-06-11 16:48:06] [DEBUG] [T:27280] [runner._check_one:487] [asst.log] 4f9d5e58: pos 90627 → 90627, changed=False
[2026-06-11 16:48:08] [DEBUG] [T:27280] [runner._check_one:487] [asst.log] 0e7b6a1b: pos 99275 → 99275, changed=False
[2026-06-11 16:48:08] [DEBUG] [T:27280] [runner._check_one:487] [asst.log] 4f9d5e58: pos 90627 → 90627, changed=False
[2026-06-11 16:48:08] [DEBUG] [T:27280] [runner._check_one:487] [asst.log] 0e7b6a1b: pos 99275 → 99275, changed=False
[2026-06-11 16:48:08] [DEBUG] [T:27280] [runner._check_one:487] [asst.log] 4f9d5e58: pos 90627 → 90627, changed=False
[2026-06-11 16:48:10] [DEBUG] [T:27280] [runner._check_one:487] [asst.log] 0e7b6a1b: pos 99275 → 99275, changed=False
[2026-06-11 16:48:10] [DEBUG] [T:27280] [runner._check_one:487] [asst.log] 4f9d5e58: pos 90627 → 90627, changed=False
[2026-06-11 16:48:10] [DEBUG] [T:27280] [runner._check_one:487] [asst.log] 0e7b6a1b: pos 99275 → 99275, changed=False
[2026-06-11 16:48:10] [DEBUG] [T:27280] [runner._check_one:487] [asst.log] 4f9d5e58: pos 90627 → 90627, changed=False
[2026-06-11 16:48:12] [DEBUG] [T:27280] [runner._check_one:487] [asst.log] 0e7b6a1b: pos 99275 → 99275, changed=False
[2026-06-11 16:48:12] [DEBUG] [T:27280] [runner._check_one:487] [asst.log] 4f9d5e58: pos 90627 → 90627, changed=False
[2026-06-11 16:48:12] [DEBUG] [T:27280] [runner._check_one:487] [asst.log] 0e7b6a1b: pos 99275 → 99275, changed=False
[2026-06-11 16:48:12] [DEBUG] [T:27280] [runner._check_one:487] [asst.log] 4f9d5e58: pos 90627 → 90627, changed=False
[2026-06-11 16:48:14] [DEBUG] [T:27280] [runner._check_one:487] [asst.log] 0e7b6a1b: pos 99275 → 99275, changed=False
[2026-06-11 16:48:14] [DEBUG] [T:27280] [runner._check_one:487] [asst.log] 4f9d5e58: pos 90627 → 90627, changed=False
[2026-06-11 16:48:14] [DEBUG] [T:27280] [runner._check_one:487] [asst.log] 0e7b6a1b: pos 99275 → 99275, changed=False
[2026-06-11 16:48:14] [DEBUG] [T:27280] [runner._check_one:487] [asst.log] 4f9d5e58: pos 90627 → 90627, changed=False
